MACCS_0,MACCS_1,MACCS_2,MACCS_3,MACCS_4,MACCS_5,MACCS_6,MACCS_7,MACCS_8,MACCS_9,MACCS_10,MACCS_11,MACCS_12,MACCS_13,MACCS_14,MACCS_15,MACCS_16,MACCS_17,MACCS_18,MACCS_19,MACCS_20,MACCS_21,MACCS_22,MACCS_23,MACCS_24,MACCS_25,MACCS_26,MACCS_27,MACCS_28,MACCS_29,MACCS_30,MACCS_31,MACCS_32,MACCS_33,MACCS_34,MACCS_35,MACCS_36,MACCS_37,MACCS_38,MACCS_39,MACCS_40,MACCS_41,MACCS_42,MACCS_43,MACCS_44,MACCS_45,MACCS_46,MACCS_47,MACCS_48,MACCS_49,MACCS_50,MACCS_51,MACCS_52,MACCS_53,MACCS_54,MACCS_55,MACCS_56,MACCS_57,MACCS_58,MACCS_59,MACCS_60,MACCS_61,MACCS_62,MACCS_63,MACCS_64,MACCS_65,MACCS_66,MACCS_67,MACCS_68,MACCS_69,MACCS_70,MACCS_71,MACCS_72,MACCS_73,MACCS_74,MACCS_75,MACCS_76,MACCS_77,MACCS_78,MACCS_79,MACCS_80,MACCS_81,MACCS_82,MACCS_83,MACCS_84,MACCS_85,MACCS_86,MACCS_87,MACCS_88,MACCS_89,MACCS_90,MACCS_91,MACCS_92,MACCS_93,MACCS_94,MACCS_95,MACCS_96,MACCS_97,MACCS_98,MACCS_99,MACCS_100,MACCS_101,MACCS_102,MACCS_103,MACCS_104,MACCS_105,MACCS_106,MACCS_107,MACCS_108,MACCS_109,MACCS_110,MACCS_111,MACCS_112,MACCS_113,MACCS_114,MACCS_115,MACCS_116,MACCS_117,MACCS_118,MACCS_119,MACCS_120,MACCS_121,MACCS_122,MACCS_123,MACCS_124,MACCS_125,MACCS_126,MACCS_127,MACCS_128,MACCS_129,MACCS_130,MACCS_131,MACCS_132,MACCS_133,MACCS_134,MACCS_135,MACCS_136,MACCS_137,MACCS_138,MACCS_139,MACCS_140,MACCS_141,MACCS_142,MACCS_143,MACCS_144,MACCS_145,MACCS_146,MACCS_147,MACCS_148,MACCS_149,MACCS_150,MACCS_151,MACCS_152,MACCS_153,MACCS_154,MACCS_155,MACCS_156,MACCS_157,MACCS_158,MACCS_159,MACCS_160,MACCS_161,MACCS_162,MACCS_163,MACCS_164,MACCS_165,MACCS_166,pIC50
0,0,0,0,0,0,0,0,0,0,0,0,0,0,0,0,0,0,0,0,0,0,0,0,0,0,0,0,0,0,0,0,0,0,0,0,0,0,0,0,0,0,0,0,0,0,0,0,0,0,0,0,0,0,1,0,0,0,0,0,0,0,0,0,0,0,0,0,0,0,0,0,0,0,0,1,0,0,0,1,0,0,0,1,0,1,0,0,0,0,1,1,1,0,0,1,1,0,0,0,1,0,0,0,0,0,0,0,1,0,1,1,0,0,0,0,0,1,1,0,0,1,1,1,0,0,0,0,0,1,0,1,0,0,0,0,1,1,0,1,1,0,1,0,0,0,1,1,1,1,1,1,0,1,1,0,1,1,1,1,1,1,0,0,1,1,0,7.045757490560675
0,0,0,0,0,0,0,0,0,0,0,0,0,0,0,0,0,0,0,0,0,0,0,0,1,0,0,0,0,0,0,0,0,0,0,0,0,0,0,0,0,0,0,0,0,0,0,0,0,0,0,0,0,0,0,0,0,0,0,0,0,0,0,0,0,0,0,0,1,1,0,1,1,0,0,1,0,0,0,0,0,0,0,1,0,1,0,0,0,0,1,1,1,0,1,1,1,0,0,0,1,0,1,0,1,0,0,0,0,0,1,1,0,0,0,0,0,1,1,0,0,1,1,1,1,0,0,0,1,1,0,1,1,0,0,0,1,1,0,1,1,0,1,0,0,0,1,1,1,0,1,1,0,1,1,1,1,1,1,1,0,1,0,0,1,1,0,4.301029995663981
0,0,0,0,0,0,0,0,0,0,0,0,0,0,0,0,0,0,0,0,0,0,0,0,0,0,0,0,0,0,0,0,0,0,0,0,0,0,0,0,0,0,0,0,0,0,0,0,0,0,0,0,0,0,1,0,0,0,0,0,0,0,0,0,0,0,0,0,0,0,0,0,0,0,0,1,0,0,0,1,0,0,1,1,0,1,0,0,0,0,1,1,1,0,0,1,1,0,0,0,1,0,0,0,1,0,0,0,1,0,1,1,0,0,0,0,1,1,1,0,0,1,1,1,0,0,0,0,0,1,0,1,1,0,0,0,1,1,1,1,1,0,1,0,0,0,1,1,1,0,1,1,0,1,1,1,1,1,1,1,1,1,0,0,1,1,0,5.619788758288394
0,0,0,0,0,0,0,0,0,0,0,0,0,0,0,0,0,0,0,0,0,0,0,0,0,0,0,0,0,0,0,0,0,0,0,0,0,0,0,0,0,0,0,0,0,0,0,0,0,0,0,0,0,0,1,0,0,0,0,0,0,0,0,0,0,0,0,0,0,0,0,0,0,0,0,1,0,0,0,1,0,0,1,1,1,1,0,0,0,0,1,1,1,0,0,1,1,0,0,0,1,0,0,0,1,0,0,0,0,0,1,1,0,0,0,0,0,1,1,0,0,1,1,1,0,0,0,0,1,1,0,1,0,0,0,0,1,1,1,1,1,0,1,0,0,0,1,1,1,0,1,1,0,1,1,1,1,1,1,1,0,1,1,1,1,1,0,8.920818753952375
0,0,0,0,0,0,0,0,0,0,0,0,0,0,0,0,0,0,0,0,0,0,0,0,0,0,0,0,0,0,0,0,0,0,0,0,0,0,0,0,0,0,0,0,0,0,0,0,0,0,0,0,0,0,0,0,0,0,0,0,0,0,0,0,0,0,0,0,0,0,0,0,0,0,0,1,0,0,0,0,0,0,0,1,0,1,0,0,0,0,1,1,1,0,0,1,1,0,0,0,1,0,0,0,0,0,0,0,0,0,1,1,0,0,0,1,1,1,1,0,0,1,1,1,0,0,0,0,1,1,0,1,1,0,0,0,1,1,0,1,1,0,0,0,0,0,1,1,1,0,1,0,0,1,1,1,1,1,1,1,1,1,0,0,1,1,0,3.585026652029182
0,0,0,0,0,0,0,0,0,0,0,0,0,0,0,0,0,0,0,0,0,0,0,0,0,0,0,0,0,0,0,0,0,0,0,0,0,0,0,0,0,0,0,0,0,0,0,0,0,0,0,0,0,0,0,0,0,0,0,0,0,0,0,0,0,0,0,0,0,0,0,0,0,0,0,1,0,0,0,0,0,0,0,1,0,1,0,0,0,0,1,1,1,0,0,1,1,0,0,0,1,0,0,0,1,0,0,0,1,0,1,1,0,0,0,1,1,1,1,0,0,1,1,1,0,0,0,0,1,1,0,1,1,0,0,0,1,1,0,1,1,0,0,0,0,0,1,1,1,0,1,0,0,1,1,1,1,1,1,1,1,1,0,0,1,1,0,5.309803919971486
0,0,0,0,0,0,0,0,0,0,0,0,0,0,0,0,0,0,0,0,0,0,0,0,0,0,0,0,0,0,0,0,0,0,0,0,0,0,0,0,0,0,0,0,0,0,0,0,0,0,0,0,0,0,1,0,0,0,0,0,0,0,0,0,0,0,0,0,0,0,0,0,0,0,0,1,0,0,0,1,0,0,0,1,0,1,0,0,0,0,1,1,1,0,0,1,1,0,0,0,1,0,0,0,1,0,0,0,1,0,1,1,0,0,0,0,0,1,1,0,0,1,1,1,0,0,0,0,0,1,0,1,0,0,0,0,1,1,0,1,1,0,1,0,0,0,1,1,1,0,1,1,0,1,1,1,1,1,1,1,1,1,1,1,1,1,0,8.920818753952375
0,0,0,0,0,0,0,0,0,0,0,0,0,0,0,0,0,0,0,0,0,0,0,0,0,0,0,0,0,0,0,0,0,0,0,0,0,0,1,0,0,0,0,0,0,0,0,0,0,0,0,0,1,0,0,0,0,0,0,0,0,0,1,0,0,1,0,0,0,1,1,0,0,0,0,1,0,1,0,1,1,0,0,1,0,1,0,0,0,0,1,1,1,0,1,1,1,0,0,0,1,0,0,0,1,0,0,0,0,0,1,1,0,0,0,0,0,1,1,0,1,1,1,0,1,1,0,0,1,1,1,1,1,0,0,0,1,1,0,0,0,0,1,0,0,1,1,1,1,0,1,1,1,1,1,1,1,0,1,1,0,1,1,1,1,1,0,4.657577319177793
0,0,0,0,0,0,0,0,0,0,0,0,0,0,0,0,0,0,0,0,0,0,0,0,0,0,0,0,0,0,0,0,0,0,0,0,0,0,0,0,0,0,0,0,0,0,0,0,0,0,0,0,0,0,0,0,0,0,0,0,0,0,0,0,0,0,0,0,0,0,0,0,0,0,0,1,0,0,0,0,0,1,0,0,0,1,1,0,1,0,0,1,1,0,0,1,0,0,1,0,1,0,0,0,1,0,0,0,0,0,1,1,0,0,0,0,1,1,1,0,0,1,1,1,0,0,0,1,1,1,0,0,1,0,0,0,1,1,1,1,1,0,0,1,0,0,1,1,1,0,1,0,0,1,1,1,1,1,1,1,1,1,0,1,1,1,0,4.0
0,0,0,0,0,0,0,0,0,0,0,0,0,0,0,0,0,0,0,0,0,0,0,0,0,0,0,0,0,0,0,0,0,0,0,0,0,0,0,0,0,0,0,0,0,0,0,0,0,0,0,0,0,0,0,0,0,0,0,0,0,0,0,0,0,0,0,0,0,0,0,0,0,0,0,1,0,0,0,0,0,0,1,1,0,1,1,0,1,0,1,1,1,0,0,1,1,0,0,0,1,0,0,0,1,0,0,0,0,0,1,1,0,0,0,0,0,1,1,0,0,1,1,1,0,0,0,1,1,1,0,1,1,0,0,0,1,1,1,1,0,0,0,1,0,0,1,1,1,0,1,0,0,1,1,1,1,1,1,1,0,1,0,0,1,1,0,5.431798275933005
0,0,0,0,0,0,0,0,0,0,0,0,0,0,0,0,0,0,0,0,0,0,0,0,0,0,0,0,0,0,0,0,0,0,0,0,0,0,0,0,0,0,0,0,0,0,0,0,0,0,0,0,0,0,0,0,0,0,0,0,0,0,0,0,0,0,0,0,0,0,0,0,0,0,0,1,0,0,0,0,0,1,0,0,0,1,0,0,1,0,0,1,1,0,0,1,0,0,1,0,1,0,0,0,0,0,0,0,0,0,1,1,0,0,0,0,1,1,1,0,0,1,1,1,0,0,0,1,1,1,0,0,0,0,0,0,1,1,1,1,1,0,0,1,0,1,1,1,1,0,1,0,0,1,1,1,1,1,1,1,1,1,1,1,1,1,0,4.721246399047171
0,0,0,0,0,0,0,0,0,0,0,0,0,0,0,0,0,0,0,0,0,0,0,0,0,0,0,0,0,1,0,0,0,0,0,0,0,0,0,0,0,0,0,1,0,0,0,0,1,0,0,0,0,0,0,0,0,0,0,0,0,0,0,0,0,0,0,0,0,1,0,0,0,0,0,1,0,0,0,0,0,0,0,1,0,1,0,0,0,0,1,1,1,0,0,1,1,0,0,0,1,0,1,0,1,0,1,0,0,0,1,1,1,0,0,0,0,1,1,0,0,1,1,0,1,1,0,0,1,1,1,1,1,0,0,0,1,1,0,1,1,0,1,0,0,1,1,1,1,0,1,1,1,1,1,1,1,0,1,1,0,1,1,1,1,1,0,4.0
0,0,0,0,0,0,0,0,0,0,0,0,0,0,0,0,0,0,0,0,0,0,0,0,0,0,0,0,0,0,0,0,0,0,0,0,0,0,0,0,0,0,0,0,0,0,0,0,0,0,0,0,0,0,0,0,0,0,0,0,0,0,0,0,0,0,0,0,0,0,0,0,0,0,0,1,0,0,0,0,0,1,0,0,0,1,0,0,1,0,0,1,1,0,0,1,0,0,1,0,1,0,0,0,0,0,0,0,1,0,1,1,0,0,0,0,1,1,1,0,0,1,1,1,0,0,0,1,1,1,0,0,0,0,0,0,1,1,1,1,1,0,0,1,0,0,1,1,1,1,1,0,0,1,1,1,1,1,1,1,1,1,0,1,1,1,0,4.455931955649724
0,0,0,0,0,0,0,0,0,0,0,0,0,0,0,0,0,0,0,0,0,0,0,0,0,0,0,0,0,0,0,0,0,0,0,0,0,0,0,0,0,0,0,0,0,0,0,0,0,0,0,0,0,0,0,0,0,0,0,0,0,0,0,0,0,0,0,0,0,0,0,0,0,0,0,1,0,0,0,0,0,0,1,1,0,1,0,0,1,0,1,1,1,0,0,1,1,0,0,0,1,0,0,0,0,0,0,0,1,0,1,1,0,0,0,1,0,1,1,0,0,1,1,1,0,0,0,0,1,1,0,1,0,0,0,0,1,1,1,1,0,0,0,0,0,0,1,1,1,0,1,0,0,1,1,1,1,1,1,1,1,1,0,0,1,1,0,7.920818753952375
0,0,0,0,0,0,0,0,0,0,0,0,0,0,0,0,0,0,0,0,0,0,0,0,1,0,0,0,0,0,0,0,0,0,0,0,0,0,0,0,1,0,0,0,0,0,0,0,0,1,0,1,0,0,0,0,0,0,0,1,0,1,0,0,1,0,0,1,1,1,0,1,1,0,0,0,0,0,0,0,0,1,0,0,0,0,0,0,1,0,1,1,1,0,1,0,0,0,0,0,0,0,1,0,1,0,0,0,0,0,1,1,0,0,1,1,1,1,1,0,0,0,0,0,1,0,0,0,1,1,1,1,1,0,0,0,0,0,0,1,0,0,0,0,0,0,1,1,1,0,0,1,0,0,1,1,1,0,1,1,1,1,1,1,1,1,0,4.0
0,0,0,0,0,0,0,0,0,0,0,0,0,0,0,0,0,0,0,0,0,0,0,0,1,0,0,0,0,0,0,0,0,0,0,0,0,0,0,0,0,0,0,0,0,0,0,0,0,0,0,1,0,0,0,1,0,0,1,1,1,1,0,0,1,0,0,1,1,1,0,1,1,1,0,0,0,0,0,0,0,1,0,0,0,0,0,0,1,0,1,1,1,0,1,0,0,0,0,0,0,0,1,0,1,0,0,0,0,0,1,1,1,0,1,1,1,1,1,0,0,0,0,0,1,0,0,0,1,1,1,1,1,0,0,0,1,0,0,1,1,0,0,0,0,0,1,1,1,0,0,1,0,0,1,1,1,0,1,1,1,1,1,1,1,1,0,4.468521082957745
0,0,0,0,0,0,0,0,0,0,0,0,0,0,0,0,0,0,0,0,0,0,0,0,1,0,0,0,0,0,0,0,0,0,0,0,0,0,0,0,0,0,0,0,0,0,0,0,0,0,0,1,0,0,0,1,0,0,1,1,1,1,0,0,1,0,0,1,1,1,0,1,1,1,0,0,0,0,0,0,0,1,0,0,0,0,0,0,1,0,1,1,1,0,1,0,0,0,0,0,0,0,1,0,1,0,0,0,0,0,1,1,1,0,1,1,1,1,1,0,0,0,0,0,1,0,0,0,1,1,1,1,1,0,0,0,1,0,0,1,1,0,0,0,0,0,1,1,1,0,0,1,0,0,1,1,1,0,1,1,1,1,1,1,1,1,0,4.091514981121351
0,0,0,0,0,0,0,0,0,0,0,0,0,0,0,0,0,0,0,0,0,0,0,0,1,0,0,0,0,0,0,0,0,0,0,0,0,0,0,0,0,0,0,0,0,0,0,0,0,0,0,1,0,0,0,1,0,0,1,1,1,1,0,0,1,0,0,1,1,1,0,1,1,1,0,0,0,0,0,0,0,1,0,0,0,0,0,0,1,0,1,1,1,0,1,0,0,0,0,0,0,0,1,0,1,0,0,0,0,0,1,1,1,0,1,1,1,1,1,0,0,0,0,0,1,0,0,0,1,1,1,1,1,0,0,0,1,0,0,1,1,0,0,0,0,0,1,1,1,0,0,1,0,0,1,1,1,0,1,1,1,1,1,1,1,1,0,4.0
0,0,0,0,0,0,0,0,0,0,0,0,0,0,0,0,0,0,0,0,0,0,0,0,0,0,0,0,0,0,0,0,0,0,0,0,0,0,0,0,0,0,0,0,0,0,0,0,0,0,0,0,0,0,0,0,0,0,0,0,0,0,0,0,0,0,0,0,0,0,0,0,0,0,0,1,0,0,0,0,0,0,0,1,0,1,0,0,0,0,1,1,1,0,0,1,1,0,0,0,1,0,0,0,1,0,0,0,0,0,1,1,0,0,0,0,0,1,1,0,0,1,1,1,0,1,0,0,1,1,0,1,1,0,0,0,1,1,0,1,1,0,1,0,0,1,1,1,1,0,1,1,1,1,1,1,1,1,1,1,0,1,1,1,1,1,0,7.154901959985743
0,0,0,0,0,0,0,0,0,0,0,0,0,0,0,0,0,0,0,0,0,0,0,0,1,0,0,0,0,0,0,0,0,0,0,0,0,0,0,0,0,0,0,0,0,0,0,0,0,0,0,1,0,0,0,1,0,0,1,0,1,1,0,0,1,0,0,1,1,1,0,1,1,1,0,0,0,0,0,0,0,1,0,0,0,0,0,0,1,0,1,1,1,0,1,0,0,0,0,0,0,0,1,0,1,0,0,0,0,0,1,1,1,0,1,1,1,1,1,0,0,0,0,0,1,0,0,0,1,1,1,1,1,0,0,0,1,0,0,1,1,0,0,0,0,0,1,1,1,0,0,1,0,0,1,1,1,0,1,1,1,1,0,1,1,1,0,4.0
0,0,0,0,0,0,0,0,0,0,0,0,0,0,0,0,0,0,0,0,0,0,0,0,0,0,0,0,0,0,0,0,0,0,0,0,0,0,0,0,0,0,0,0,0,0,0,0,0,0,0,0,0,0,0,0,0,0,0,0,0,0,0,0,0,0,0,0,0,0,0,0,0,0,0,1,0,0,0,0,0,0,1,0,0,1,1,0,1,0,1,1,1,0,0,1,0,0,1,0,1,0,0,0,1,0,0,0,0,0,1,1,0,0,0,0,0,1,1,0,0,1,1,1,0,0,0,1,1,1,0,1,1,0,0,0,1,1,1,1,0,0,0,1,0,0,1,1,1,0,1,0,0,1,1,1,1,1,1,1,0,1,0,1,1,1,0,6.0
0,0,0,0,0,0,0,0,0,0,0,0,0,0,0,0,0,0,0,0,0,0,0,0,0,0,0,0,0,0,0,0,0,0,0,0,0,0,0,0,0,0,0,0,0,0,0,0,0,0,0,0,0,0,0,0,0,0,0,0,0,0,0,0,0,0,0,0,0,0,0,0,0,0,0,1,0,0,0,0,0,1,0,1,0,1,1,0,1,0,0,1,1,0,0,1,1,0,0,0,1,0,0,0,1,0,0,0,0,0,1,1,0,0,0,0,1,1,1,0,0,1,1,1,0,0,0,1,1,1,0,0,1,0,0,0,1,1,1,1,1,0,0,1,0,0,1,1,1,0,1,0,0,1,1,1,1,1,1,1,1,1,0,0,1,1,0,4.481486060122113
0,0,0,0,0,0,0,0,0,0,0,0,0,0,0,0,0,0,0,0,0,0,0,0,0,0,0,0,0,0,0,0,0,0,0,0,0,0,0,0,0,0,0,0,0,0,0,0,0,0,0,0,0,0,0,0,0,0,0,0,0,0,0,0,0,0,0,0,0,0,0,0,0,0,0,1,0,0,0,0,0,1,0,0,0,1,0,0,1,0,1,1,1,0,0,1,0,0,1,0,1,0,0,0,0,0,0,0,0,0,1,1,0,0,1,1,1,1,1,0,0,1,1,1,0,0,0,1,1,1,0,0,0,0,0,0,1,1,1,1,1,0,0,1,0,0,1,1,1,1,1,0,0,1,1,1,1,1,1,1,1,1,0,1,1,1,0,4.522878745280337
0,0,0,0,0,0,0,0,0,0,0,0,0,0,0,0,0,0,0,0,0,0,0,0,1,0,0,0,0,0,0,0,0,0,0,0,0,0,0,0,0,0,0,0,0,0,0,0,0,0,0,0,0,0,0,0,0,0,0,0,0,0,0,0,0,0,0,0,1,1,0,1,1,0,0,1,0,0,0,1,0,0,0,1,0,1,0,0,0,0,1,1,1,0,1,1,1,1,0,0,1,0,1,0,1,0,0,0,0,0,1,1,0,0,0,0,0,1,1,0,0,1,1,0,1,1,0,0,1,1,0,1,1,0,0,0,1,1,0,1,1,0,1,0,0,1,1,1,1,0,1,1,1,1,1,1,1,0,1,1,0,1,1,1,1,1,0,5.795880017344075
0,0,0,0,0,0,0,0,0,0,0,1,0,0,0,0,0,0,0,0,0,0,0,0,1,0,0,0,0,0,0,0,0,0,0,0,0,0,0,0,0,0,0,0,0,0,0,0,0,0,0,0,0,0,1,0,0,0,0,0,0,0,0,0,0,0,0,0,1,1,0,1,1,0,0,1,0,0,0,1,0,0,1,1,1,1,0,0,0,0,1,1,1,0,1,1,1,1,0,0,1,0,1,0,1,0,0,0,0,0,1,1,0,0,0,0,0,1,1,0,0,1,1,0,1,0,0,0,1,1,0,1,1,0,0,0,1,1,1,1,1,0,1,0,0,0,1,1,1,0,1,1,1,1,1,1,1,0,1,1,0,1,1,1,1,1,0,7.958607314841775
0,0,0,0,0,0,0,0,0,0,0,1,0,0,0,0,0,0,0,0,0,0,0,0,0,0,0,0,0,0,0,0,0,0,0,0,0,0,0,0,0,0,0,0,0,0,0,0,0,0,0,0,0,0,1,0,0,0,0,0,0,0,0,0,0,0,0,0,0,0,0,0,0,0,0,1,0,0,0,1,0,0,1,1,1,1,0,0,0,0,1,1,1,0,0,1,1,0,0,0,1,0,0,0,1,0,0,0,0,0,1,1,0,0,0,0,0,1,1,0,0,1,1,1,0,0,0,0,1,1,0,1,1,0,0,0,1,1,1,1,1,0,1,0,0,0,1,1,1,0,1,1,1,1,1,1,1,1,1,1,0,1,1,1,1,1,0,8.119186407719209
0,0,0,0,0,0,0,0,0,0,0,0,0,0,0,0,0,0,0,0,0,0,0,0,1,0,0,0,0,0,0,0,0,0,0,0,0,0,0,0,0,0,0,0,0,0,0,0,0,0,0,1,0,0,0,1,0,0,1,1,1,1,0,0,1,0,0,1,1,1,0,1,1,1,0,0,0,0,0,0,0,1,0,0,0,0,0,0,1,0,1,1,1,0,1,0,0,0,0,0,0,1,1,0,1,1,0,0,0,0,1,1,1,0,1,1,1,1,1,0,0,0,0,0,1,1,0,0,1,1,1,1,1,0,0,0,1,0,0,1,1,0,0,0,0,1,1,1,1,0,0,1,0,0,1,1,1,0,1,1,1,1,1,1,1,1,0,4.906578314837765
0,0,0,0,0,0,0,0,0,0,0,0,0,0,0,0,0,0,0,1,0,0,0,0,0,0,0,0,0,0,0,0,0,0,0,0,0,0,0,0,0,0,0,0,0,0,0,0,0,0,0,0,0,0,1,0,0,0,0,0,0,0,0,0,0,0,0,0,0,0,0,0,0,0,0,1,0,0,0,1,0,1,0,0,0,1,0,0,1,0,1,1,1,0,0,1,0,1,0,0,1,1,0,0,1,1,0,0,0,0,1,1,0,0,0,0,0,1,1,0,0,1,1,1,0,1,0,1,1,0,0,1,1,1,0,1,1,1,0,1,1,0,1,1,1,1,1,1,1,0,1,1,0,1,1,1,1,1,1,1,0,1,1,1,1,1,0,7.443697499232712
0,0,0,0,0,0,0,0,0,0,0,0,0,0,0,0,0,0,0,0,0,0,0,0,0,0,0,0,0,0,0,0,0,0,0,0,0,0,0,0,0,0,0,0,0,0,0,0,0,0,0,0,0,0,1,0,0,0,0,0,0,0,0,0,0,0,0,0,0,0,0,0,0,0,0,1,0,0,0,1,0,1,0,1,0,1,0,0,1,0,1,1,1,0,0,1,1,0,0,0,1,0,0,0,1,0,0,0,1,0,1,1,0,0,0,0,0,1,1,0,0,1,1,1,0,0,0,0,0,1,0,1,0,0,0,0,1,1,0,1,1,0,1,0,0,0,1,1,1,0,1,1,0,1,1,1,1,1,1,1,1,1,1,1,1,1,0,7.522878745280337
0,0,0,0,0,0,0,0,0,0,0,0,0,0,0,0,0,0,0,1,0,0,0,0,0,0,0,0,0,0,0,0,0,0,0,0,0,0,0,0,0,0,0,0,0,0,0,0,0,0,0,0,0,0,1,0,0,1,0,0,0,0,0,0,0,0,0,0,0,0,0,0,0,0,0,1,0,0,0,1,0,1,0,0,0,1,0,0,1,1,1,1,1,0,0,1,0,1,0,0,1,1,0,0,1,1,0,0,0,0,1,0,0,1,0,0,0,1,0,0,1,1,1,1,0,1,0,1,0,0,0,1,1,1,0,1,1,1,0,1,1,0,1,1,1,1,1,0,1,0,1,1,1,1,1,1,1,1,1,1,1,1,1,1,1,1,0,7.443697499232712
0,0,0,0,0,0,0,0,0,0,0,0,0,0,0,0,0,0,0,1,0,0,0,0,0,0,0,0,0,0,0,0,0,0,0,0,1,0,0,0,0,0,0,0,0,0,0,0,0,0,0,0,0,0,1,0,0,0,0,1,0,0,0,0,0,0,0,0,0,0,0,0,0,0,0,1,0,0,0,1,0,1,0,0,0,1,0,0,1,0,1,1,1,0,0,1,0,1,0,0,1,1,0,0,1,1,0,0,0,0,1,1,0,0,0,0,0,1,1,0,1,1,1,1,0,1,0,1,1,0,0,1,1,1,0,1,1,1,1,1,1,0,1,1,1,1,1,1,1,0,1,1,0,1,1,1,1,1,1,1,0,1,1,1,1,1,0,7.853871964321762
0,0,0,0,0,0,0,0,0,0,0,0,0,0,0,0,0,0,0,0,0,0,0,0,0,0,0,0,0,0,0,0,0,0,0,0,0,0,0,0,0,0,0,0,0,0,0,0,0,0,0,0,0,1,0,0,0,0,0,0,0,0,0,0,0,0,0,0,0,0,0,0,0,0,0,1,0,0,0,1,0,0,1,1,0,1,0,0,1,0,1,1,1,0,0,1,1,0,0,0,1,0,0,0,0,0,0,0,1,0,1,1,0,0,0,0,0,1,1,0,0,1,1,1,0,0,0,0,0,1,0,1,0,0,0,0,1,1,1,1,1,0,1,0,0,0,1,1,1,0,1,1,0,1,1,1,1,1,1,1,1,1,1,1,1,1,0,8.397940008672037
0,0,0,0,0,0,0,0,0,0,0,0,0,0,0,0,0,0,0,1,0,0,0,0,0,0,0,0,0,0,0,0,0,0,0,0,0,0,0,0,0,0,0,0,0,0,0,0,0,0,0,0,0,0,1,0,0,1,0,0,0,0,0,0,0,0,0,0,0,0,0,0,0,0,0,1,0,0,0,1,0,1,0,0,0,1,0,0,1,1,1,1,1,0,0,1,0,1,0,0,1,1,0,0,1,1,0,0,0,0,1,1,0,1,0,0,0,1,1,0,1,1,1,1,0,1,0,1,0,0,0,1,1,1,0,1,1,1,0,1,1,0,1,1,1,1,1,1,1,0,1,1,1,1,1,1,1,1,1,1,1,1,1,1,1,1,0,7.744727494896693
0,0,0,0,0,0,0,0,0,0,0,0,0,0,0,0,0,0,0,1,0,0,0,0,0,0,0,0,0,0,0,0,0,0,0,0,0,0,0,0,0,0,0,0,0,0,0,0,0,0,0,0,0,0,1,0,0,1,0,0,0,0,0,0,0,0,0,0,0,0,0,0,0,0,0,1,0,0,0,1,0,1,0,0,0,1,0,0,1,1,1,1,1,0,0,1,0,1,0,0,1,1,0,0,1,1,0,0,0,1,1,1,0,1,0,0,0,1,1,0,1,1,1,1,0,1,0,1,1,0,0,1,1,1,0,1,1,1,1,1,1,0,1,1,1,1,1,1,1,0,1,1,1,1,1,1,1,1,1,1,0,1,1,1,1,1,0,7.508638306165727
0,0,0,0,0,0,0,0,0,0,0,0,0,0,0,0,0,0,0,1,0,0,0,0,0,0,0,0,0,0,0,0,0,0,0,0,1,0,0,0,0,0,0,0,0,0,0,0,0,0,0,0,0,0,1,0,0,0,0,1,0,0,0,0,0,0,0,0,0,0,0,0,0,0,0,1,0,0,0,1,0,1,0,0,0,1,0,0,1,0,1,1,1,0,0,1,0,0,0,0,1,1,0,0,1,1,0,0,0,0,1,1,0,0,0,0,0,1,0,0,1,1,1,1,0,1,0,1,1,0,0,1,1,1,0,1,1,1,1,1,1,0,1,1,1,1,1,0,1,0,1,1,0,1,1,1,1,1,1,1,0,1,1,1,1,1,0,7.886056647693163
0,0,0,0,0,0,0,0,0,0,0,0,0,0,0,0,0,0,0,1,0,0,0,0,0,0,0,0,0,0,0,0,0,0,0,0,0,0,0,0,0,0,0,0,0,0,0,0,0,0,0,0,0,1,0,0,0,1,0,0,0,0,0,0,0,0,0,0,0,0,0,0,0,0,0,1,0,0,0,1,0,0,1,0,0,1,0,0,1,1,1,1,1,0,0,1,0,1,0,0,1,1,0,0,1,1,0,0,0,1,1,1,0,1,0,0,0,1,0,0,1,1,1,1,0,1,0,1,1,0,0,1,1,1,0,1,1,1,1,1,1,0,1,1,1,1,1,0,1,0,1,1,1,1,1,1,1,1,1,1,0,1,1,1,1,1,0,8.356547323513812
0,0,0,0,0,0,0,0,0,0,0,0,0,0,0,0,0,0,0,1,0,0,0,0,0,0,0,0,0,0,0,0,0,0,0,0,0,0,0,0,0,0,0,0,0,0,0,0,0,0,0,0,0,0,1,0,0,0,0,0,0,0,0,0,0,0,0,0,0,0,0,0,0,0,0,1,0,0,0,1,0,1,0,0,0,1,0,0,1,0,1,1,1,0,0,1,0,0,0,0,1,1,0,0,1,1,0,0,0,0,1,1,0,0,0,0,0,1,1,0,0,1,1,1,0,1,0,1,1,0,0,1,1,1,0,1,1,1,0,1,1,0,1,1,1,1,1,1,1,0,1,1,0,1,1,1,1,1,1,1,0,1,1,1,1,1,0,7.920818753952375
0,0,0,0,0,0,0,0,0,0,0,0,0,0,0,0,0,0,0,1,0,0,0,0,0,0,0,0,0,0,0,0,0,0,0,0,0,0,0,0,0,0,0,0,0,0,0,0,0,0,0,0,0,0,1,0,0,1,0,0,0,0,0,0,0,0,0,0,0,0,0,0,0,0,0,1,0,0,0,1,0,1,0,0,0,1,0,0,1,1,1,1,1,0,0,1,0,1,0,0,1,1,0,0,1,1,0,0,0,0,1,0,0,1,0,0,0,1,0,0,1,1,1,1,0,1,0,1,0,0,0,1,1,1,0,1,1,1,0,1,1,0,1,1,1,1,1,0,1,0,1,1,1,1,1,1,1,1,1,1,1,1,1,1,1,1,0,7.886056647693163
0,0,0,0,0,0,0,0,0,0,0,0,0,0,0,0,0,0,0,1,0,0,0,0,0,0,0,0,0,0,0,0,0,0,0,0,0,0,0,0,0,0,0,0,0,0,0,0,0,0,0,0,0,0,1,0,0,1,0,0,0,0,0,0,0,0,0,0,0,0,0,0,0,0,0,1,0,0,0,1,0,1,0,0,0,1,0,0,1,1,1,1,1,0,0,1,0,1,0,0,1,1,0,0,1,1,0,0,0,1,1,1,0,1,0,0,0,1,0,0,1,1,1,1,0,1,0,1,1,0,0,1,1,1,0,1,1,1,1,1,1,0,1,1,1,1,1,0,1,0,1,1,1,1,1,1,1,1,1,1,0,1,1,1,1,1,0,7.552841968657781
0,0,0,0,0,0,0,0,0,0,0,0,0,0,0,0,0,0,0,0,0,0,0,0,0,0,0,0,0,0,0,0,0,0,0,0,0,0,0,0,0,0,0,0,0,0,0,0,0,0,0,0,0,1,1,0,0,0,0,0,0,0,0,0,0,0,0,0,0,0,0,0,0,0,0,0,0,0,0,0,0,0,1,0,0,0,1,0,1,0,1,1,1,1,0,1,0,0,0,0,0,0,0,0,1,0,0,0,0,0,1,1,0,1,0,0,0,1,0,0,0,0,0,1,0,1,1,1,0,0,0,1,0,0,0,0,1,0,1,1,1,0,0,1,0,1,1,0,0,0,0,1,1,1,1,1,1,1,1,1,1,1,1,1,1,1,0,6.537602002101044
0,0,0,0,0,0,0,0,0,0,0,0,0,0,0,0,0,0,0,1,0,0,0,0,0,0,0,0,0,0,0,0,0,0,0,0,0,0,0,0,0,0,0,0,0,0,0,0,0,0,0,0,0,1,0,0,0,0,0,0,0,0,0,0,0,0,0,0,0,0,0,0,0,0,0,1,0,0,0,1,0,0,1,0,0,1,0,0,1,0,1,1,1,0,0,1,0,1,0,0,1,1,0,0,1,1,0,0,0,0,1,1,0,0,0,0,0,1,1,0,0,1,1,1,0,1,0,1,1,0,0,1,1,1,0,1,1,1,1,1,1,0,1,1,1,1,1,1,1,0,1,1,0,1,1,1,1,1,1,1,0,1,1,1,1,1,0,7.443697499232712
0,0,0,0,0,0,0,0,0,0,0,0,0,0,0,0,0,0,0,0,0,0,0,0,0,0,0,0,0,0,0,0,0,0,0,0,0,0,0,0,0,0,0,0,0,0,0,0,0,0,0,0,0,1,1,0,0,0,0,0,0,0,0,0,0,0,0,0,0,0,0,0,0,0,0,0,0,0,0,0,0,0,1,0,0,0,1,0,1,0,1,1,1,0,0,1,0,0,0,0,0,0,0,0,1,0,0,0,1,0,1,1,0,0,0,0,0,1,0,0,0,0,0,1,0,1,0,0,0,0,0,1,0,0,0,0,1,0,1,1,0,0,0,0,1,1,1,0,0,1,1,1,0,1,1,1,1,1,1,1,1,1,1,1,1,1,0,6.337242168318426
0,0,0,0,0,0,0,0,0,0,0,0,0,0,0,0,0,0,0,0,0,0,0,0,0,0,0,0,0,0,0,0,0,0,0,0,0,0,0,0,0,0,0,0,0,0,0,0,0,0,0,0,0,1,1,0,0,0,0,0,0,0,0,0,0,0,0,0,0,0,0,0,0,0,0,0,0,0,0,0,0,0,1,0,0,0,1,0,1,0,1,1,1,0,0,1,0,0,0,0,0,1,0,0,1,1,0,0,0,0,1,1,0,0,0,0,0,1,0,0,0,0,0,1,0,1,0,0,0,0,0,1,0,0,0,0,1,0,1,1,0,0,0,0,0,1,1,0,0,0,0,1,0,1,1,1,1,1,1,1,1,1,1,1,1,1,0,5.508638306165727
0,0,0,0,0,0,0,0,0,0,0,0,0,0,0,0,0,0,0,1,0,0,0,0,0,0,0,0,0,0,0,0,0,0,0,0,1,0,0,0,0,0,0,0,0,0,0,0,0,0,0,0,0,1,0,0,0,0,0,1,0,0,0,0,0,0,0,0,0,0,0,0,0,0,0,1,0,0,0,1,0,1,1,0,0,1,0,0,1,0,1,1,1,0,0,1,0,0,0,0,1,1,0,0,1,1,0,0,0,0,1,1,0,0,0,0,0,1,0,0,1,1,1,1,0,1,0,1,1,0,0,1,1,1,0,1,1,1,1,1,1,0,1,1,1,1,1,0,1,0,1,1,0,1,1,1,1,1,1,1,0,1,1,1,1,1,0,7.769551078621726
0,0,0,0,0,0,0,0,0,0,0,0,0,0,0,0,0,0,0,1,0,0,0,0,0,0,0,0,0,0,0,0,0,0,0,0,0,0,0,0,0,0,0,0,0,0,0,0,0,0,0,0,0,1,0,0,0,0,0,0,0,0,0,0,0,0,0,0,0,0,0,0,0,0,0,1,0,0,0,1,0,0,1,0,0,1,0,0,1,0,1,1,1,0,0,1,0,0,0,0,1,1,0,0,1,1,0,0,0,0,1,1,0,0,0,0,0,1,1,0,0,1,1,1,0,1,0,1,1,0,0,1,1,1,0,1,1,1,1,1,1,0,1,1,1,1,1,1,1,0,1,1,0,1,1,1,1,1,1,1,0,1,1,1,1,1,0,8.318758762624412
0,0,0,0,0,0,0,0,0,0,0,0,0,0,0,0,0,1,0,0,0,0,0,0,0,0,0,0,0,0,0,0,1,1,0,0,1,0,0,0,0,0,0,0,0,0,0,0,0,0,0,1,0,0,1,1,0,0,1,1,1,1,0,0,1,1,0,1,0,1,0,0,0,1,0,0,0,0,0,0,0,1,0,1,0,0,0,0,1,0,1,1,0,0,1,1,1,0,0,0,0,1,1,0,1,1,1,0,0,0,0,1,1,0,0,0,0,1,0,0,1,1,0,1,1,1,0,0,0,0,1,1,0,0,0,0,1,1,0,1,1,0,1,0,0,1,1,0,1,0,0,1,0,0,1,1,1,1,1,1,1,1,1,1,1,1,0,6.0
0,0,0,0,0,0,0,0,0,0,0,0,0,0,0,0,0,0,0,0,0,0,0,0,0,0,0,0,0,0,0,0,1,1,0,0,0,0,0,0,0,0,0,0,0,0,1,0,0,0,0,1,0,0,1,1,0,0,1,1,1,1,0,0,1,1,0,1,0,1,0,0,0,1,0,0,0,0,0,0,0,1,0,1,0,0,0,1,1,0,1,1,1,0,1,1,1,0,0,0,0,1,1,0,1,1,1,1,0,0,1,1,1,0,0,0,0,1,0,0,0,1,0,1,1,1,0,0,0,0,1,1,0,1,1,1,1,1,0,1,1,0,1,0,0,1,1,0,1,0,0,1,0,0,1,1,1,1,1,1,0,1,1,1,1,1,0,6.0
0,0,0,0,0,0,0,0,0,0,0,0,0,0,0,0,0,0,0,0,0,0,0,0,0,0,0,0,0,0,0,0,1,1,0,0,0,0,1,0,0,0,0,0,0,0,0,0,0,0,0,1,1,0,1,1,0,0,1,1,1,1,1,0,1,1,0,1,0,1,1,0,0,1,1,1,0,1,0,1,1,1,0,1,0,0,0,0,1,0,0,0,0,1,1,1,1,0,0,0,0,0,1,0,0,0,1,0,0,0,0,0,1,0,0,0,0,1,0,0,1,1,1,1,1,1,0,0,0,0,1,1,0,1,0,1,1,1,0,1,1,1,1,0,0,1,1,0,1,1,0,1,0,0,1,0,1,1,1,1,1,1,1,1,1,1,0,6.0
0,0,0,0,0,0,0,0,0,0,0,0,0,0,0,0,0,0,0,0,0,0,0,0,0,0,0,0,0,0,0,0,1,1,0,0,0,0,0,0,0,0,0,0,0,0,0,0,0,0,0,1,0,0,1,1,0,0,1,1,1,1,1,0,1,0,0,1,0,1,0,0,0,1,1,0,0,0,0,0,0,1,0,0,0,0,0,0,1,0,0,0,0,1,1,1,0,0,0,0,0,0,1,0,0,0,1,0,0,0,0,0,1,0,0,0,0,1,0,0,0,0,0,1,1,1,0,0,0,0,1,1,0,0,0,0,1,0,0,1,1,1,0,0,0,1,1,0,1,1,0,1,0,0,1,0,1,1,1,1,1,1,1,1,1,1,0,6.0
0,0,0,0,0,0,0,0,0,0,0,0,0,0,0,0,0,0,0,0,0,0,0,0,0,0,0,0,0,0,0,0,1,1,0,0,0,0,1,0,0,0,0,0,0,0,0,0,0,0,0,1,1,0,1,1,0,0,1,1,1,1,1,0,1,1,0,1,0,1,1,0,0,1,0,1,0,1,0,1,1,1,0,1,0,0,0,0,1,0,1,1,0,0,1,1,1,0,0,0,0,1,1,0,1,1,1,0,0,0,0,1,1,0,0,0,0,1,0,0,1,1,1,1,1,1,0,0,0,0,1,1,0,1,0,1,1,1,0,1,1,0,1,0,0,1,1,0,1,0,0,1,0,0,1,1,1,1,1,1,0,1,1,1,1,1,0,6.0
0,0,0,0,0,0,0,0,0,0,0,0,0,0,0,0,0,0,0,0,0,0,0,0,0,0,0,0,0,0,0,0,1,1,0,0,1,0,0,0,0,0,0,0,0,0,0,0,0,0,0,1,0,0,1,1,0,0,1,1,1,1,1,0,1,1,0,1,0,1,0,0,0,1,0,0,0,0,0,0,0,1,0,1,0,0,0,0,1,0,1,1,0,0,1,1,1,0,0,0,0,1,1,0,1,1,1,0,0,0,0,1,1,0,0,0,0,1,0,0,1,1,0,1,1,1,0,0,0,0,1,1,0,0,0,0,1,1,0,1,1,0,1,0,0,1,1,0,1,0,0,1,0,0,1,1,1,1,1,1,1,1,1,1,1,1,0,6.0
0,0,0,0,0,0,0,0,0,0,0,0,0,0,0,0,0,0,0,1,0,0,0,0,0,0,0,0,0,0,0,0,0,0,0,0,0,0,0,0,0,0,0,0,0,0,0,0,0,0,0,0,1,0,1,0,0,0,0,0,0,0,0,0,0,0,0,0,0,0,0,0,0,0,0,0,0,0,0,1,1,1,0,1,0,0,1,0,1,0,1,1,1,0,1,1,1,1,0,0,1,1,0,0,1,1,0,0,0,0,1,1,0,0,0,0,0,1,1,0,1,1,1,1,1,0,0,1,1,1,0,1,0,1,0,0,1,1,1,1,1,0,1,1,0,0,1,1,1,0,1,1,0,1,1,1,1,1,1,1,0,1,1,1,1,1,0,7.920818753952375
0,0,0,0,0,0,0,0,0,0,0,0,0,0,0,0,0,0,0,1,0,0,0,0,0,0,0,0,0,0,0,0,0,0,0,0,0,0,0,0,0,0,0,0,0,0,0,0,0,0,0,0,1,0,1,0,0,0,0,0,0,0,0,0,0,0,0,0,0,0,0,0,0,0,0,0,0,0,0,1,1,1,0,0,0,0,0,0,1,0,1,1,1,0,1,1,0,1,1,0,1,1,0,0,1,1,0,0,0,0,1,1,0,0,0,0,0,1,1,0,1,1,1,1,1,0,0,1,1,1,0,1,1,1,0,0,1,1,0,1,1,0,1,1,0,1,1,1,1,0,1,1,0,1,1,1,1,1,1,1,0,1,1,1,1,1,0,8.154901959985743
0,0,0,0,0,0,0,0,0,0,0,0,0,0,0,0,0,0,0,1,0,0,0,0,0,0,0,0,0,0,0,0,0,0,0,0,0,0,0,0,0,0,0,0,0,0,0,0,0,0,0,0,1,0,1,0,0,0,0,0,0,0,0,0,0,0,0,0,0,0,0,0,0,0,0,1,0,0,0,1,1,1,0,0,0,0,0,0,1,0,1,1,1,0,1,1,0,1,0,0,1,0,0,0,1,0,0,0,0,0,1,1,0,0,1,1,0,1,1,0,1,1,1,1,1,0,0,1,1,1,0,1,1,1,0,0,1,1,1,1,1,0,1,1,0,0,1,1,1,0,1,1,0,1,1,1,1,1,1,1,1,1,1,1,1,1,0,8.0
0,0,0,0,0,0,0,0,0,0,0,0,0,0,0,0,0,0,0,1,0,0,0,0,0,0,0,0,0,0,0,0,0,0,0,0,0,0,0,0,0,0,0,0,0,0,0,0,0,0,0,0,1,0,1,0,0,0,0,0,0,0,0,0,0,0,0,0,0,0,0,0,0,0,0,1,0,0,0,1,1,1,0,0,0,0,1,0,1,0,1,1,1,1,1,1,0,1,0,0,1,0,0,0,1,0,0,0,1,0,1,1,0,0,0,1,1,1,1,0,1,1,1,1,1,0,0,1,1,1,0,1,1,1,0,0,1,1,1,1,1,0,1,1,0,0,1,1,1,0,1,1,0,1,1,1,1,1,1,1,1,1,1,1,1,1,0,7.795880017344075
0,0,0,0,0,0,0,0,0,0,0,0,0,0,0,0,0,0,0,1,0,0,0,0,0,0,0,0,0,0,0,0,0,0,0,0,0,0,0,0,0,0,0,0,0,0,0,0,0,0,0,0,1,0,1,0,0,0,0,0,0,0,0,0,0,0,0,0,0,0,0,0,0,0,0,1,0,0,0,1,1,1,0,0,0,0,0,0,1,0,1,1,1,1,1,1,0,1,0,0,1,0,0,0,1,0,0,0,1,0,1,1,0,0,0,0,1,1,1,0,1,1,1,1,1,0,0,1,1,0,0,1,1,1,0,0,1,1,0,1,1,0,1,1,0,0,1,1,1,0,1,1,0,1,1,1,1,1,1,1,1,1,1,1,1,1,0,7.795880017344075
0,0,0,0,0,0,0,0,0,0,0,0,0,0,0,0,0,0,0,1,0,0,0,0,0,0,0,0,0,0,0,0,0,0,0,0,0,0,0,0,0,0,0,0,0,0,0,0,0,0,0,0,1,0,1,0,0,0,0,0,0,0,0,0,0,0,0,0,0,0,0,0,0,0,0,0,0,0,0,1,1,1,0,1,0,0,0,0,1,0,1,1,1,0,1,1,1,1,0,0,1,1,0,0,1,1,0,0,0,0,1,1,0,0,0,0,0,1,1,0,1,1,1,1,1,0,0,1,1,1,0,1,1,1,0,0,1,1,0,1,1,0,1,1,0,0,1,1,1,0,1,1,0,1,1,1,1,1,1,1,0,1,1,1,1,1,0,7.698970004336019
0,0,0,0,0,0,0,0,0,0,0,0,0,0,0,0,0,0,0,1,0,0,0,0,0,0,0,0,0,0,0,0,0,0,0,0,0,0,0,0,0,0,0,0,0,0,0,0,0,0,0,0,1,0,1,0,0,0,0,0,0,0,0,0,0,0,0,0,0,0,0,0,0,0,0,1,0,0,0,1,1,1,0,0,0,0,1,0,1,0,1,1,1,0,1,1,0,1,0,0,1,0,0,0,1,0,0,0,1,0,1,1,0,0,1,1,0,1,1,0,1,1,1,1,1,0,0,1,1,1,0,1,1,1,0,0,1,1,1,1,1,0,1,1,0,0,1,1,1,0,1,1,0,1,1,1,1,1,1,1,1,1,1,1,1,1,0,8.221848749616356
0,0,0,0,0,0,0,0,0,0,0,0,0,0,0,0,0,0,0,1,0,0,0,0,0,0,0,0,0,0,0,0,0,0,0,0,0,0,0,0,0,0,0,0,0,0,0,0,0,0,0,0,1,0,1,0,0,0,0,0,0,0,0,0,0,0,0,0,0,0,0,0,0,0,0,0,0,0,0,1,1,1,0,0,0,0,1,0,1,0,1,1,1,0,1,1,0,1,1,0,1,1,0,0,1,1,0,0,0,0,1,1,0,0,0,0,0,1,1,0,1,1,1,1,1,0,0,1,1,1,0,1,0,1,0,0,1,1,1,1,1,0,1,1,0,1,1,1,1,0,1,1,0,1,1,1,1,1,1,1,0,1,1,1,1,1,0,8.096910013008056
0,0,0,0,0,0,0,0,0,0,0,0,0,0,0,0,0,0,0,1,0,0,0,0,0,0,0,0,0,0,0,0,0,0,0,0,0,0,0,0,0,0,0,0,0,0,0,0,0,0,0,0,1,1,1,0,0,0,0,0,0,0,0,0,0,0,0,0,0,1,0,0,0,0,0,1,0,0,0,1,1,1,1,0,0,0,0,0,1,0,1,1,1,0,1,1,0,1,0,0,1,0,0,0,1,0,0,0,0,0,1,1,0,0,0,0,0,1,1,0,1,1,1,1,1,0,0,1,1,1,0,1,1,1,0,0,1,1,1,1,1,0,1,1,0,0,1,1,1,0,1,1,0,1,1,1,1,1,1,1,0,1,1,1,1,1,0,7.221848749616356
0,0,0,0,0,0,0,0,0,0,0,0,0,0,0,0,0,0,0,0,0,0,0,0,0,0,0,0,0,0,0,0,0,0,0,0,0,0,0,0,0,0,0,0,0,0,0,0,0,0,0,0,0,0,1,0,0,0,0,0,0,0,0,0,0,0,0,0,0,0,0,0,0,0,0,1,0,0,0,1,0,0,0,1,1,1,0,0,0,0,1,1,1,0,0,1,1,0,0,0,1,0,0,0,1,0,0,0,1,0,1,1,0,0,0,0,0,1,1,0,0,1,1,1,0,0,0,0,0,1,0,1,0,0,0,0,1,1,0,1,1,0,1,0,0,0,1,1,1,0,1,1,0,1,1,1,1,1,1,1,1,1,1,1,1,1,0,5.853871964321762
0,0,0,0,0,0,0,0,0,0,0,0,0,0,0,0,0,0,0,0,0,0,0,0,0,0,0,0,0,0,0,0,0,0,0,0,0,1,0,0,0,0,0,0,0,0,0,0,0,0,0,0,0,0,1,0,0,0,0,0,0,0,0,0,0,0,0,0,0,0,0,0,0,0,0,1,0,1,0,1,0,0,1,1,0,1,0,0,0,0,1,1,1,0,0,1,1,1,0,0,1,0,0,0,1,0,1,0,1,0,1,1,0,0,0,0,0,1,1,0,1,1,1,1,0,0,0,0,1,1,0,1,1,0,0,0,1,1,1,1,1,0,1,0,0,0,1,1,1,0,1,1,0,1,1,1,1,1,1,1,1,1,0,0,1,1,0,8.221848749616356
0,0,0,0,0,0,0,0,0,0,0,0,0,0,0,0,0,0,0,0,0,0,0,0,0,0,0,0,0,0,0,0,0,0,0,0,0,0,0,0,0,0,0,0,0,0,0,0,0,0,0,0,0,1,1,0,0,0,0,0,0,0,0,0,0,0,0,0,0,0,0,0,0,0,0,1,0,0,0,1,0,0,0,1,0,1,0,0,0,0,1,1,1,0,0,1,1,1,0,0,1,0,0,0,1,0,0,0,1,0,1,1,0,0,0,0,0,1,1,0,0,1,1,1,0,1,0,0,0,1,0,1,0,0,0,0,1,1,0,1,1,0,1,0,0,1,1,1,1,0,1,1,0,1,1,1,1,1,1,1,1,1,1,1,1,1,0,5.853871964321762
0,0,0,0,0,0,0,0,0,0,0,0,0,0,0,0,0,0,0,0,0,0,0,0,0,0,0,0,0,0,0,0,0,0,0,0,0,0,0,0,0,0,0,0,0,0,0,0,0,0,0,0,0,0,0,0,0,0,0,0,0,0,0,0,0,0,0,0,0,0,0,0,0,0,0,1,0,0,0,1,0,0,0,1,0,1,0,0,0,0,1,1,1,0,0,1,1,0,0,0,1,0,0,0,1,0,0,0,1,1,1,1,0,0,1,0,0,1,1,0,0,1,1,1,0,0,1,0,1,1,0,1,0,0,0,0,1,1,1,1,1,0,1,0,0,0,1,1,1,1,1,1,0,1,1,1,1,1,1,1,1,1,1,1,1,1,0,5.895171596346344
0,0,0,0,0,0,0,0,0,0,0,0,0,0,0,0,0,0,0,0,0,0,0,0,0,0,0,0,0,0,0,0,0,0,0,0,0,1,0,0,0,0,0,0,0,0,0,0,0,0,0,0,0,0,1,0,0,0,0,0,0,0,0,0,0,0,0,0,0,0,0,0,0,0,0,1,0,1,0,1,0,0,1,1,1,1,0,0,0,1,1,1,1,0,0,1,1,1,0,0,1,0,0,0,1,0,1,0,1,0,1,1,0,0,0,0,0,1,1,0,1,1,1,1,0,0,0,1,0,1,0,1,1,0,0,0,1,1,1,1,1,0,1,1,0,0,1,1,1,0,1,1,0,1,1,1,1,1,1,1,1,1,0,0,1,1,0,8.070581074285707
0,0,0,0,0,0,0,0,0,0,0,0,0,0,0,0,0,0,0,0,0,0,0,0,0,0,0,0,0,0,0,0,0,0,0,0,0,1,0,0,0,0,0,0,0,0,0,0,0,0,0,0,0,0,1,0,0,0,0,0,0,0,0,0,0,0,0,0,0,0,0,0,0,0,0,1,0,1,0,1,0,0,0,1,0,1,0,0,0,0,1,1,1,0,0,1,1,1,0,0,1,0,0,0,1,0,1,0,1,0,1,1,0,0,0,0,0,1,1,0,1,1,1,1,0,0,0,0,0,1,0,1,0,0,0,0,1,1,1,1,1,0,1,0,0,0,1,1,1,0,1,1,0,1,1,1,1,1,1,1,1,1,1,1,1,1,0,8.267606240177031
0,0,0,0,0,0,0,0,0,0,0,0,0,0,0,0,0,0,0,0,0,0,0,0,0,0,0,0,0,0,0,0,0,0,0,0,1,0,0,0,0,0,0,0,0,0,0,0,0,0,0,0,0,0,1,0,0,0,0,0,0,0,0,0,0,0,0,0,0,0,0,0,0,0,0,1,0,0,0,1,0,1,0,1,0,1,0,0,1,0,1,1,1,0,0,1,1,0,0,0,1,0,0,0,1,1,0,0,1,0,1,1,1,0,0,0,0,1,1,0,1,1,1,1,0,0,0,0,1,1,0,1,0,0,0,0,1,1,1,1,1,0,1,0,0,0,1,1,1,0,1,1,0,1,1,1,1,1,1,1,1,1,1,1,1,1,0,9.096910013008056
0,0,0,0,0,0,0,0,0,0,0,0,0,0,0,0,0,0,0,0,0,0,0,0,0,0,0,0,0,0,0,0,0,0,0,0,0,0,0,0,0,0,0,0,0,0,0,0,0,0,0,0,0,1,1,0,0,0,0,0,0,0,0,0,0,0,0,0,0,0,0,0,0,0,0,1,0,0,0,1,0,0,0,1,0,1,0,0,0,0,1,1,1,0,0,1,1,1,0,0,1,0,0,0,1,0,0,0,1,0,1,1,0,0,0,0,0,1,1,0,0,1,1,1,0,1,0,0,0,1,0,1,0,0,0,0,1,1,0,1,1,0,1,0,0,1,1,1,1,0,1,1,0,1,1,1,1,1,1,1,1,1,1,1,1,1,0,8.113509274827518
0,0,0,0,0,0,0,0,0,0,0,0,0,0,0,0,0,0,0,0,0,0,0,0,0,0,0,0,0,0,0,0,0,0,0,0,0,0,0,0,0,0,0,0,0,0,0,0,0,0,0,0,0,1,1,0,0,0,0,0,0,0,0,0,0,0,0,0,0,0,0,0,0,0,0,1,0,0,0,1,1,0,0,1,0,1,0,0,0,0,1,1,1,0,0,1,1,0,0,0,1,0,0,0,1,0,0,0,1,0,1,1,0,0,0,0,0,1,1,0,0,1,1,1,0,1,0,0,0,1,0,1,0,0,0,0,1,1,0,1,1,0,1,0,0,1,1,1,1,0,1,1,0,1,1,1,1,1,1,1,1,1,1,1,1,1,0,8.318758762624412
0,0,0,0,0,0,0,0,0,0,0,0,0,0,0,0,0,0,0,0,0,0,0,0,0,0,0,0,0,0,0,0,0,0,0,0,0,0,0,0,0,0,0,0,0,0,0,0,0,0,0,0,0,0,0,0,0,0,0,0,0,0,0,0,0,0,0,0,0,0,0,0,0,0,0,1,0,0,0,1,0,0,0,0,0,1,0,0,0,0,1,1,1,0,0,1,0,0,1,0,1,1,0,0,1,1,0,0,1,1,1,1,0,0,1,0,0,1,1,0,0,1,1,1,0,1,1,0,1,1,0,1,0,0,0,0,1,1,1,1,1,0,1,0,1,1,1,1,1,1,1,1,0,1,1,1,1,1,1,1,1,1,1,1,1,1,0,8.080921907623926
0,0,0,0,0,0,0,0,0,0,0,0,0,0,0,0,0,0,0,0,0,0,0,0,0,0,0,0,0,0,0,0,0,0,0,0,0,0,0,0,0,0,0,0,0,0,0,0,0,0,0,0,0,0,0,0,0,0,0,0,0,0,0,0,0,0,0,0,0,0,0,0,0,0,0,1,0,0,0,0,0,0,0,1,0,1,0,0,0,0,1,1,1,0,0,1,1,0,0,0,1,0,0,0,0,0,0,0,0,0,1,1,0,0,0,0,0,1,1,0,0,1,1,1,0,0,0,0,1,1,0,0,1,0,0,0,1,1,0,1,1,0,0,0,0,0,1,1,1,0,1,0,1,1,1,1,1,1,1,1,0,1,1,1,1,1,0,2.585026652029182
0,0,0,0,0,0,0,0,0,0,0,0,0,0,0,0,0,0,0,0,0,0,0,0,0,0,0,0,0,0,0,0,0,0,0,0,0,0,0,0,0,0,0,0,0,0,0,0,0,0,0,0,0,1,1,0,0,0,0,0,0,0,0,0,0,0,0,0,0,0,0,0,0,0,0,1,0,0,0,1,0,0,1,1,0,1,0,0,0,0,1,1,1,0,0,1,1,1,0,0,1,0,0,0,1,0,0,0,1,0,1,1,0,0,0,0,0,1,1,0,0,1,1,1,0,0,0,0,0,1,0,1,0,0,0,0,1,1,1,1,1,0,1,0,0,0,1,1,1,0,1,1,0,1,1,1,1,1,1,1,1,1,1,1,1,1,0,7.769551078621726
0,0,0,0,0,0,0,0,0,0,0,0,0,0,0,0,0,0,0,0,0,0,0,0,0,0,0,0,0,0,0,0,0,0,0,0,0,0,0,0,0,0,0,0,0,0,0,0,0,0,0,0,0,0,1,0,0,0,0,0,0,0,0,0,0,0,0,0,0,0,0,0,0,0,0,1,0,0,0,1,0,0,0,1,0,1,0,0,0,0,1,1,1,0,0,1,1,0,0,0,1,0,0,0,1,0,0,0,1,0,1,1,0,0,0,0,0,1,1,0,0,1,1,1,0,1,0,0,0,1,0,1,0,0,0,0,1,1,0,1,1,0,1,0,0,1,1,1,1,0,1,1,0,1,1,1,1,1,1,1,1,1,1,1,1,1,0,5.568636235841013
0,0,0,0,0,0,0,0,0,0,0,0,0,0,0,0,0,0,0,0,0,0,0,0,0,0,0,0,0,0,0,0,0,0,0,0,0,0,0,0,0,0,0,0,0,0,0,0,0,0,0,0,0,0,1,0,0,0,0,0,0,0,0,0,0,0,0,0,0,0,0,0,0,0,0,1,0,0,0,1,0,0,1,1,1,1,0,0,0,0,1,1,1,0,0,1,1,0,0,0,1,0,0,0,1,0,0,0,1,0,1,1,0,0,0,0,0,1,1,0,1,1,1,1,0,0,0,1,0,1,0,1,1,0,0,0,1,1,1,1,1,0,1,1,0,0,1,1,1,0,1,1,0,1,1,1,1,1,1,1,1,1,1,1,1,1,0,7.301029995663981
0,0,0,0,0,0,0,0,0,0,0,0,0,0,0,0,0,0,0,0,0,0,0,0,0,0,0,0,0,0,0,0,0,0,0,0,0,0,0,0,0,0,0,0,0,0,0,0,0,0,0,0,0,0,0,0,0,0,0,0,0,0,0,0,0,0,0,0,0,0,0,0,0,0,0,1,0,0,0,1,0,0,0,1,0,1,0,0,0,0,1,1,1,0,0,1,1,0,0,0,1,0,0,0,1,0,0,0,1,0,1,1,0,0,0,0,0,1,1,0,0,1,1,1,0,0,0,0,0,1,0,1,1,0,0,0,1,1,0,1,1,0,1,0,0,0,1,1,1,0,1,1,0,1,1,1,1,1,1,1,1,1,1,1,1,1,0,3.4814860601221125
0,0,0,0,0,0,0,0,0,0,0,0,0,0,0,0,0,0,0,0,0,0,0,0,0,0,0,0,0,0,0,0,0,0,0,0,0,0,0,0,0,0,0,0,0,0,0,0,0,0,0,0,0,0,1,0,0,0,0,0,0,0,0,0,0,0,0,0,0,0,0,0,0,0,0,1,0,0,0,1,0,0,0,1,0,1,0,0,0,0,1,1,1,0,0,1,1,1,0,0,1,0,0,0,0,0,0,0,1,0,1,1,0,0,0,0,0,1,1,0,1,1,1,1,0,0,0,0,0,1,0,1,0,0,0,0,1,1,1,1,1,0,1,0,0,0,1,1,1,0,1,1,0,1,1,0,1,1,1,1,1,1,1,1,1,1,0,8.537602002101044
0,0,0,0,0,0,0,0,0,0,0,0,0,0,0,0,0,0,0,0,0,0,0,0,0,0,0,0,0,0,0,0,0,0,0,0,0,0,0,0,0,0,0,0,0,0,0,0,0,0,0,0,0,1,1,0,0,0,0,0,0,0,0,0,0,0,0,0,0,0,0,0,0,0,0,1,0,0,0,1,1,0,0,1,0,1,0,0,0,0,1,1,1,0,0,1,1,0,0,0,1,0,0,0,1,0,0,0,1,0,1,1,0,0,0,0,0,1,1,0,0,1,1,1,0,1,0,0,0,1,0,1,0,0,0,0,1,1,0,1,1,0,1,0,0,1,1,1,1,0,1,1,0,1,1,1,1,1,1,1,1,1,1,1,1,1,0,8.522878745280337
0,0,0,0,0,0,0,0,0,0,0,0,0,0,0,0,0,0,0,0,0,0,0,0,0,0,0,0,0,0,0,0,0,0,0,0,1,0,0,0,0,0,0,0,0,0,0,0,0,0,0,0,0,0,1,0,0,0,0,0,0,0,0,0,0,0,0,0,0,0,0,0,0,0,0,1,0,0,0,1,0,1,1,1,1,1,0,0,1,0,1,1,1,0,0,1,1,0,0,0,1,0,0,0,1,1,0,0,0,0,1,1,1,0,0,0,0,1,1,0,1,1,1,1,0,0,0,0,1,1,0,1,0,0,0,0,1,1,1,1,1,0,1,0,0,0,1,1,1,0,1,1,0,1,1,1,1,1,1,1,0,1,1,1,1,1,0,9.30102999566398
0,0,0,0,0,0,0,0,0,0,0,0,0,0,0,0,0,0,0,0,0,0,0,0,0,0,0,0,0,0,0,0,0,0,0,0,0,1,0,0,0,0,0,0,0,0,0,0,0,0,0,0,0,0,1,0,0,0,0,0,0,0,0,0,0,0,0,0,0,0,0,0,0,0,0,1,0,1,0,1,0,0,0,1,0,1,0,0,0,0,1,1,1,0,0,1,1,1,0,0,1,0,0,0,1,0,1,0,1,0,1,1,0,0,0,0,0,1,1,0,1,1,1,1,0,1,0,0,0,1,0,1,0,0,0,0,1,1,1,1,1,0,1,0,0,1,1,1,1,0,1,1,0,1,1,1,1,1,1,1,1,1,1,1,1,1,0,8.537602002101044
0,0,0,0,0,0,0,0,0,0,0,0,0,0,0,0,0,0,0,0,0,0,0,0,0,0,0,0,0,0,0,0,0,0,0,0,0,0,0,0,0,0,0,0,0,0,0,0,0,0,0,0,0,0,1,0,0,0,0,0,0,0,0,0,0,0,0,0,0,0,0,0,0,0,0,1,0,0,0,1,0,0,0,1,0,1,0,0,0,0,1,1,1,0,0,1,1,1,0,0,1,0,0,0,0,0,0,0,1,0,1,1,0,0,0,0,1,1,1,0,1,1,1,1,0,0,0,0,0,1,0,1,0,0,0,0,1,1,1,1,1,0,1,0,0,0,1,1,1,1,1,1,0,1,1,0,1,1,1,1,1,1,0,0,1,1,0,8.0268721464003
0,0,0,0,0,0,0,0,0,0,0,0,0,0,0,0,0,0,0,0,0,0,0,0,0,0,0,0,0,0,0,0,0,0,0,0,0,0,0,0,0,0,0,0,0,0,0,0,0,0,0,0,0,1,1,0,0,0,0,0,0,0,0,0,0,0,0,0,0,0,0,0,0,0,0,1,0,0,0,1,0,0,1,1,0,1,0,0,0,0,1,1,1,0,0,1,1,1,0,0,1,0,0,0,1,0,0,0,1,0,1,1,0,0,0,0,0,1,1,0,0,1,1,1,0,0,0,0,0,1,0,1,0,0,0,0,1,1,1,1,1,0,1,0,0,0,1,1,1,0,1,1,0,1,1,1,1,1,1,1,1,1,1,1,1,1,0,7.397940008672037
0,0,0,0,0,0,0,0,0,0,0,0,0,0,0,0,0,0,0,0,0,0,0,0,0,0,0,0,0,0,0,0,0,0,0,0,0,0,0,0,0,0,0,0,0,0,0,0,0,0,0,0,0,1,1,0,0,0,0,0,0,0,0,0,0,0,0,0,0,0,0,0,0,0,0,1,0,0,0,1,0,0,1,1,0,1,0,0,0,0,1,1,1,0,0,1,1,1,0,0,1,0,0,0,1,0,0,0,1,0,1,1,0,0,0,0,0,1,1,0,1,1,1,1,0,0,0,0,0,1,0,1,0,0,0,0,1,1,1,1,1,0,1,0,0,0,1,1,1,0,1,1,0,1,1,0,1,1,1,1,1,1,0,0,1,1,0,6.154901959985743
0,0,0,0,0,0,0,0,0,0,0,0,0,0,0,0,0,0,0,0,0,0,0,0,0,0,0,0,0,0,0,0,0,0,0,0,1,0,0,0,0,0,0,0,0,0,0,0,0,0,0,0,0,0,0,0,0,0,0,0,0,0,0,0,0,0,0,0,0,0,0,0,0,0,0,1,0,0,0,1,0,1,1,1,1,1,0,0,1,0,1,1,1,0,0,1,1,0,0,0,1,0,0,0,1,1,0,0,0,1,1,1,1,0,1,0,0,1,1,0,1,1,1,1,0,0,1,0,1,1,0,1,0,0,0,0,1,1,1,1,1,0,1,0,0,0,1,1,1,0,1,1,0,1,1,1,1,1,1,1,1,1,1,1,1,1,0,6.698970004336019
0,0,0,0,0,0,0,0,0,0,0,0,0,0,0,0,0,0,0,0,0,0,0,0,0,0,0,0,0,0,0,0,0,0,0,0,0,0,0,0,0,0,0,0,0,0,0,0,0,0,0,0,0,0,1,0,0,0,0,0,0,0,0,0,0,0,0,0,0,0,0,0,0,0,0,1,0,0,0,1,0,0,0,0,0,1,0,0,0,0,1,1,1,0,0,1,0,0,1,0,1,1,0,0,1,1,0,0,1,0,1,1,0,0,0,0,0,1,1,0,0,1,1,1,0,1,0,0,0,1,0,1,0,0,0,0,1,1,0,1,1,0,1,0,1,1,1,1,1,0,1,1,0,1,1,1,1,1,1,1,1,1,1,1,1,1,0,8.537602002101044
0,0,0,0,0,0,0,0,0,0,0,0,0,0,0,0,0,0,0,0,0,0,0,0,0,0,0,0,0,0,0,0,0,0,0,0,0,0,0,0,0,0,0,0,0,0,0,0,0,0,0,0,0,0,0,0,0,0,0,0,0,0,0,0,0,0,0,0,0,0,0,0,0,0,0,1,0,0,0,0,0,0,0,1,0,1,0,0,0,0,1,1,1,0,0,1,1,0,0,0,1,0,0,0,1,0,0,0,0,0,1,1,0,0,0,0,0,1,1,0,0,1,1,1,0,1,0,0,1,1,0,1,1,0,0,0,1,1,0,1,1,0,1,0,0,1,1,1,1,0,1,1,1,1,1,1,1,1,1,1,0,1,1,1,1,1,0,7.920818753952375
0,0,0,0,0,0,0,0,0,0,0,0,0,0,0,0,0,0,0,0,0,0,0,0,0,0,0,0,0,0,0,0,0,0,0,0,0,0,0,0,0,0,0,0,0,0,0,0,0,0,0,0,0,0,0,0,0,0,0,0,0,0,0,0,0,0,0,0,0,0,0,0,0,0,0,1,0,0,0,1,0,0,0,0,0,1,0,0,0,0,1,1,1,0,0,1,0,0,1,0,1,1,0,0,1,1,0,0,1,1,1,1,0,0,1,0,0,1,1,0,0,1,1,1,0,1,1,0,1,1,0,0,0,0,0,0,1,1,1,0,1,1,1,0,1,1,1,1,1,1,1,1,0,1,1,1,1,1,1,1,1,1,1,1,1,1,0,6.356547323513812
0,0,0,0,0,0,0,0,0,0,0,0,0,0,0,0,0,0,0,0,0,0,0,0,0,0,0,0,0,0,0,0,0,0,0,0,0,0,0,0,0,0,0,0,0,0,0,0,0,0,0,0,0,0,1,0,0,0,0,0,0,0,0,0,0,0,0,0,0,0,0,0,0,0,0,1,0,0,0,1,0,0,0,1,0,1,0,0,0,0,1,1,1,0,0,1,1,0,0,0,1,1,0,0,1,1,0,0,1,0,1,1,0,0,0,0,0,1,1,0,0,1,1,1,0,1,0,0,0,0,0,1,0,0,0,0,1,1,0,1,1,0,1,0,1,1,1,1,1,0,1,1,0,1,1,1,1,1,1,1,1,1,1,1,1,1,0,8.508638306165727
0,0,0,0,0,0,0,0,0,0,0,0,0,0,0,0,0,0,0,0,0,0,0,0,0,0,0,0,0,0,0,0,0,0,0,0,0,0,0,0,0,0,0,0,0,0,0,0,0,0,0,0,0,0,1,0,0,0,0,0,0,0,0,0,0,0,0,0,0,0,0,0,1,0,0,1,0,0,0,1,0,0,0,0,0,1,0,0,0,0,1,1,1,1,0,1,0,0,1,0,1,1,0,0,1,1,0,0,1,0,1,1,0,1,0,0,0,1,1,0,0,1,1,1,0,1,1,1,0,1,0,1,0,0,0,0,1,1,0,1,1,1,1,1,1,1,1,1,1,1,1,1,1,1,1,1,1,1,1,1,1,1,1,1,1,1,0,8.522878745280337
0,0,0,0,0,0,0,0,0,0,0,0,0,0,0,0,0,0,0,0,0,0,0,0,0,0,0,0,0,0,0,0,0,0,0,0,0,0,0,0,0,0,0,0,0,0,0,0,0,0,0,0,0,0,0,0,0,0,0,0,0,0,0,0,0,0,0,0,0,0,0,0,0,0,0,1,0,0,0,0,0,0,1,1,0,1,0,0,1,0,0,1,1,0,0,1,1,0,0,0,1,1,0,0,0,1,0,0,1,0,1,0,0,0,0,1,0,1,0,0,0,1,1,1,0,0,0,0,1,0,0,1,0,0,0,0,1,1,1,1,0,0,0,0,1,0,1,0,1,0,1,0,0,1,1,1,1,1,1,1,1,1,1,1,1,1,0,4.853871964321762
0,0,0,0,0,0,0,0,0,0,0,0,0,0,0,0,0,0,0,0,0,0,0,0,0,0,0,0,0,0,0,0,0,0,0,0,0,0,0,0,0,0,0,0,0,0,0,0,0,0,0,0,0,0,0,0,0,0,0,0,0,0,0,0,0,0,0,0,0,0,0,0,1,0,0,1,0,0,0,1,0,0,0,0,0,1,0,0,0,0,1,1,1,1,0,1,0,0,1,0,1,1,0,0,1,1,0,0,1,1,1,1,0,1,1,0,0,1,1,0,0,1,1,1,0,1,1,1,1,1,0,1,0,0,0,0,1,1,1,1,1,1,1,1,1,1,1,1,1,1,1,1,1,1,1,1,1,1,1,1,1,1,1,1,1,1,0,7.251811972993799
0,0,0,0,0,0,0,0,0,0,0,0,0,0,0,0,0,0,0,0,0,0,0,0,0,0,0,0,0,0,0,0,0,0,0,0,0,0,0,0,0,0,0,0,0,0,0,0,0,0,0,0,0,0,0,0,0,0,0,0,0,0,0,0,0,0,0,0,0,0,0,0,1,0,0,1,0,0,0,1,0,0,0,0,0,1,0,0,0,0,1,1,1,1,0,1,0,0,1,0,1,1,0,0,1,1,0,0,1,1,1,1,0,1,1,0,0,1,1,0,0,1,1,1,0,1,1,1,1,1,0,0,0,0,0,0,1,1,1,0,1,1,1,1,1,1,1,1,1,1,1,1,1,1,1,1,1,1,1,1,1,1,1,1,1,1,0,6.522878745280337
0,0,0,0,0,0,0,0,0,0,0,0,0,0,0,0,0,0,0,0,0,0,0,0,0,0,0,0,0,0,0,0,0,0,0,0,0,0,0,0,0,0,0,0,0,0,0,0,0,0,0,0,0,0,0,0,0,0,0,0,0,0,0,0,0,0,0,0,0,0,0,0,1,0,0,1,0,0,0,1,0,0,0,0,0,1,0,0,0,0,1,1,1,1,0,1,0,0,1,0,1,1,0,0,1,1,0,0,1,1,1,1,0,1,1,0,0,1,1,0,0,1,1,1,0,1,1,1,1,1,0,1,0,0,0,0,1,1,1,1,1,1,1,1,1,1,1,1,1,1,1,1,1,1,1,1,1,1,1,1,1,1,1,1,1,1,0,5.958607314841775
0,0,0,0,0,0,0,0,0,0,0,0,0,0,0,0,0,0,0,0,0,0,0,0,0,0,0,0,0,0,0,0,0,0,0,0,0,0,0,0,0,0,0,0,0,0,0,0,0,0,0,0,0,0,0,0,0,0,0,0,0,0,0,0,0,0,0,0,0,0,0,0,0,0,0,1,0,0,0,0,0,1,0,1,0,1,0,0,1,0,0,1,1,0,0,1,1,0,0,0,1,1,0,0,0,1,0,0,1,0,1,0,0,0,0,1,1,1,0,0,0,1,1,1,0,0,0,0,1,0,0,0,0,0,0,0,1,1,1,1,1,0,0,0,1,0,1,0,1,1,1,0,0,1,1,1,1,1,1,1,1,1,1,1,1,1,0,4.619788758288394
0,0,0,0,0,0,0,0,0,0,0,0,0,0,0,0,0,0,0,0,0,0,0,0,0,0,0,0,0,0,0,0,0,0,0,0,0,0,0,0,0,0,0,0,0,0,0,0,0,0,0,0,0,0,0,0,0,0,0,0,0,0,0,0,0,0,0,0,0,0,0,0,1,0,0,1,0,0,0,1,0,0,0,0,0,1,0,0,0,0,1,1,1,1,0,1,0,0,1,0,1,1,0,0,1,1,0,0,1,1,1,1,0,1,1,0,0,1,1,0,0,1,1,1,0,1,1,1,1,1,0,0,0,0,0,0,1,1,1,0,1,1,1,1,1,1,1,1,1,1,1,1,1,1,1,1,1,1,1,1,1,1,1,1,1,1,0,6.2839966563652006
0,0,0,0,0,0,0,0,0,0,0,0,0,0,0,0,0,0,0,0,0,0,0,0,0,0,0,0,0,0,0,0,0,0,0,0,0,0,0,0,0,0,0,0,0,0,0,0,0,0,0,0,0,0,1,0,0,0,0,0,0,0,0,0,0,0,0,0,0,0,0,0,0,0,0,1,0,0,0,1,0,0,0,0,0,1,0,0,0,0,1,1,1,0,0,1,0,0,1,0,1,1,0,0,1,1,0,0,1,0,1,1,0,0,0,0,0,1,1,0,0,1,1,1,0,1,0,0,0,0,0,1,0,0,0,0,1,1,0,1,1,0,1,0,1,1,1,1,1,0,1,1,0,1,1,1,1,1,1,1,1,1,1,1,1,1,0,8.236572006437063
0,0,0,0,0,0,0,0,0,0,0,0,0,0,0,0,0,0,0,0,0,0,0,0,0,0,0,0,0,0,0,0,0,0,0,0,0,0,0,0,0,0,0,0,0,0,0,0,0,0,0,0,0,0,0,0,0,0,0,0,0,0,0,0,0,0,0,0,0,0,0,0,0,0,0,1,0,0,0,1,0,0,0,0,0,1,0,0,0,0,1,1,1,1,0,1,0,0,1,0,1,1,0,0,0,1,0,0,1,1,1,1,0,0,1,0,1,1,1,0,0,1,1,1,0,1,1,0,1,1,0,0,0,0,0,0,1,1,1,1,1,1,1,0,1,1,1,1,1,1,1,0,0,1,1,1,1,1,1,1,1,1,1,1,1,1,0,5.0
0,0,0,0,0,0,0,0,0,0,0,0,0,0,0,0,0,0,0,0,0,0,0,0,0,0,0,0,0,0,0,0,0,0,0,0,0,0,0,0,0,0,0,0,0,0,0,0,0,0,0,0,0,0,0,0,0,0,0,0,0,0,0,0,0,0,0,0,0,0,0,0,0,0,0,1,0,0,0,0,0,0,1,0,0,1,1,0,1,0,0,0,1,0,0,0,0,0,1,0,1,1,0,0,0,1,0,0,1,0,1,1,0,0,0,1,0,1,1,0,0,1,1,0,0,0,0,0,1,1,0,0,0,0,0,0,0,1,1,0,0,0,0,0,1,1,0,1,1,0,0,0,0,1,1,1,1,0,1,0,1,1,1,1,1,1,0,4.318758762624412
0,0,0,0,0,0,0,0,0,0,0,0,0,0,0,0,0,0,0,0,0,0,0,0,0,0,0,0,0,0,0,0,0,0,0,0,0,0,0,0,0,0,0,0,0,0,0,0,0,0,0,0,0,0,0,0,0,0,0,0,0,0,0,0,0,0,0,0,0,0,0,0,0,0,0,1,0,0,0,1,0,0,0,0,0,1,0,0,0,0,1,1,1,0,0,1,0,0,1,0,1,1,0,0,1,1,0,0,1,1,1,1,0,0,1,0,0,1,1,0,0,1,1,1,0,1,1,0,1,1,0,1,0,0,0,0,1,1,1,1,1,0,1,0,1,1,1,1,1,1,1,1,0,1,1,1,1,1,1,1,1,1,1,1,1,1,0,6.698970004336019
0,0,0,0,0,0,0,0,0,0,0,0,0,0,0,0,0,0,0,0,0,0,0,0,0,0,0,0,0,0,0,0,0,0,0,0,0,0,0,0,0,0,0,0,0,0,0,0,0,0,0,0,0,0,0,0,0,0,0,0,0,0,0,0,0,0,0,0,0,0,0,0,0,0,0,1,0,0,0,0,0,1,0,0,0,1,0,0,1,0,0,1,1,0,0,1,0,0,1,0,1,1,0,0,0,1,0,0,1,0,1,1,0,0,0,1,1,1,1,0,0,1,1,1,0,0,0,0,1,0,0,0,0,0,0,0,1,1,1,1,1,0,0,0,1,1,1,1,1,1,1,0,0,1,1,1,1,1,1,1,1,1,1,1,1,1,0,4.0
0,0,0,0,0,0,0,0,0,0,0,0,0,0,0,0,0,0,0,0,0,0,0,0,0,0,0,0,0,0,0,0,0,0,0,0,0,0,0,0,0,0,0,0,0,0,0,0,0,0,0,0,0,0,0,0,0,0,0,0,0,0,0,0,0,0,0,0,0,0,0,0,0,0,0,1,0,0,0,0,0,1,0,0,0,1,0,0,1,0,1,1,1,0,0,1,0,0,1,0,1,1,0,0,0,1,0,0,1,0,1,1,0,0,0,1,1,1,0,0,0,1,1,1,0,0,0,0,1,1,0,0,0,0,0,0,1,1,1,1,1,0,0,0,1,1,1,0,1,1,1,0,0,1,1,1,1,1,1,1,1,1,1,1,1,1,0,6.886056647693163
0,0,0,0,0,0,0,0,0,0,0,0,0,0,0,0,0,0,0,0,0,0,0,0,0,0,0,0,0,0,0,0,0,0,0,0,0,0,0,0,0,0,0,0,0,0,0,0,0,0,0,0,0,0,0,0,0,0,0,0,0,0,0,0,0,0,0,0,0,0,0,0,0,0,0,1,0,0,0,1,0,0,0,0,0,1,0,0,0,0,1,1,1,0,0,1,0,0,1,0,1,1,0,0,1,1,0,0,1,1,1,1,0,0,1,0,0,1,1,0,0,1,1,1,0,1,1,0,1,1,0,1,0,0,0,0,1,1,1,1,1,0,1,0,1,1,1,1,1,1,1,1,0,1,1,1,1,1,1,1,1,1,1,1,1,1,0,5.214670164989233
0,0,0,0,0,0,0,0,0,0,0,0,0,0,0,0,0,0,0,0,0,0,0,0,0,0,0,0,0,0,0,0,0,0,0,0,0,0,0,0,0,0,0,0,0,0,0,0,0,0,0,0,0,0,0,0,0,0,0,0,0,0,0,0,0,0,0,0,0,0,0,0,0,0,0,1,0,0,0,0,0,0,1,0,0,1,0,0,1,0,0,1,1,0,0,1,0,0,1,0,1,1,0,0,0,1,0,0,1,0,1,1,0,0,0,1,0,1,1,0,0,1,1,1,0,0,0,0,1,0,0,1,0,0,0,0,1,1,1,1,0,0,0,0,1,1,1,1,1,0,1,0,0,1,1,1,1,1,1,1,1,1,1,1,1,1,0,4.236572006437063
0,0,0,0,0,0,0,0,0,0,0,0,0,0,0,0,0,0,0,0,0,0,0,0,0,0,0,0,0,0,0,0,0,0,0,0,0,0,0,0,0,0,0,0,0,0,0,0,0,0,0,0,0,0,0,0,0,0,0,0,0,0,0,0,0,0,0,0,0,0,0,0,0,0,0,1,0,0,0,0,0,1,0,0,0,1,1,0,1,0,0,0,1,0,0,0,0,0,1,0,1,1,0,0,0,1,0,0,1,0,1,1,0,0,0,1,1,1,1,0,0,1,1,0,0,0,0,0,1,1,0,0,0,0,0,0,1,1,1,0,0,0,0,0,1,1,0,1,1,1,0,0,0,1,1,1,1,0,1,1,1,1,1,1,1,1,0,4.309803919971486
0,0,0,0,0,0,0,0,0,0,0,0,0,0,0,0,0,0,0,0,0,0,0,0,0,0,0,0,0,0,0,0,0,0,0,0,0,0,0,0,0,0,0,0,0,0,0,0,0,0,0,0,0,0,0,0,0,0,0,0,0,0,0,0,0,0,0,0,0,0,0,0,0,0,0,1,0,0,0,1,0,0,0,1,0,1,0,0,0,0,1,1,1,0,0,1,1,0,0,0,1,1,0,0,1,1,0,0,1,1,1,1,0,0,1,0,0,1,1,0,0,1,1,1,0,1,1,0,1,0,0,1,0,0,0,0,1,1,1,1,1,0,1,0,1,1,1,1,1,1,1,1,0,1,1,1,1,1,1,1,1,1,1,1,1,1,0,7.356547323513812
0,0,0,0,0,0,0,0,0,0,0,0,0,0,0,0,0,0,0,0,0,0,0,0,0,0,0,0,0,0,0,0,0,0,0,0,0,0,0,0,0,0,0,0,0,0,0,0,0,0,0,0,0,0,0,0,0,0,0,0,0,0,0,0,0,0,0,0,0,0,0,0,0,0,0,1,0,0,0,1,0,0,0,1,0,1,0,0,0,0,1,1,1,0,0,1,1,0,0,0,1,1,0,0,1,1,0,0,1,1,1,1,0,0,1,0,0,1,1,0,0,1,1,1,0,1,1,0,1,0,0,1,0,0,0,0,1,1,1,1,1,0,1,0,1,1,1,1,1,1,1,1,0,1,1,1,1,1,1,1,1,1,1,1,1,1,0,6.0
0,0,0,0,0,0,0,0,0,0,0,0,0,0,0,0,0,0,0,0,0,0,0,0,0,0,0,0,0,0,0,0,0,0,0,0,0,0,0,0,0,0,0,0,0,0,0,0,0,0,0,0,0,0,0,0,0,0,0,0,0,0,0,0,0,0,0,0,0,0,0,0,0,0,0,1,0,0,0,0,0,0,1,1,0,1,0,0,1,0,0,1,1,0,0,1,1,0,0,0,1,1,0,0,1,1,0,0,0,0,1,1,0,0,0,0,0,1,1,0,0,1,1,1,0,0,0,0,1,1,0,1,1,0,0,0,1,1,1,1,0,0,0,0,1,0,1,1,1,0,1,0,0,1,1,1,1,1,1,1,0,1,1,1,1,1,0,4.236572006437063
0,0,0,0,0,0,0,0,0,0,0,0,0,0,0,0,0,0,0,0,0,0,0,0,0,0,0,0,0,0,0,0,0,0,0,0,0,0,0,0,0,0,0,0,0,0,0,0,0,0,0,0,0,0,0,0,0,0,0,0,0,0,0,0,0,0,0,0,0,0,0,0,0,0,0,1,0,0,0,0,0,1,0,1,0,1,0,0,1,0,0,1,1,0,0,1,1,0,0,0,1,1,0,0,0,1,0,0,1,0,1,1,0,0,0,0,1,1,1,0,0,1,1,1,0,0,0,0,1,1,0,0,1,0,0,0,1,1,1,1,1,0,0,0,1,0,1,1,1,0,1,0,0,1,1,1,1,1,1,1,1,1,1,1,1,1,0,4.657577319177793
0,0,0,0,0,0,0,0,0,0,0,0,0,0,0,0,0,0,0,0,0,0,0,0,0,0,0,0,0,0,0,0,0,0,0,0,0,0,0,0,0,0,0,0,0,0,0,0,0,0,0,0,0,0,0,0,0,0,0,0,0,0,0,0,0,0,0,0,0,0,0,0,0,0,0,1,0,0,0,0,0,0,1,0,0,1,0,0,1,0,1,1,1,0,0,1,0,0,1,0,1,1,0,0,0,1,0,0,1,0,1,1,0,0,0,1,0,1,0,0,0,1,1,1,0,0,0,0,1,1,0,1,0,0,0,0,1,1,1,1,0,0,0,0,1,1,1,0,1,0,1,0,0,1,1,1,1,1,1,1,1,1,1,1,1,1,0,7.744727494896693
0,0,0,0,0,0,0,0,0,0,0,0,0,0,0,0,0,0,0,0,0,0,0,0,0,0,0,0,0,0,0,0,0,0,0,0,0,0,0,0,0,0,0,0,0,0,0,0,0,0,0,0,0,0,0,0,0,0,0,0,0,0,0,0,0,0,0,0,0,0,0,0,1,0,0,1,0,0,0,1,0,0,0,0,0,1,0,0,0,0,1,1,1,1,0,1,0,0,1,0,1,1,0,0,1,1,0,0,1,1,1,1,0,1,1,0,0,1,1,0,0,1,1,1,0,1,1,1,1,1,0,1,0,0,0,0,1,1,1,1,1,1,1,1,1,1,1,1,1,1,1,1,1,1,1,1,1,1,1,1,1,1,1,1,1,1,0,4.045757490560675
0,0,0,0,0,0,0,0,0,0,0,0,0,0,0,0,0,0,0,0,0,0,0,0,0,0,0,0,0,0,0,0,0,0,0,0,0,0,0,0,0,0,0,0,0,0,0,0,0,0,0,0,0,0,1,0,0,0,0,0,0,0,0,0,0,0,0,0,0,0,0,0,0,0,0,0,0,0,0,1,0,0,0,0,1,0,0,0,0,0,1,0,1,0,0,1,0,0,0,0,0,0,0,0,1,0,0,0,0,0,1,1,0,0,0,0,0,1,0,0,0,0,0,1,0,0,0,0,0,0,0,1,0,0,0,0,1,0,0,1,0,0,1,0,0,0,1,0,0,0,0,1,0,0,1,1,1,1,1,1,1,1,1,1,1,1,0,3.720000004094201
0,0,0,0,0,0,0,0,0,0,0,0,0,0,0,0,0,0,0,0,0,0,0,0,0,0,0,0,0,0,0,0,0,0,0,0,0,0,0,0,0,0,0,0,0,0,0,0,0,0,0,0,0,0,1,0,0,0,0,0,0,0,0,0,0,0,0,0,0,0,0,0,0,0,0,0,0,0,0,1,0,0,1,0,1,0,0,0,0,0,1,1,1,0,0,1,0,0,0,0,1,0,0,0,1,0,0,0,0,0,1,1,0,0,0,0,0,1,1,0,0,0,0,1,0,0,0,0,1,1,0,1,1,0,0,0,1,0,1,1,0,0,1,0,0,0,1,1,0,0,0,1,0,1,1,1,1,1,1,1,0,1,0,0,1,0,0,2.4899999999055544
0,0,0,0,0,0,0,0,0,0,0,0,0,0,0,0,0,0,0,0,0,0,0,0,0,0,0,0,0,0,0,0,0,0,0,0,0,0,0,0,0,0,0,0,0,0,0,0,0,0,0,0,0,0,1,0,0,0,0,0,0,0,0,0,0,0,0,0,0,0,0,0,0,0,0,0,0,0,0,1,0,0,1,0,1,0,0,0,0,0,0,1,1,0,0,1,0,0,0,0,1,0,0,0,1,0,0,0,0,0,1,1,0,0,0,0,0,1,0,0,0,0,0,1,0,0,0,0,0,1,0,1,1,0,0,0,1,0,1,1,0,0,1,0,0,0,1,0,0,0,0,1,0,1,1,1,1,1,1,1,0,1,0,0,1,0,0,2.140000000044956
0,0,0,0,0,0,0,0,0,0,0,0,0,0,0,0,0,0,0,0,0,0,0,0,0,0,0,0,0,0,0,0,0,0,0,0,0,0,0,0,0,0,0,0,0,0,0,0,0,0,0,0,0,0,1,0,0,0,0,0,0,0,0,0,0,0,0,0,0,0,0,0,0,0,0,1,0,0,0,1,0,0,0,0,0,1,1,0,0,0,1,1,1,0,0,1,0,0,0,0,1,1,0,0,1,0,0,0,0,0,1,1,0,0,0,0,0,1,1,0,0,1,1,1,0,0,0,1,1,1,0,1,1,1,0,0,1,1,1,1,1,0,1,1,0,0,1,1,1,0,1,1,0,1,1,1,1,1,1,1,0,1,1,1,1,1,0,5.769551078621726
0,0,0,0,0,0,0,0,0,0,0,0,0,0,0,0,0,0,0,0,0,0,0,0,0,0,0,0,0,0,0,0,0,0,0,0,0,0,0,0,0,0,0,0,0,0,0,0,0,0,0,0,0,0,1,0,0,0,0,0,0,0,0,0,0,0,0,0,0,0,0,0,0,0,0,0,0,0,0,1,0,0,0,0,1,0,0,0,0,0,1,1,1,0,0,1,0,0,0,0,0,0,0,0,1,0,0,0,0,0,1,1,0,1,1,1,0,1,0,0,0,0,0,1,0,0,0,1,0,0,0,1,0,0,0,0,1,0,0,1,1,0,1,1,0,0,1,0,0,1,0,1,1,0,1,1,1,1,1,1,1,1,1,1,1,1,0,5.430000267796054
0,0,0,0,0,0,0,0,0,0,0,0,0,0,0,0,0,0,0,0,0,0,0,0,0,0,0,0,0,0,0,0,0,0,0,0,0,0,0,0,0,0,0,0,0,0,0,0,0,0,0,0,0,0,0,0,0,0,0,0,0,0,0,0,0,0,0,0,0,0,0,0,0,0,0,1,0,0,0,1,0,0,0,1,1,1,0,0,0,0,1,1,1,0,0,1,1,0,0,0,1,0,0,0,0,0,0,0,0,0,1,1,0,0,1,1,0,1,1,0,0,1,1,1,0,0,0,0,0,1,0,1,0,0,0,0,1,1,0,1,0,0,1,0,0,0,1,1,1,1,1,1,0,1,1,1,1,1,1,1,1,1,0,0,1,1,0,3.889999983714797
0,0,0,0,0,0,0,0,0,0,0,0,0,0,0,0,0,0,0,0,0,0,0,0,0,0,0,0,0,0,0,0,0,0,0,0,0,0,0,0,0,0,0,0,0,0,0,0,0,0,0,0,0,0,1,0,0,0,0,0,0,0,0,0,0,0,0,0,0,0,0,0,0,0,0,0,0,0,0,1,0,0,1,0,1,0,0,0,0,0,1,1,1,0,0,1,0,0,0,0,1,0,0,0,1,0,0,0,0,0,1,1,0,0,0,0,0,1,1,0,0,0,0,1,0,0,0,0,1,1,0,1,1,0,0,0,1,0,1,1,0,0,1,0,0,0,1,1,0,0,0,1,0,1,1,1,1,1,1,1,0,1,0,0,1,0,0,2.2700000002994214
0,0,0,0,0,0,0,0,0,0,0,0,0,0,0,0,0,0,0,0,0,0,0,0,0,0,0,0,0,0,0,0,0,0,0,0,0,0,0,0,0,0,0,0,0,0,0,0,0,0,0,0,0,0,1,0,0,0,0,0,0,0,0,0,0,0,0,0,0,0,0,0,0,0,1,0,0,0,0,1,0,0,0,0,1,0,0,0,0,0,1,0,1,0,0,1,0,0,0,0,0,0,0,0,1,0,0,0,0,0,1,1,0,1,0,0,0,1,0,0,0,0,0,1,0,0,0,1,0,0,0,1,0,0,0,0,1,0,0,1,1,0,1,1,0,0,1,0,0,1,0,1,1,0,1,1,1,1,1,1,1,1,1,1,1,1,0,4.659999925349902
0,0,0,0,0,0,0,0,0,0,0,0,0,0,0,0,0,0,0,0,0,0,0,0,0,0,0,0,0,0,0,0,0,0,0,0,0,0,0,0,0,0,0,0,0,0,0,0,0,0,0,0,0,0,0,0,0,0,0,0,0,0,0,0,0,0,0,0,0,0,0,0,0,0,0,1,0,0,0,1,0,0,0,1,1,1,0,0,0,0,1,1,1,0,0,1,1,0,0,0,1,0,0,0,0,0,0,0,1,0,1,1,0,0,0,0,0,1,1,0,0,1,1,1,0,0,0,0,0,1,0,1,0,0,0,0,1,1,0,1,0,0,1,0,0,0,1,1,1,0,1,1,0,1,1,0,1,1,1,1,1,1,0,0,1,1,0,3.639999991045884
0,0,0,0,0,0,0,0,0,0,0,0,0,0,0,0,0,0,0,0,0,0,0,0,0,0,0,0,0,0,0,0,0,0,0,0,0,0,0,0,0,0,0,0,0,0,0,0,0,0,0,0,0,0,0,0,0,0,0,0,0,0,0,0,0,0,0,0,0,0,0,0,0,0,1,1,0,0,0,1,0,0,0,1,1,1,0,0,0,0,1,1,1,0,0,1,1,0,0,0,1,0,0,0,0,0,0,0,0,0,1,1,0,0,0,0,0,1,1,0,0,1,1,1,0,0,0,0,0,1,0,1,0,0,0,0,1,1,0,1,0,0,1,0,0,0,1,1,1,1,1,1,0,1,1,0,1,1,1,1,1,1,0,0,1,1,0,3.380000003615395
0,0,0,0,0,0,0,0,0,0,0,0,0,0,0,0,0,0,0,0,0,0,0,0,0,0,0,0,0,0,0,0,0,0,0,0,0,0,0,0,0,0,0,0,0,0,0,0,0,0,0,0,0,0,0,0,0,0,0,0,0,0,0,0,0,0,0,0,0,0,0,0,0,0,0,1,0,0,0,1,0,0,1,1,1,1,0,0,0,0,1,1,1,0,0,1,1,0,0,0,1,0,0,0,0,0,0,0,0,0,1,1,0,0,0,0,0,1,1,0,0,1,1,1,0,0,0,0,1,1,0,1,1,0,0,0,1,1,1,1,0,0,1,0,0,0,1,1,1,0,1,1,0,1,1,1,1,1,1,1,0,1,0,0,1,1,0,3.350000002091305
0,0,0,0,0,0,0,0,0,0,0,0,0,0,0,0,0,0,0,0,0,0,0,0,0,0,0,0,0,0,0,0,0,0,0,0,0,0,0,0,0,0,0,0,0,0,0,0,0,0,0,0,0,0,1,0,0,0,0,0,0,0,0,0,0,0,0,0,0,0,0,0,0,0,0,0,0,0,0,1,0,0,0,0,1,0,0,0,0,0,1,1,1,0,0,1,0,0,0,0,0,0,0,0,1,0,0,0,0,0,1,1,0,0,1,1,0,1,0,0,0,0,0,1,0,0,0,0,0,0,0,1,0,0,0,0,1,0,0,1,0,0,1,0,0,0,1,0,0,1,0,1,0,0,1,1,1,1,1,1,1,1,1,1,1,1,0,3.030000000370884
0,0,0,0,0,0,0,0,0,0,0,0,0,0,0,0,0,0,0,0,0,0,0,0,0,0,0,0,0,0,0,0,0,0,0,0,0,0,0,0,0,0,0,0,0,0,0,0,0,0,0,0,0,1,1,0,0,0,0,0,0,0,0,0,0,1,0,0,0,0,0,0,0,0,0,0,0,1,0,1,1,0,1,1,1,0,0,0,0,0,1,0,1,0,0,1,1,0,0,0,1,0,0,0,1,0,0,0,0,0,1,1,0,0,0,0,0,1,0,0,1,1,0,1,0,0,0,0,1,0,0,1,1,0,0,0,1,1,0,1,0,0,1,0,0,0,1,0,0,0,0,1,0,1,1,1,1,1,1,1,0,1,1,0,1,1,0,2.5100000003532474
0,0,0,0,0,0,0,0,0,0,0,0,0,0,0,0,0,0,0,0,0,0,0,0,0,0,0,0,0,0,0,0,0,0,0,0,0,0,0,0,0,0,0,0,0,0,0,0,0,0,0,0,0,0,1,0,0,0,0,0,0,0,0,0,0,0,0,0,0,0,0,0,0,0,0,0,0,0,0,1,0,0,0,0,1,0,0,0,0,0,1,1,1,0,0,1,0,0,0,0,0,0,0,0,1,0,0,0,0,0,1,1,0,0,0,0,0,1,1,0,0,0,0,1,0,0,0,0,0,0,0,1,1,0,0,0,1,0,0,1,1,0,1,0,0,0,1,1,0,0,0,1,0,0,1,1,1,1,1,1,1,1,0,0,1,0,0,2.0
0,0,0,0,0,0,0,0,0,0,0,0,0,0,0,0,0,0,0,0,0,0,0,0,0,0,0,0,0,0,0,0,0,0,0,0,0,0,0,0,0,0,0,0,0,0,0,0,0,0,0,0,0,1,0,0,0,0,0,0,0,0,0,0,0,0,0,0,0,0,0,0,0,0,0,1,0,0,0,1,1,0,1,1,0,1,0,0,1,0,1,1,1,0,0,1,1,0,0,0,1,0,0,0,1,0,0,0,1,0,1,1,0,0,0,1,0,1,0,0,0,1,1,1,0,0,0,0,1,1,0,1,0,1,0,0,1,1,1,1,1,0,1,0,0,0,1,0,1,0,1,1,0,1,1,1,1,1,1,1,1,1,1,1,1,1,0,7.744727494896693
0,0,0,0,0,0,0,0,0,0,0,0,0,0,0,0,0,0,0,0,0,0,0,0,0,0,0,0,0,0,0,0,0,0,0,0,0,0,0,0,0,0,0,0,0,0,0,0,0,0,0,0,0,0,1,0,0,0,0,0,0,0,0,0,0,0,0,0,0,0,0,0,0,0,1,0,0,0,0,1,0,0,0,0,1,0,0,0,0,0,1,0,1,0,0,1,0,0,0,0,0,0,0,0,1,0,0,0,0,0,1,1,0,0,0,1,0,1,0,0,0,0,0,1,0,0,0,0,0,0,0,1,0,0,0,0,1,0,0,1,0,1,1,0,0,0,1,0,0,1,0,1,0,0,1,1,1,1,1,1,1,1,0,0,1,0,0,3.5100000045692954
0,0,0,0,0,0,0,0,0,0,0,0,0,0,0,0,0,0,0,0,0,0,0,0,0,0,0,0,0,0,0,0,0,0,0,0,0,0,0,0,0,0,0,0,0,0,0,0,0,0,0,0,0,1,1,0,0,0,0,0,0,0,0,0,0,0,0,0,0,0,0,0,0,0,0,0,0,0,0,1,0,0,1,0,1,0,0,0,0,1,0,0,1,0,0,1,0,0,0,0,1,0,0,0,1,0,0,0,0,0,1,1,0,0,0,0,0,1,0,0,0,0,0,1,0,0,0,0,0,0,0,1,1,0,0,0,1,0,0,1,1,0,1,0,0,0,1,0,0,0,0,1,1,1,1,1,1,1,1,1,1,1,0,0,1,0,0,2.240000000254458
0,0,0,0,0,0,0,0,0,0,0,0,0,0,0,0,0,0,0,0,0,0,0,0,0,0,0,0,0,0,0,0,0,0,0,0,0,0,0,0,0,0,0,0,0,0,0,0,0,0,0,0,0,0,1,0,0,0,0,0,0,0,0,0,0,0,0,0,0,0,0,0,0,0,1,0,0,0,0,1,0,0,1,0,1,0,0,0,0,0,0,0,1,0,0,1,0,0,0,0,1,0,0,0,1,0,0,0,0,0,1,1,0,0,0,0,0,1,0,0,0,0,0,1,0,0,0,0,0,0,0,1,1,0,0,0,1,0,0,1,0,0,1,0,0,0,1,0,0,1,0,1,0,1,1,1,1,1,1,1,1,1,0,0,1,0,0,2.33999999963408
0,0,0,0,0,0,0,0,0,0,0,0,0,0,0,0,0,0,0,0,0,0,0,0,0,0,0,0,0,0,0,0,0,0,0,0,0,1,0,0,0,0,0,1,0,0,0,0,0,0,0,0,0,0,1,0,0,0,0,0,0,0,0,0,0,0,0,0,0,0,0,0,0,0,0,1,0,1,0,1,1,0,1,1,0,1,0,0,1,0,1,1,1,0,0,1,1,0,0,0,1,0,0,0,1,0,1,0,1,0,1,1,0,0,0,0,0,1,1,0,0,1,1,1,0,1,0,0,0,1,0,1,0,1,0,0,1,1,1,1,1,0,1,0,0,1,1,1,1,0,1,1,0,1,1,1,1,1,1,1,1,1,1,1,1,1,0,7.366531544420414
0,0,0,0,0,0,0,0,0,0,0,0,0,0,0,0,0,0,0,0,0,0,0,0,0,0,0,0,0,0,0,0,0,0,0,0,0,0,0,0,0,0,0,0,0,0,0,0,0,0,0,0,0,0,1,0,0,0,0,0,0,0,0,0,0,0,0,0,0,0,0,0,0,0,0,0,0,0,0,1,0,0,1,0,1,0,0,0,0,0,1,1,1,0,0,1,0,0,0,0,1,0,0,0,1,0,0,0,0,0,1,1,0,1,0,0,0,1,0,0,0,0,0,1,0,0,0,1,1,0,0,1,1,0,0,0,1,0,0,1,1,0,1,1,0,0,1,0,0,0,0,1,1,1,1,1,1,1,1,1,0,1,1,1,1,1,0,2.7000000010815404
0,0,0,0,0,0,0,0,0,0,0,0,0,0,0,0,0,0,0,1,0,0,0,0,0,0,0,0,0,0,0,0,0,0,0,0,0,0,0,0,0,0,0,0,0,0,0,0,0,0,0,0,0,0,1,0,0,0,0,0,0,0,0,0,0,0,0,0,0,0,0,0,0,0,0,1,0,0,0,1,0,0,0,0,0,1,1,0,0,0,1,1,1,0,0,1,0,0,0,0,1,0,0,0,1,0,0,0,0,0,1,1,0,0,0,0,0,1,1,0,0,1,1,1,0,0,0,1,1,1,0,1,1,1,0,0,1,1,1,1,1,0,1,1,0,0,1,1,1,0,1,1,0,1,1,1,1,1,1,1,0,1,1,1,1,1,0,6.154901959985743
0,0,0,0,0,0,0,0,0,0,0,0,0,0,0,0,0,0,0,0,0,0,0,0,0,0,0,0,0,0,0,0,0,0,0,0,0,0,0,0,0,0,0,0,0,0,0,0,0,0,0,0,0,0,1,0,0,0,0,0,0,0,0,0,0,0,0,0,0,0,0,0,0,0,0,1,0,0,0,1,0,0,0,0,0,1,1,0,0,0,1,1,1,0,0,1,0,0,0,0,1,1,0,0,1,0,0,0,0,0,1,1,0,0,0,0,0,1,1,0,0,1,1,1,0,0,0,1,1,1,0,1,1,1,0,0,1,1,1,1,1,0,1,1,0,0,1,1,1,0,1,1,0,1,1,1,1,1,1,1,0,1,1,1,1,1,0,8.698970004336019
0,0,0,0,0,0,0,0,0,0,0,0,0,0,0,0,0,0,0,0,0,0,0,0,0,0,0,0,0,0,0,0,0,0,0,0,0,0,0,0,0,0,0,0,0,0,0,0,0,0,0,0,0,1,1,0,0,0,0,0,0,0,0,0,0,0,0,0,0,0,0,0,0,0,0,1,0,0,0,1,1,0,1,1,0,1,0,0,1,0,1,1,1,0,0,1,1,0,0,0,1,0,0,0,1,0,0,0,1,0,1,1,0,0,0,0,0,1,1,0,0,1,1,1,0,1,0,0,0,1,0,1,0,1,0,0,1,1,1,1,1,0,1,0,0,1,1,1,1,0,1,1,0,1,1,1,1,1,1,1,1,1,1,1,1,1,0,6.596879478824183
0,0,0,0,0,0,0,0,0,0,0,0,0,0,0,0,0,0,0,0,0,0,0,0,0,0,0,0,0,0,0,0,0,0,0,0,0,0,0,0,0,0,0,0,0,0,0,0,0,0,0,0,0,0,1,0,0,0,0,0,0,0,0,0,0,0,0,0,0,0,0,0,0,0,1,0,0,0,0,1,0,0,1,0,1,0,0,0,0,0,1,0,1,0,0,1,0,0,0,0,1,0,0,0,1,0,0,0,0,0,1,1,0,0,0,1,0,1,0,0,0,0,0,1,0,0,0,0,1,0,0,1,1,0,0,0,1,0,0,1,0,0,1,0,0,0,1,0,0,1,0,1,0,1,1,1,1,1,1,1,1,1,0,0,1,0,0,2.600000000261
0,0,0,0,0,0,0,0,0,0,0,0,0,0,0,0,0,0,0,0,0,0,0,0,0,0,0,0,0,0,0,0,0,0,0,0,0,0,0,0,0,0,0,0,0,0,0,0,0,0,0,0,0,0,1,0,0,0,0,0,0,0,0,0,0,0,0,0,0,0,0,0,0,0,0,0,0,0,0,1,0,0,1,0,1,0,1,0,1,0,1,1,1,1,0,1,0,0,0,0,1,0,0,0,1,0,0,0,0,0,1,1,0,0,0,1,1,1,1,0,0,0,0,1,0,0,0,0,1,0,0,1,1,0,0,0,1,0,1,1,0,0,1,0,0,0,1,1,0,0,0,1,0,1,1,1,1,1,1,1,1,1,0,0,1,0,0,2.850000001421298
0,0,0,0,0,0,0,0,0,0,0,0,0,0,0,0,0,0,0,0,0,0,0,0,0,0,0,0,0,0,0,0,0,0,0,0,0,0,0,0,0,0,0,0,0,0,0,0,0,0,0,0,0,0,1,0,0,0,0,0,0,0,0,0,0,0,0,0,0,0,0,0,0,0,0,0,0,0,0,1,0,0,1,0,1,0,0,0,0,0,0,1,1,0,0,1,0,0,0,0,1,0,0,0,1,0,0,0,1,0,1,0,0,0,0,0,0,1,0,0,0,0,0,1,0,0,0,0,0,0,0,1,1,0,0,0,1,0,0,1,0,0,1,0,0,0,1,0,0,0,0,1,0,1,1,1,1,1,1,1,1,1,0,0,1,0,0,2.600000000261
0,0,0,0,0,0,0,0,0,0,0,0,0,0,0,0,0,0,0,0,0,0,0,0,0,0,0,0,0,0,0,0,0,0,0,0,0,0,0,0,0,0,0,0,0,0,0,0,0,0,0,0,0,1,1,0,0,0,0,0,0,0,0,0,0,0,0,0,0,0,0,0,0,0,0,0,0,0,0,1,0,0,1,0,1,0,0,0,0,1,1,1,1,0,0,1,0,1,0,0,1,0,0,0,1,0,0,0,0,1,1,1,0,0,0,0,0,1,0,0,0,0,0,1,0,0,0,0,1,0,0,1,1,0,0,0,1,0,1,1,1,0,1,0,0,0,1,0,0,0,0,1,0,1,1,1,1,1,1,1,0,1,0,0,1,0,0,2.070000000103263
0,0,0,0,0,0,0,0,0,0,0,0,0,0,0,0,0,0,0,0,0,0,0,0,0,0,0,0,0,0,0,0,0,0,0,0,0,0,0,0,0,0,0,0,0,0,0,0,0,0,0,0,0,1,1,0,0,0,0,0,0,0,0,0,0,0,0,0,0,0,0,0,0,0,0,0,0,0,0,1,0,0,1,0,1,0,0,0,0,0,1,0,1,0,0,1,0,1,0,0,1,0,0,0,1,0,0,0,0,0,1,1,0,0,0,0,0,1,0,0,0,0,0,1,0,0,0,0,1,0,0,1,1,0,0,0,1,0,0,1,1,0,1,0,0,0,1,0,0,0,0,1,0,1,1,1,1,1,1,1,0,1,0,0,1,0,0,2.0400000001694822
0,0,0,0,0,0,0,0,0,0,0,0,0,0,0,0,0,0,0,0,0,0,0,0,0,0,0,0,0,0,0,0,0,0,0,0,0,0,0,0,0,0,0,0,0,0,0,0,0,0,0,0,0,0,0,0,0,0,0,0,0,0,0,0,0,0,0,0,0,0,0,0,0,0,0,1,0,0,0,1,0,0,0,1,1,1,0,0,0,0,1,1,1,0,0,1,1,0,0,0,1,0,0,0,0,0,0,0,1,0,1,1,0,0,0,0,0,1,1,0,0,1,1,1,0,0,0,0,0,1,0,1,0,0,0,0,1,1,0,1,0,0,1,0,0,0,1,1,1,0,1,1,0,1,1,0,1,1,1,1,1,1,0,0,1,1,0,4.376750709602099
0,0,0,0,0,0,0,0,0,0,0,0,0,0,0,0,0,0,0,0,0,0,0,0,0,0,0,0,0,0,0,0,0,0,0,0,0,0,0,0,0,0,0,0,0,0,0,0,0,0,0,0,0,1,1,0,0,0,0,0,0,0,0,0,0,0,0,0,0,0,0,0,0,0,0,0,0,0,0,1,0,0,1,0,1,0,0,0,0,1,0,1,1,0,0,1,0,1,0,0,1,0,0,0,1,0,0,0,0,0,1,0,0,0,0,0,0,1,0,0,0,0,0,1,0,0,0,0,0,0,0,1,1,0,0,0,1,0,0,1,1,0,1,0,0,0,1,0,0,0,0,1,1,1,1,1,1,1,1,1,1,1,0,0,1,0,0,2.0
0,0,0,0,0,0,0,0,0,0,0,0,0,0,0,0,0,0,0,0,0,0,0,0,0,0,0,0,0,0,0,0,0,0,0,0,0,0,0,0,0,0,0,0,0,0,0,0,0,0,0,0,0,0,0,0,0,0,0,0,0,0,0,0,0,0,0,0,0,0,0,0,0,0,0,1,0,0,0,1,0,0,0,0,1,1,1,0,0,0,1,1,1,0,0,1,0,0,1,0,1,0,0,0,1,0,0,0,0,0,1,1,0,0,0,0,0,1,1,0,0,1,1,1,0,0,0,1,1,1,0,1,1,1,0,0,1,1,1,1,0,0,1,1,0,0,1,1,1,0,1,1,0,1,1,1,1,1,1,1,0,1,0,1,1,1,0,2.769551078621726
0,0,0,0,0,0,0,0,0,0,0,0,0,0,0,0,0,0,0,0,0,0,0,1,0,0,0,0,0,0,0,0,0,0,0,0,0,0,0,0,0,0,0,0,0,0,0,0,0,0,0,0,0,0,1,0,0,0,0,0,0,0,0,0,0,0,0,0,0,0,0,0,0,0,0,1,0,0,0,1,0,0,1,1,0,1,0,0,1,0,1,1,1,0,0,1,1,1,0,0,1,0,0,0,1,0,1,0,1,0,1,1,0,0,0,0,0,1,1,0,0,1,1,1,0,1,1,1,0,1,0,1,1,0,0,0,1,1,1,1,1,0,1,1,0,1,1,1,1,0,1,1,1,1,1,1,1,1,1,1,1,1,1,1,1,1,0,6.295849483160201
0,0,0,0,0,0,0,0,0,0,0,0,0,0,0,0,0,0,0,0,0,0,0,0,0,0,0,0,0,0,0,0,0,0,0,0,0,0,0,0,0,0,0,0,0,0,0,0,0,0,0,0,0,0,1,0,0,0,0,0,0,0,0,0,0,0,0,0,0,0,0,0,0,0,0,0,0,0,0,1,0,0,0,0,1,0,0,0,0,0,0,0,1,0,0,1,0,0,0,0,0,0,0,0,0,0,0,0,0,0,1,0,0,0,0,0,0,1,0,0,0,0,0,1,0,0,0,0,0,0,0,1,0,0,0,0,1,0,0,1,0,0,1,0,0,0,1,0,0,1,0,1,0,0,1,0,1,1,1,1,1,1,0,0,1,0,0,3.2100000013111223
0,0,0,0,0,0,0,0,0,0,0,0,0,0,0,0,0,0,0,0,0,0,0,0,0,0,0,0,0,0,0,0,0,0,0,0,0,0,0,0,0,0,0,0,0,0,0,0,0,0,0,0,0,0,1,0,0,0,0,0,0,0,0,0,0,0,0,0,0,0,0,0,0,0,0,1,0,0,0,1,0,0,0,0,0,1,1,0,0,0,1,1,1,0,0,1,0,0,1,0,1,0,0,0,1,0,0,0,0,0,1,1,0,0,0,0,0,1,1,0,0,1,1,1,0,0,0,1,1,1,0,1,1,1,0,0,1,1,1,1,1,0,1,1,0,1,1,1,1,0,1,1,0,1,1,1,1,1,1,1,0,1,1,1,1,1,0,6.366531544420414
0,0,0,0,0,0,0,0,0,0,0,0,0,0,0,0,0,0,0,0,0,0,0,0,0,0,0,0,0,0,0,0,0,0,0,0,0,0,0,0,0,0,0,0,0,0,0,0,0,0,0,0,0,0,0,0,0,0,0,0,0,0,0,0,0,0,0,0,0,0,0,0,0,0,0,1,0,0,0,1,0,0,0,0,1,1,1,0,0,0,1,1,1,0,0,1,0,0,0,0,1,1,0,0,1,0,0,0,0,0,1,1,0,0,0,0,0,1,1,0,0,1,1,1,0,0,0,1,1,1,0,1,1,1,0,0,1,1,1,1,0,0,1,1,0,0,1,1,1,0,1,1,0,1,1,1,1,1,1,1,0,1,0,0,1,1,0,3.356547323513813
0,0,0,0,0,0,0,0,0,0,0,0,0,0,0,0,0,0,0,0,0,0,0,0,0,0,0,0,0,0,0,0,0,0,0,0,0,0,0,0,0,0,0,0,0,0,0,0,0,0,0,0,0,0,1,0,0,0,0,0,0,0,0,0,0,0,0,0,0,0,0,0,0,0,0,0,0,0,0,1,0,0,1,0,1,0,0,0,0,0,1,1,1,0,0,1,0,0,0,0,1,0,0,0,1,0,0,0,0,0,1,1,0,0,0,0,0,1,1,0,0,0,0,1,0,0,0,0,0,1,0,1,0,0,0,0,1,0,0,1,0,0,1,0,0,0,1,1,0,0,0,1,0,1,1,1,1,1,1,1,1,1,0,0,1,0,0,3.419999995796937
0,0,0,0,0,0,0,0,0,0,0,0,0,0,0,0,0,0,0,0,0,0,0,0,0,0,0,0,0,0,0,0,0,0,0,0,0,0,0,0,0,0,0,0,0,0,0,0,0,0,0,0,0,0,1,0,0,0,0,0,0,0,0,0,0,0,0,0,0,0,0,0,0,0,0,0,0,0,0,1,0,0,1,0,1,0,0,0,0,0,1,1,1,0,0,1,0,0,0,0,1,0,0,0,1,0,0,0,0,0,1,1,0,0,0,0,0,1,1,0,0,0,0,1,0,0,0,0,1,0,0,1,1,0,0,0,1,0,0,1,1,0,1,0,0,0,1,1,0,0,0,1,0,1,1,1,1,1,1,1,0,1,0,0,1,0,0,2.1500000002356523
0,0,0,0,0,0,0,0,0,0,0,0,0,0,0,0,0,0,0,0,0,0,0,0,0,0,0,0,0,0,0,0,0,0,0,0,0,0,0,0,0,0,0,0,0,0,0,0,0,0,0,0,0,1,1,0,0,0,0,0,0,0,0,0,0,0,0,0,0,0,0,0,0,0,0,0,0,0,0,1,0,0,0,0,1,0,0,0,0,0,1,0,1,0,0,1,0,1,0,0,0,0,0,0,1,0,0,0,0,0,1,1,0,0,0,0,0,1,0,0,0,0,0,1,0,0,0,0,0,0,0,1,1,0,0,0,1,0,0,1,1,0,1,0,0,0,1,0,0,0,0,1,0,0,1,1,1,1,1,1,1,1,0,0,1,0,0,2.4200000003661803
0,0,0,0,0,0,0,0,0,0,0,0,0,0,0,0,0,0,0,0,0,0,0,0,0,0,0,0,0,0,0,0,0,0,0,0,0,0,0,0,0,0,0,0,0,0,0,0,0,0,0,0,0,0,1,0,0,0,0,0,0,0,0,0,0,0,0,0,0,0,0,0,0,0,0,0,0,0,0,1,0,0,1,0,1,0,0,0,0,0,1,0,1,0,0,1,0,0,0,0,1,0,0,0,1,0,0,0,0,0,1,1,0,0,0,0,0,1,0,0,0,0,0,1,0,0,0,0,1,0,0,1,1,0,0,0,1,0,0,1,0,0,1,0,0,0,1,0,0,0,0,1,0,1,1,1,1,1,1,1,0,1,1,1,1,1,0,3.200000003083764
0,0,0,0,0,0,0,0,0,0,0,0,0,0,0,0,0,0,0,0,0,0,0,0,0,0,0,0,0,0,0,0,0,0,0,0,0,0,0,0,0,0,0,0,0,0,0,0,0,0,0,0,0,0,1,0,0,0,0,0,0,0,0,0,0,1,0,0,0,0,0,0,0,0,0,0,0,0,0,1,0,0,0,1,1,0,0,0,0,0,1,1,1,0,0,1,1,0,0,0,0,1,0,0,1,1,0,0,0,0,1,1,0,0,1,1,0,1,0,0,0,1,0,1,0,1,0,0,0,0,0,1,0,0,0,0,1,1,0,1,0,0,1,0,0,0,1,0,0,1,0,1,0,0,1,1,1,1,1,1,1,1,1,1,1,1,0,5.700000503883016
0,0,0,0,0,0,0,0,0,0,0,0,0,0,0,0,0,0,0,0,0,0,0,0,0,1,0,0,0,0,0,0,0,0,0,0,0,0,0,0,0,0,0,1,0,0,0,0,0,0,0,0,0,0,1,0,0,0,0,0,0,0,0,0,0,0,0,0,0,0,0,0,0,0,0,0,0,1,1,1,0,0,0,0,1,0,0,0,0,0,1,1,1,0,0,1,0,0,0,0,1,0,0,0,1,0,1,0,0,0,1,1,0,0,0,0,0,1,1,1,0,0,0,1,0,0,0,0,0,0,0,1,0,0,0,0,1,0,0,1,0,0,1,0,0,0,1,1,0,0,0,1,0,1,1,1,1,1,1,1,0,1,1,1,1,1,0,3.639999991045884
0,0,0,0,0,0,0,0,0,0,0,0,0,0,0,0,0,0,0,0,0,0,0,0,0,0,0,0,0,0,0,0,0,0,0,0,0,0,0,0,0,0,0,0,0,0,0,0,0,0,0,0,0,0,1,0,0,0,0,0,0,0,0,0,0,0,0,0,0,0,0,0,0,0,0,0,0,0,0,1,0,0,1,0,1,0,0,0,0,0,1,0,1,0,0,1,0,0,0,0,1,0,0,0,1,0,0,0,0,0,1,1,0,1,0,0,0,1,0,0,0,0,0,1,0,0,0,1,1,0,0,1,1,0,0,0,1,0,0,1,1,0,1,1,0,0,1,0,0,0,0,1,1,1,1,1,1,1,1,1,0,1,1,1,1,1,0,3.6800000064135183
0,0,0,0,0,0,0,0,0,0,0,0,0,0,0,0,0,0,0,0,0,0,0,0,0,0,0,0,0,0,0,0,0,0,0,0,0,0,0,0,0,0,0,0,0,0,0,0,0,0,0,0,0,0,1,0,0,0,0,0,0,0,0,0,0,1,0,0,0,0,0,0,0,0,0,0,0,0,0,1,0,0,1,1,1,0,0,0,0,0,1,1,1,0,0,1,1,0,0,0,1,1,0,0,1,1,0,0,0,0,1,1,0,0,0,0,0,1,0,0,0,1,0,1,0,1,0,0,1,0,0,1,1,0,0,0,1,1,0,1,0,0,1,0,0,0,1,0,0,0,0,1,0,1,1,1,1,1,1,1,0,1,1,1,1,1,0,2.2300000002622604
0,0,0,0,0,0,0,0,0,0,0,0,0,0,0,0,0,0,0,0,0,0,0,0,0,0,0,0,0,0,0,0,0,0,0,0,0,0,0,0,0,0,0,0,0,0,0,0,0,0,0,0,0,0,1,0,0,0,0,0,0,0,0,0,0,1,0,0,0,0,0,0,0,0,0,0,0,0,0,1,0,0,0,1,1,0,0,0,0,0,1,1,1,0,0,1,1,0,0,0,0,1,0,0,1,1,0,0,0,0,1,1,0,0,0,0,0,1,0,0,0,1,0,1,0,1,0,0,0,0,0,1,0,0,0,0,1,1,0,1,0,0,1,0,0,0,1,0,0,0,0,1,0,0,1,1,1,1,1,1,1,1,1,1,1,1,0,5.0
0,0,0,0,0,0,0,0,0,0,0,0,0,0,0,0,0,0,0,0,0,0,0,0,0,1,0,0,0,0,0,0,0,0,0,0,0,0,0,0,0,0,0,1,0,0,0,0,0,0,0,0,0,0,1,0,0,0,0,0,0,0,0,0,0,0,0,0,0,0,0,0,0,0,0,0,0,1,1,1,0,0,1,0,1,0,0,0,0,0,1,1,1,0,0,1,0,0,0,0,1,0,0,0,1,0,1,0,0,0,1,1,0,0,0,0,0,1,1,1,0,0,0,1,0,0,0,0,1,0,0,1,1,0,0,0,1,0,1,1,0,0,1,0,0,0,1,1,0,0,0,1,0,1,1,1,1,1,1,1,0,1,0,0,1,0,0,2.4899999999055544
0,0,0,0,0,0,0,0,0,0,0,0,0,0,0,0,0,0,0,0,0,0,0,0,0,0,0,0,0,0,0,0,0,0,0,0,0,0,0,0,0,0,0,0,0,0,0,0,0,0,0,0,0,0,1,0,0,0,0,0,0,0,0,0,0,0,0,0,0,0,0,0,0,0,0,0,0,0,0,1,0,0,0,0,1,0,0,0,0,0,1,0,1,0,0,1,0,0,0,0,0,0,0,0,1,0,0,0,0,0,1,1,0,1,0,0,0,1,0,0,0,0,0,1,0,0,0,1,0,0,0,1,0,0,0,0,1,0,0,1,1,0,1,1,0,0,1,0,0,0,0,1,1,0,1,1,1,1,1,1,1,1,1,1,1,1,0,3.33999999963408
0,0,0,0,0,0,0,0,0,0,0,0,0,0,0,0,0,0,0,0,0,0,0,0,0,0,0,0,0,0,0,0,0,0,0,0,0,0,0,0,0,0,0,0,0,0,0,0,0,0,0,0,0,0,1,0,0,0,0,0,0,0,0,0,0,0,0,0,0,0,0,0,0,0,0,0,0,0,0,1,0,0,1,0,1,0,1,0,1,0,1,1,1,1,0,1,0,0,0,0,1,0,0,0,1,0,0,0,0,0,1,1,0,0,0,1,1,1,1,0,0,0,0,1,0,0,0,0,1,0,0,1,1,0,0,0,1,0,1,1,0,0,1,0,0,0,1,1,0,0,0,1,0,1,1,1,1,1,1,1,1,1,0,0,1,0,0,2.3200000002927523
0,0,0,0,0,0,0,0,0,0,0,0,0,0,0,0,0,0,0,0,0,0,0,0,0,0,0,0,0,0,0,0,0,0,0,0,0,0,0,0,0,0,0,0,0,0,0,0,0,0,0,0,0,0,1,0,0,0,0,0,0,0,0,0,0,0,0,0,0,0,0,0,0,0,0,1,0,0,0,1,1,0,0,1,0,1,1,0,0,0,1,1,1,0,0,1,1,0,0,0,1,0,0,0,1,0,0,0,0,0,1,1,0,0,0,0,0,1,1,0,0,1,1,1,0,0,0,1,1,1,0,1,1,1,0,0,1,1,1,1,1,0,1,1,0,0,1,1,1,0,1,1,0,1,1,1,1,1,1,1,0,1,1,1,1,1,0,4.920818753952375
0,0,0,0,0,0,0,0,0,0,0,0,0,0,0,0,0,0,0,0,0,0,0,0,0,0,0,0,0,0,0,0,0,0,0,0,0,0,0,0,0,0,0,0,0,0,0,0,0,0,0,0,0,1,1,0,0,0,0,0,0,0,0,0,0,0,0,0,0,0,0,0,0,0,0,1,0,0,0,1,1,0,1,1,0,1,0,0,1,0,1,1,1,0,0,1,1,0,0,0,1,0,0,0,1,0,0,0,1,0,1,1,0,0,0,0,0,1,1,0,0,1,1,1,0,1,0,0,0,1,0,1,0,1,0,0,1,1,1,1,1,0,1,0,0,1,1,1,1,0,1,1,0,1,1,1,1,1,1,1,1,1,1,1,1,1,0,7.376750709602099
0,0,0,0,0,0,0,0,0,0,0,0,0,0,0,0,0,0,0,0,0,0,0,0,0,0,0,0,0,0,0,0,0,0,0,0,0,0,0,0,0,0,0,0,0,0,0,0,0,0,0,0,0,0,1,0,0,0,0,0,0,0,0,0,0,0,0,0,0,0,0,0,0,0,0,1,0,0,0,1,0,0,0,0,0,1,1,0,0,0,1,1,1,0,0,1,0,0,0,0,1,1,0,0,1,0,0,0,0,0,1,1,0,0,0,0,0,1,1,0,0,1,1,1,0,0,0,1,1,1,0,1,1,1,0,0,1,1,1,1,1,0,1,1,0,0,1,1,1,0,1,1,0,1,1,1,1,1,1,1,0,1,1,1,1,1,0,7.036212172654444
0,0,0,0,0,0,0,0,0,0,0,0,0,0,0,0,0,0,0,0,0,0,0,0,0,0,0,0,0,0,0,0,0,0,0,0,0,0,0,0,0,0,0,0,0,0,0,0,0,0,0,0,0,0,1,0,0,0,0,0,0,0,0,0,0,0,0,0,0,0,0,0,0,0,0,0,0,0,0,1,0,0,0,0,1,0,0,0,0,0,1,0,1,0,0,1,0,0,0,0,0,0,0,0,1,0,0,0,0,0,1,1,0,1,0,0,0,1,0,0,0,0,0,1,0,0,0,1,0,0,0,1,0,0,0,0,1,0,0,1,1,0,1,1,0,0,1,0,0,0,0,1,1,0,1,1,1,1,1,1,1,1,1,1,1,1,0,4.059999994991732
0,0,0,0,0,0,0,0,0,0,0,0,0,0,0,0,0,0,0,0,0,0,0,0,0,0,0,0,0,0,0,0,0,0,0,0,0,0,0,0,0,0,0,0,0,0,0,0,0,0,0,0,0,0,1,0,0,0,0,0,0,0,0,0,0,0,0,0,0,0,0,0,0,0,0,0,0,0,0,1,0,0,1,0,1,0,0,0,0,0,1,1,1,0,0,1,0,0,0,0,1,0,0,0,1,0,0,0,0,0,1,1,0,0,1,1,0,1,0,0,0,0,0,1,0,0,0,0,0,0,0,1,1,0,0,0,1,0,0,1,0,0,1,0,0,0,1,0,0,1,0,1,0,1,1,1,1,1,1,1,1,1,0,0,1,0,0,2.92000000166795
0,0,0,0,0,0,0,0,0,0,0,0,0,0,0,0,0,0,0,0,0,0,0,0,0,0,0,0,0,0,0,0,0,0,0,0,0,0,0,0,0,0,0,0,0,0,0,0,0,0,0,0,0,1,0,0,0,0,0,0,0,0,1,0,0,0,0,0,0,0,0,0,0,0,0,1,0,0,0,1,1,0,1,1,0,1,0,0,1,0,1,1,1,0,0,1,1,0,0,0,1,0,0,0,1,0,0,0,1,0,1,1,0,0,0,1,0,1,0,0,0,1,1,1,0,1,0,0,1,1,0,1,0,1,0,0,1,1,1,1,1,0,1,0,0,1,1,0,1,0,1,1,0,1,1,1,1,1,1,1,1,1,1,1,1,1,0,6.157390760389438
0,0,0,0,0,0,0,0,0,0,0,0,0,0,0,0,0,0,0,0,0,0,0,0,0,0,0,0,0,0,0,0,0,0,0,0,0,0,0,0,0,0,0,0,0,0,0,0,0,0,0,0,0,0,1,0,0,0,0,0,0,0,0,0,0,1,0,0,0,0,0,0,0,0,1,0,0,0,0,1,0,0,0,1,1,0,0,0,0,0,1,1,1,0,0,1,1,0,0,0,0,1,0,0,1,1,0,0,0,0,1,1,0,0,0,0,0,1,0,0,0,1,0,1,0,1,0,0,0,0,0,1,0,0,0,0,1,1,0,1,0,0,1,0,0,0,1,0,0,1,0,1,0,0,1,1,1,1,1,1,1,1,1,1,1,1,0,5.800000874803203
0,0,0,0,0,0,0,0,0,0,0,0,0,0,0,0,0,0,0,0,0,0,0,0,0,1,0,0,0,0,0,0,0,0,0,0,0,0,0,0,0,0,0,1,0,0,0,0,0,0,0,0,0,0,1,0,0,0,0,0,0,0,0,0,0,1,0,0,0,0,0,0,0,0,0,0,0,1,1,1,0,0,0,1,1,0,0,0,0,0,1,1,1,0,0,1,1,0,0,0,1,1,0,0,1,1,1,0,0,0,1,1,0,0,0,0,0,1,1,1,0,1,0,1,0,1,0,0,0,0,0,1,0,0,0,0,1,1,0,1,0,0,1,0,0,0,1,1,0,0,0,1,0,1,1,1,1,1,1,1,0,1,1,1,1,1,0,4.800000052738446
0,0,0,0,0,0,0,0,0,0,0,0,0,0,0,0,0,0,0,0,0,0,0,0,0,0,0,0,0,0,0,0,0,0,0,0,0,0,0,0,0,0,0,0,0,0,0,0,0,0,0,0,0,0,1,0,0,0,0,0,0,0,0,0,0,0,0,0,0,0,0,0,0,0,0,1,0,0,0,1,0,0,0,0,0,1,1,0,0,0,1,1,1,0,0,1,0,0,0,0,1,1,0,0,1,0,0,0,0,0,1,1,0,0,0,0,0,1,1,0,0,1,1,1,0,0,0,1,1,1,0,1,1,1,0,0,1,1,1,1,1,0,1,1,0,0,1,1,1,0,1,1,0,1,1,1,1,1,1,1,0,1,1,1,1,1,0,5.886056647693163
0,0,0,0,0,0,0,0,0,0,0,0,0,0,0,0,0,0,0,0,0,0,0,0,0,0,0,0,0,0,0,0,0,0,0,0,0,0,0,0,0,0,0,0,0,0,0,0,0,0,0,0,0,0,1,0,0,0,0,0,0,0,0,0,0,0,0,0,0,0,0,0,0,0,1,0,0,0,0,1,0,0,0,0,1,0,0,0,0,0,1,0,1,0,0,1,0,0,0,0,0,0,0,0,1,0,0,0,0,0,1,1,0,0,0,0,0,1,0,0,0,0,0,1,0,0,0,0,0,0,0,1,0,0,0,0,1,0,0,1,0,0,1,0,0,0,1,0,0,1,0,1,0,0,1,1,1,1,1,1,1,1,1,1,1,1,0,4.279999967105453
0,0,0,0,0,0,0,0,0,0,0,0,0,0,0,0,0,0,0,0,0,0,0,0,0,0,0,0,0,0,0,0,0,0,0,0,0,0,0,0,0,0,0,0,0,0,0,0,0,0,0,0,0,0,1,0,0,0,0,0,0,0,0,0,0,0,0,0,0,0,0,0,0,0,0,0,0,0,0,1,0,0,1,0,1,0,0,0,0,0,1,1,1,0,0,1,0,0,0,0,1,0,0,0,1,0,0,0,0,0,1,1,0,0,0,0,0,1,1,0,0,0,0,1,0,0,0,0,1,0,0,1,1,0,0,0,1,0,0,1,1,0,1,0,0,0,1,1,0,0,0,1,0,1,1,1,1,1,1,1,0,1,0,0,1,0,0,2.2700000002994214
0,0,0,0,0,0,0,0,0,0,0,0,0,0,0,0,0,0,0,0,0,0,0,0,0,0,0,0,0,0,0,0,0,0,0,0,0,0,0,0,0,0,0,0,0,0,0,0,0,0,0,0,0,1,0,0,0,0,0,0,0,0,0,0,0,0,0,0,0,0,0,0,0,0,0,1,0,0,0,1,1,0,1,1,0,1,0,0,1,0,1,1,1,0,0,1,1,0,0,0,1,0,0,0,1,0,0,0,1,0,1,1,0,0,0,1,0,1,0,0,0,1,1,1,0,0,0,0,1,1,0,1,0,1,0,0,1,1,1,1,1,0,1,0,0,0,1,0,1,0,1,1,0,1,1,1,1,1,1,1,1,1,1,1,1,1,0,7.060480747381382
0,0,0,0,0,0,0,0,0,0,0,0,0,0,0,0,0,0,0,0,0,0,0,0,0,1,0,0,0,0,0,0,0,0,0,0,0,0,0,0,0,0,0,1,0,0,0,0,0,0,0,0,0,0,1,0,0,0,0,0,0,0,0,0,0,0,0,0,0,0,0,0,0,0,0,0,0,1,1,1,0,0,1,0,1,0,0,0,0,0,1,1,1,0,0,1,0,0,0,0,1,0,0,0,1,0,1,0,0,0,1,1,0,0,0,0,0,1,1,1,0,0,0,1,0,0,0,0,0,0,0,1,0,0,0,0,1,0,0,1,0,0,1,0,0,0,1,1,0,0,0,1,0,1,1,1,1,1,1,1,0,1,1,1,1,1,0,3.039999999693288
0,0,0,0,0,0,0,0,0,0,0,0,0,0,0,0,0,0,0,0,0,0,0,0,0,0,0,0,0,0,0,0,0,0,0,0,0,0,0,0,0,0,0,0,0,0,0,0,0,0,0,0,0,1,1,0,0,0,0,0,0,0,0,0,0,0,0,0,0,0,0,0,0,0,0,0,0,0,0,1,0,0,1,0,1,0,0,0,0,0,1,1,1,0,0,1,0,1,0,0,1,0,0,0,1,0,0,0,0,0,1,1,0,0,0,0,0,1,0,0,0,0,0,1,0,0,0,0,1,0,0,1,1,0,0,0,1,0,0,1,1,0,1,0,0,0,1,0,0,0,0,1,0,1,1,1,1,1,1,1,0,1,0,0,1,0,0,1.849999999884013
0,0,0,0,0,0,0,0,0,0,0,0,0,0,0,0,0,0,0,0,0,0,0,0,0,0,0,0,0,0,0,0,0,0,0,0,0,1,0,0,0,0,0,1,0,0,0,0,0,0,0,0,0,0,1,0,0,0,0,0,0,0,0,0,0,0,0,0,0,0,0,0,0,0,0,1,0,1,0,1,1,0,1,1,0,1,0,0,1,0,1,1,1,0,0,1,1,0,0,0,1,0,0,0,1,0,1,0,1,0,1,1,0,0,0,1,0,1,0,0,0,1,1,1,0,0,0,0,1,1,0,1,0,1,0,0,1,1,1,1,1,0,1,0,0,0,1,0,1,0,1,1,0,1,1,1,1,1,1,1,1,1,1,1,1,1,0,6.832682665251824
0,0,0,0,0,0,0,0,0,0,0,0,0,0,0,0,0,0,0,0,0,0,0,0,0,0,0,0,0,0,0,0,0,0,0,0,0,0,0,0,0,0,0,0,0,0,0,0,0,0,0,0,0,0,1,0,0,0,0,0,0,0,0,0,0,1,0,0,0,0,0,0,0,0,0,0,0,0,0,1,0,0,1,1,1,0,0,0,0,0,1,1,1,0,0,1,1,0,0,0,1,1,0,0,1,1,0,0,0,0,1,1,0,0,0,0,0,1,0,0,0,1,0,1,0,1,0,0,1,0,0,1,1,0,0,0,1,1,0,1,0,0,1,0,0,0,1,0,0,0,0,1,0,1,1,1,1,1,1,1,0,1,1,1,1,1,0,4.519999959791458
0,0,0,0,0,0,0,0,0,0,0,0,0,0,0,0,0,0,0,0,0,0,0,0,0,0,0,0,0,0,0,0,0,0,0,0,0,0,0,0,0,0,0,0,0,0,0,0,0,0,0,0,0,0,1,0,0,0,0,0,0,0,0,0,0,0,0,0,0,0,0,0,0,0,0,0,0,0,0,1,0,0,1,0,1,0,0,0,0,0,0,0,1,0,0,1,0,0,0,0,1,0,0,0,1,0,0,0,1,0,1,1,0,0,0,0,0,1,0,0,0,0,0,1,0,0,0,0,0,0,0,1,1,0,0,0,1,0,0,1,0,0,1,0,0,0,1,0,0,0,0,1,0,1,1,1,1,1,1,1,1,1,0,0,1,0,0,2.7000000010815404
0,0,0,0,0,0,0,0,0,0,0,0,0,0,0,0,0,0,0,0,0,0,0,0,0,0,0,0,0,0,0,0,0,0,0,0,0,0,0,0,0,0,0,0,0,0,0,0,0,0,0,0,0,0,1,0,0,0,0,0,0,0,0,0,0,1,0,0,0,0,0,0,0,0,0,0,0,1,0,1,1,0,1,1,1,0,0,0,0,0,1,1,1,0,0,1,1,0,0,0,1,0,0,0,1,0,0,0,0,0,1,1,0,0,0,0,0,1,0,0,1,1,0,1,0,0,0,0,1,0,0,1,1,0,0,0,1,1,0,1,0,0,1,0,0,0,1,0,0,0,0,1,0,1,1,1,1,1,1,1,0,1,1,0,1,1,0,2.200000000330522
0,0,0,0,0,0,0,0,0,0,0,0,0,0,0,0,0,0,0,0,0,0,0,0,0,0,0,0,0,0,0,0,0,0,0,0,0,0,0,0,0,0,0,0,0,0,0,0,0,0,0,0,0,0,1,0,0,0,0,0,0,0,0,0,0,1,0,0,0,0,0,0,0,0,1,0,0,1,0,1,1,0,0,1,1,0,0,0,0,0,1,1,1,0,0,1,1,0,0,0,0,0,0,0,1,0,0,0,0,0,1,1,0,0,0,1,0,1,0,0,1,1,0,1,0,0,0,0,0,0,0,1,0,0,0,0,1,1,0,1,0,0,1,0,0,0,1,0,0,1,0,1,0,0,1,1,1,1,1,1,1,1,1,0,1,1,0,2.4899999999055544
0,0,0,0,0,0,0,0,0,0,0,0,0,0,0,0,0,0,0,1,0,0,0,0,0,0,0,0,0,0,0,0,0,0,0,0,0,0,0,0,0,0,0,0,0,0,0,0,0,0,0,0,0,0,0,0,0,0,0,0,0,0,0,0,0,0,0,0,0,0,0,0,0,0,0,1,0,0,0,1,0,0,0,0,1,1,1,0,0,0,1,1,1,0,0,1,0,0,0,0,1,0,0,0,1,0,0,0,0,0,1,1,0,0,0,0,0,1,1,0,0,1,1,1,0,0,0,1,1,1,0,1,1,1,0,0,1,1,1,1,0,0,1,1,0,0,1,1,1,0,1,1,0,1,1,1,1,1,1,1,0,1,0,0,1,1,0,3.318758762624413
0,0,0,0,0,0,0,0,0,0,0,0,0,0,0,0,0,0,0,0,0,0,0,0,0,0,0,0,0,0,0,0,0,0,0,0,0,0,0,0,0,0,0,0,0,0,0,0,0,0,0,0,0,0,1,0,0,0,0,0,0,0,0,0,0,0,0,0,0,0,0,0,0,0,0,0,0,0,0,1,0,0,1,0,1,0,0,0,0,0,1,1,1,0,0,1,0,0,0,0,1,0,0,0,1,0,0,0,0,0,1,1,0,0,0,0,0,1,1,0,0,0,0,1,0,0,0,0,1,0,0,1,1,0,0,0,1,0,0,1,1,0,1,0,0,0,1,1,0,0,0,1,0,1,1,1,1,1,1,1,0,1,0,0,1,0,0,2.130000000176292
0,0,0,0,0,0,0,0,0,0,0,0,0,0,0,0,0,0,0,0,0,0,0,0,0,1,0,0,0,0,0,0,0,0,0,0,0,0,0,0,0,0,0,1,0,0,0,0,0,0,0,0,0,0,1,0,0,0,0,0,0,0,0,0,0,0,0,0,0,0,0,0,0,0,0,0,0,1,1,1,0,0,0,0,1,0,0,0,0,0,1,1,1,0,0,1,0,0,0,0,1,0,0,0,1,0,1,0,0,0,1,1,0,0,0,0,0,1,1,1,0,0,0,1,0,0,0,0,0,0,0,1,0,0,0,0,1,0,0,1,0,0,1,0,0,0,1,1,0,0,0,1,0,1,1,1,1,1,1,1,1,1,0,0,1,0,0,3.33999999963408
0,0,0,0,0,0,0,0,0,0,0,0,0,0,0,0,0,0,0,0,0,0,0,0,0,0,0,0,0,0,0,0,0,0,0,0,0,0,0,0,0,0,0,0,0,0,0,0,0,0,0,0,0,0,1,0,0,0,0,0,0,0,0,0,0,0,0,0,0,0,0,0,0,0,1,0,0,0,0,1,0,0,1,0,1,0,0,0,0,0,1,1,1,0,0,1,0,0,0,0,1,0,0,0,1,0,0,0,0,0,1,1,0,0,0,1,0,1,0,0,0,0,0,1,0,0,0,0,1,0,0,1,1,0,0,0,1,0,0,1,0,0,1,0,0,0,1,0,0,1,0,1,0,1,1,1,1,1,1,1,1,1,0,0,1,0,0,2.0599999999781
0,0,0,0,0,0,0,0,0,0,0,0,0,0,0,0,0,0,0,0,0,0,0,0,0,0,0,0,0,0,0,0,0,0,0,0,0,0,0,0,0,0,0,0,0,0,0,0,0,0,0,0,0,0,1,0,0,0,0,0,0,0,0,0,0,0,0,0,0,0,0,0,0,0,0,0,0,0,0,1,0,0,1,0,1,0,0,0,0,0,1,1,1,0,0,1,0,0,0,0,1,0,0,0,1,0,0,0,0,0,1,1,0,0,0,0,0,1,1,0,0,0,0,1,0,0,0,0,1,0,0,1,1,0,0,0,1,0,0,1,1,0,1,0,0,0,1,1,0,0,0,1,0,1,1,1,1,1,1,1,0,1,0,0,1,0,0,2.0
0,0,0,0,0,0,0,0,0,0,0,0,0,0,0,0,0,0,0,0,0,0,0,0,0,1,0,0,0,0,0,0,0,0,0,0,0,0,0,0,0,0,0,1,0,0,0,0,0,0,0,0,0,0,0,0,0,0,0,0,0,0,0,0,0,0,0,0,0,0,0,0,0,0,0,1,0,1,1,1,0,0,0,1,1,1,0,0,0,0,1,1,1,0,0,1,1,0,0,0,1,0,0,0,1,0,1,0,0,0,1,1,0,0,0,0,0,1,1,1,0,1,1,1,0,0,0,0,1,1,0,1,0,0,0,0,1,1,1,1,0,0,1,0,0,0,1,1,1,0,1,1,0,1,1,1,1,1,1,1,0,1,0,0,1,1,0,3.739999990121752
0,0,0,0,0,0,0,0,0,0,0,0,0,0,0,0,0,0,0,0,0,0,0,0,0,0,0,0,0,0,0,0,0,0,0,0,0,0,0,0,0,0,0,0,0,0,0,0,0,0,0,0,0,0,1,0,0,0,0,0,0,0,0,0,0,0,0,0,0,0,0,0,0,0,1,0,0,0,0,1,0,0,1,0,1,0,0,0,0,0,0,1,1,0,0,1,0,0,0,0,1,0,0,0,1,0,0,0,0,0,1,0,0,0,0,0,0,1,0,0,0,0,0,1,0,0,0,0,0,0,0,1,1,0,0,0,1,0,0,1,0,0,1,0,0,0,1,0,0,1,0,1,0,1,1,1,1,1,1,1,1,1,0,0,1,0,0,2.959999998472388
0,0,0,0,0,0,0,0,0,0,0,0,0,0,0,0,0,0,0,0,0,0,0,0,0,0,0,0,0,0,0,0,0,0,0,0,0,0,0,0,0,0,0,0,0,0,0,0,0,0,0,0,0,0,1,0,0,0,0,0,0,0,0,0,0,0,0,0,0,0,0,0,0,0,0,0,0,0,0,1,0,0,1,0,1,0,0,0,0,0,1,1,1,0,0,1,0,0,0,0,1,0,0,0,1,0,0,0,0,0,1,0,0,0,1,1,0,1,0,0,0,0,0,1,0,0,0,0,0,0,0,1,1,0,0,0,1,0,0,1,0,0,1,0,0,0,1,0,0,1,0,1,0,1,1,1,1,1,1,1,1,1,0,0,1,0,0,2.92000000166795
0,0,0,0,0,0,0,0,0,0,0,0,0,0,0,0,0,0,0,0,0,0,0,0,0,0,0,0,0,0,0,0,0,0,0,0,0,0,0,0,0,0,0,0,0,0,0,0,0,0,0,0,0,1,1,0,0,0,0,0,0,0,0,0,0,0,0,0,0,0,0,0,0,0,0,0,0,0,0,1,0,0,1,0,1,0,0,0,0,1,1,0,1,0,0,1,0,0,0,0,1,0,0,0,1,0,0,0,0,1,1,1,0,0,0,0,0,1,0,0,0,0,0,1,0,0,0,0,1,0,0,1,1,0,0,0,1,0,1,1,1,0,1,0,0,0,1,0,0,0,0,1,0,1,1,1,1,1,1,1,0,1,0,0,1,0,0,2.4200000003661803
0,0,0,0,0,0,0,0,0,0,0,0,0,0,0,0,0,0,0,0,0,0,0,0,0,0,0,0,0,0,0,0,0,0,0,0,0,0,0,0,0,0,0,0,0,0,0,0,0,0,0,0,0,0,1,0,0,0,0,0,0,0,0,0,0,0,0,0,0,0,0,0,0,0,0,0,0,0,0,1,0,0,1,1,0,0,0,0,0,0,1,1,1,0,0,1,1,0,0,0,1,0,0,0,1,0,0,0,0,0,1,1,0,0,0,0,0,1,1,0,0,1,0,1,0,0,0,0,1,1,0,1,1,0,0,0,1,1,1,1,0,0,1,0,0,0,1,1,0,0,0,1,0,1,1,1,1,1,1,1,0,1,0,0,1,1,0,1.770000000118083
0,0,0,0,0,0,0,0,0,0,0,1,0,0,0,0,0,0,0,0,0,0,0,0,0,0,0,0,0,0,0,0,0,0,0,0,0,0,0,0,0,0,0,0,0,0,0,0,0,0,0,0,0,0,1,0,0,0,0,0,0,0,0,0,0,0,0,0,0,0,0,0,0,0,0,1,0,0,0,1,0,0,1,1,1,1,0,0,0,0,1,1,1,0,0,1,1,0,0,0,1,0,0,0,1,0,0,0,1,0,1,1,0,0,0,1,0,1,1,0,0,1,1,1,0,0,0,0,1,1,0,1,1,0,0,0,1,1,1,1,1,0,1,0,0,0,1,1,1,0,1,1,1,1,1,1,1,1,1,1,1,1,1,1,1,1,0,8.522878745280337
0,0,0,0,0,0,0,0,0,0,0,0,0,0,0,0,0,0,0,0,0,0,0,0,0,0,0,0,0,0,0,0,0,0,0,0,0,0,0,0,0,0,0,0,0,0,0,0,0,0,0,0,0,0,1,0,0,0,0,0,0,0,0,0,0,0,0,0,0,0,0,0,0,0,1,1,0,0,0,1,0,0,0,1,0,1,0,0,0,0,1,1,1,0,0,1,1,0,0,0,1,0,0,0,1,0,0,0,1,0,1,1,0,0,0,1,1,1,1,0,0,1,1,1,0,0,0,0,0,1,0,1,0,0,0,0,1,1,0,1,1,1,1,0,0,0,1,1,1,1,1,1,0,1,1,1,1,1,1,1,1,1,0,0,1,1,0,8.100015437450608
0,0,0,0,0,0,0,0,0,0,0,0,0,0,0,0,0,0,0,0,0,0,0,0,0,0,0,1,0,0,0,0,0,0,0,0,0,0,0,0,0,0,0,0,0,0,0,0,0,0,0,0,0,0,1,0,0,0,0,0,0,0,0,0,0,0,0,0,0,0,0,0,0,0,0,1,0,0,0,1,0,0,0,1,0,1,0,1,0,0,1,1,1,0,0,1,1,0,0,0,1,0,0,0,1,0,0,1,1,0,1,1,0,0,0,0,0,1,1,0,0,1,1,1,0,0,0,0,0,1,0,1,1,1,1,1,1,1,0,1,1,0,1,0,0,0,1,1,1,0,1,1,0,1,1,1,1,1,1,1,1,1,1,1,1,1,0,9.100015437450608
0,0,0,0,0,0,0,0,0,0,0,0,0,0,0,0,0,0,0,0,0,0,0,0,0,0,0,0,0,0,0,0,0,0,0,0,0,0,0,0,0,0,0,0,0,0,0,0,0,0,0,0,0,1,0,0,0,0,0,0,0,0,0,0,1,0,0,0,0,0,0,0,0,0,0,1,0,0,0,1,0,1,0,1,0,1,0,0,1,0,1,1,1,0,0,1,1,0,0,0,1,0,0,0,1,0,0,0,1,0,1,1,0,0,0,0,0,1,1,0,0,1,1,1,0,0,0,0,1,1,0,1,0,0,0,0,1,1,0,1,1,0,1,0,0,0,1,1,1,0,1,1,0,1,1,0,1,1,1,1,1,1,0,1,1,1,0,8.0
0,0,0,0,0,0,0,0,0,0,0,0,0,0,0,0,0,0,0,0,0,0,0,0,0,0,0,0,0,0,0,0,0,0,0,0,0,0,0,0,0,0,0,0,0,0,0,0,0,0,0,0,1,0,0,0,0,0,0,0,0,0,0,0,0,0,1,0,0,0,0,0,0,0,0,0,0,0,0,0,1,0,1,1,0,0,0,0,1,1,1,1,1,0,1,1,1,1,1,0,1,1,0,0,0,1,0,0,1,0,1,1,1,0,0,1,0,1,1,0,1,1,1,1,1,0,0,1,1,0,0,1,0,0,0,0,1,1,1,1,1,0,1,1,0,0,1,1,1,0,1,0,0,1,1,1,1,1,1,1,1,1,0,1,1,1,0,5.499999678657065
0,0,0,0,0,0,0,0,0,0,0,0,0,0,0,0,0,0,0,0,0,0,0,0,0,0,0,0,0,0,0,0,0,0,0,0,0,0,0,0,0,0,0,0,0,0,0,0,0,0,0,0,0,0,0,0,0,0,0,0,0,0,0,0,1,0,0,0,0,0,0,0,0,0,0,1,0,0,0,0,0,1,0,1,0,1,0,0,1,0,1,1,1,0,0,1,1,0,0,0,1,0,0,0,1,0,0,0,0,0,1,1,0,0,0,0,0,1,1,0,0,1,1,1,0,0,0,0,1,1,0,1,0,0,0,0,1,1,0,1,0,0,0,0,0,0,1,1,1,0,1,0,0,1,1,0,1,1,1,1,0,1,0,0,1,1,0,6.900008766455316
0,0,0,0,0,0,0,0,0,0,0,0,0,0,0,0,0,0,0,1,0,0,0,0,0,0,0,0,0,0,0,0,0,0,0,0,0,0,0,0,0,0,0,0,0,0,0,0,0,0,0,0,0,0,1,0,0,0,0,0,0,0,0,0,0,0,0,0,0,0,0,0,0,0,0,1,0,0,0,1,0,0,0,0,0,1,0,0,0,0,1,1,1,0,0,1,0,0,0,0,1,1,0,0,1,1,0,0,0,0,1,1,0,0,0,0,0,1,1,0,0,1,1,1,0,1,0,1,1,0,0,1,1,1,0,1,1,1,0,1,1,0,1,1,1,1,1,1,1,0,1,1,0,1,1,1,1,1,1,1,0,1,1,1,1,1,0,8.0
0,0,0,0,0,0,0,0,0,0,0,0,0,0,0,0,0,0,0,0,0,0,0,0,0,0,0,0,0,0,0,0,0,0,0,0,0,0,0,0,0,0,0,0,0,0,0,0,0,0,0,0,0,0,1,0,0,0,0,0,0,0,0,0,0,0,0,0,0,0,0,0,0,0,0,1,0,0,0,1,0,0,1,1,1,1,0,0,0,0,1,1,1,0,0,1,1,0,0,0,1,0,0,0,1,0,0,0,0,0,1,1,0,0,0,0,0,1,1,0,0,1,1,1,0,0,0,0,1,1,0,1,0,0,0,0,1,1,1,1,1,0,1,0,0,0,1,1,1,0,1,1,0,1,1,1,1,1,1,1,0,1,1,1,1,1,0,8.400007822415901
0,0,0,0,0,0,0,0,0,0,0,0,0,0,0,0,0,0,0,0,0,0,0,0,0,0,0,0,0,0,0,0,0,0,0,0,0,0,0,0,0,0,0,0,0,0,0,0,0,0,0,0,0,1,1,0,0,0,0,0,0,0,0,0,0,0,0,0,0,0,0,0,0,0,0,0,0,0,0,0,0,0,1,0,0,0,0,0,1,0,1,0,1,0,0,1,0,0,0,0,1,0,0,0,1,0,0,0,0,0,1,0,0,0,0,0,0,1,0,0,0,0,0,1,0,0,0,0,1,0,0,1,1,0,0,0,1,0,1,1,0,0,0,0,0,0,1,0,0,0,0,1,0,1,1,1,1,1,1,1,0,1,1,1,1,1,0,6.499996931948306
0,0,0,0,0,0,0,0,0,0,0,0,0,0,0,0,0,0,0,0,0,0,0,0,0,0,0,0,0,1,0,0,0,0,0,0,0,0,0,0,0,0,0,0,0,0,0,0,1,0,0,0,0,0,1,0,0,0,0,0,0,0,0,0,0,0,0,0,0,1,0,0,1,0,0,1,0,0,0,0,0,0,0,1,0,1,0,0,0,0,1,1,1,0,0,1,1,0,0,0,1,0,1,0,1,0,1,0,1,0,1,1,1,0,0,0,0,1,1,0,0,1,1,1,1,1,1,0,0,1,1,1,0,0,0,0,1,1,0,1,1,0,1,0,0,1,1,1,1,0,1,1,1,1,1,1,1,1,1,1,1,1,1,1,1,1,0,7.400007822415902
0,0,0,0,0,0,0,0,0,0,0,0,0,0,0,0,0,0,0,0,0,0,0,0,0,0,0,0,0,0,0,0,0,0,0,0,0,0,0,0,0,0,0,0,0,0,0,0,0,0,0,0,0,0,0,0,0,0,0,0,0,0,0,0,0,1,0,0,0,0,0,0,0,0,0,0,0,0,0,0,0,0,0,1,0,1,0,0,0,0,1,1,1,0,0,1,1,0,1,0,0,1,0,0,1,1,0,0,0,0,1,1,0,1,0,0,0,1,1,0,0,1,1,1,0,0,0,1,0,0,0,1,1,0,0,0,1,1,0,1,1,0,0,1,1,0,1,1,1,0,1,0,1,0,1,1,1,1,1,1,0,1,1,1,1,1,0,7.50003813440381
0,0,0,0,0,0,0,0,0,0,0,0,0,0,0,0,0,0,0,0,0,0,0,0,0,0,0,0,0,0,0,0,0,0,0,0,0,0,0,0,0,0,0,0,0,0,0,0,0,0,0,0,0,0,0,0,0,0,0,0,0,0,0,0,0,0,0,0,0,0,0,0,0,0,0,1,0,0,0,0,0,0,0,1,0,1,0,0,0,0,1,1,1,0,0,1,1,0,0,0,1,0,0,0,1,0,0,0,0,0,1,1,0,0,0,0,0,1,1,0,0,1,1,1,0,1,0,0,1,1,0,1,1,0,0,0,1,1,0,1,1,0,1,0,0,1,1,1,1,0,1,1,1,1,1,1,1,1,1,1,0,1,1,1,1,1,0,8.0
0,0,0,0,0,0,0,0,0,0,0,0,0,0,0,0,0,0,0,0,0,0,0,0,0,0,0,0,0,1,0,0,0,0,0,0,0,0,0,0,0,0,0,1,0,0,0,0,0,0,0,0,0,0,0,0,0,0,0,0,0,0,0,0,0,0,0,0,0,1,0,0,0,0,0,1,0,0,0,1,0,0,0,1,0,1,0,0,0,0,1,1,1,0,1,1,1,0,0,0,1,0,1,0,1,0,1,0,1,0,1,1,1,0,0,0,0,1,1,0,0,1,1,1,1,0,0,0,0,1,1,1,1,0,0,0,1,1,1,1,1,0,1,0,0,0,1,1,1,0,1,1,0,1,1,1,1,1,1,1,1,1,1,1,1,1,0,7.599980364934842
0,0,0,0,0,0,0,0,0,0,0,0,0,0,0,0,0,0,0,0,0,0,0,0,0,0,0,0,0,0,0,0,0,0,0,0,0,0,0,0,0,0,0,0,0,0,0,0,0,0,0,0,0,0,1,0,0,0,0,0,0,0,0,0,0,0,0,0,0,0,0,0,0,0,0,1,0,0,0,1,0,0,0,1,0,1,0,0,0,0,1,1,1,0,0,1,1,0,0,0,1,1,0,0,1,1,0,0,1,0,1,1,0,0,0,0,0,1,1,0,0,1,1,1,0,1,0,0,0,1,0,1,0,0,0,0,1,1,0,1,1,0,1,0,0,1,1,1,1,0,1,1,0,1,1,1,1,1,1,1,1,1,1,1,1,1,0,8.500038134403809
0,0,0,0,0,0,0,0,0,0,0,0,0,0,0,0,0,0,0,0,0,0,0,0,0,0,0,0,0,1,0,0,0,0,0,0,0,0,0,0,0,0,0,1,0,0,0,0,1,0,0,0,0,1,1,0,0,1,0,0,0,0,0,0,0,1,0,0,0,1,0,0,1,0,1,0,0,0,0,1,0,0,0,1,0,0,0,0,0,1,1,1,1,0,1,1,1,1,1,0,0,1,1,0,1,1,1,0,0,0,1,1,1,0,0,1,0,1,0,0,1,1,0,1,1,1,1,1,0,0,1,1,0,0,0,0,1,1,0,1,1,1,1,1,0,1,1,0,1,1,1,1,1,0,1,1,1,1,1,1,1,1,1,1,1,1,0,8.299988937677888
0,0,0,0,0,0,0,0,0,0,0,0,0,0,0,0,0,0,0,0,0,0,0,0,0,0,0,0,0,0,0,0,0,0,0,0,0,0,0,0,0,0,0,0,0,0,0,0,0,0,0,0,1,0,0,0,0,0,0,0,0,0,0,0,0,0,0,0,0,0,0,0,0,0,0,0,0,0,0,0,0,0,1,0,0,0,0,0,1,0,1,1,1,0,1,1,0,1,1,0,1,1,0,0,0,1,0,0,0,0,1,1,0,0,0,0,0,1,1,0,1,1,1,1,1,0,0,1,1,1,0,1,1,0,0,0,1,1,1,1,1,0,1,1,0,1,1,1,1,0,1,0,0,1,1,1,1,1,1,1,0,1,0,1,1,1,0,6.900008766455316
0,0,0,0,0,0,0,0,0,0,0,0,0,0,0,0,0,0,0,0,0,0,0,0,0,0,0,0,0,1,0,0,0,0,0,0,0,0,0,0,0,0,0,1,0,0,0,0,1,0,0,0,0,0,0,0,0,0,0,0,0,0,0,0,0,0,0,0,0,1,0,0,0,0,0,0,0,0,0,0,0,0,0,0,0,0,0,0,0,0,1,1,0,0,1,1,1,0,0,0,0,0,1,0,0,0,1,0,1,0,0,0,1,0,0,0,0,1,1,0,0,0,0,1,1,0,0,0,0,1,1,1,0,0,0,0,1,0,0,1,1,0,0,0,0,0,1,1,1,0,1,1,1,0,1,0,1,1,1,1,1,1,0,0,1,1,0,8.299988937677888
0,0,0,0,0,0,0,0,0,0,0,0,0,0,0,0,0,0,0,0,0,0,0,0,0,0,0,0,0,1,0,0,0,0,0,0,1,0,0,0,0,0,0,0,0,0,0,0,0,0,0,0,0,0,0,0,0,0,0,0,0,0,0,0,0,0,0,0,0,1,0,0,0,0,0,1,0,0,0,0,0,1,0,1,0,1,1,0,1,1,1,1,1,0,0,1,1,1,0,0,1,0,1,0,1,1,0,0,0,0,1,1,1,0,0,0,0,1,1,0,1,1,1,1,1,0,0,0,1,1,1,1,1,0,0,0,1,1,1,1,1,0,0,0,0,0,1,1,1,0,1,0,0,1,1,1,1,1,1,1,0,1,1,1,1,1,0,7.899974269892137
0,0,0,0,0,0,0,0,0,0,0,0,0,0,0,0,0,0,0,0,0,0,0,0,0,0,0,0,0,0,0,0,0,0,0,0,0,0,0,0,0,0,0,0,0,0,0,0,0,0,0,0,0,0,0,0,0,0,0,0,0,0,0,0,0,0,0,0,0,0,0,0,0,0,0,1,0,0,0,0,0,0,1,1,0,1,0,0,1,1,1,1,1,0,0,1,1,0,0,0,0,0,0,0,0,0,0,0,0,0,1,1,0,0,0,1,0,1,1,0,0,1,1,1,0,0,0,1,0,0,0,1,1,0,0,0,1,1,0,1,1,0,0,1,0,0,1,1,1,0,1,0,0,1,1,1,1,1,1,1,1,1,0,0,1,1,0,7.50003813440381
0,0,0,0,0,0,0,0,0,0,0,0,0,0,0,0,0,0,0,1,0,0,0,0,0,0,0,0,0,0,0,0,0,0,0,0,0,0,0,0,0,0,0,0,0,0,0,0,0,0,0,0,0,0,1,0,0,0,0,0,0,0,0,0,0,0,0,0,0,0,0,0,0,0,0,1,0,0,0,1,0,0,0,0,0,1,0,0,0,0,1,1,1,0,0,1,0,0,0,0,1,0,0,0,1,0,0,0,1,0,1,1,0,0,0,1,1,1,1,0,0,1,1,1,0,0,0,1,1,1,0,1,1,1,0,0,1,1,0,1,1,0,1,1,0,0,1,1,1,0,1,1,0,1,1,1,1,1,1,1,1,1,1,1,1,1,0,8.0
0,0,0,0,0,0,0,0,0,0,0,0,0,0,0,0,0,0,0,0,0,0,0,0,0,0,0,0,0,0,0,0,0,0,0,0,0,0,0,0,0,0,0,0,0,0,0,0,0,0,0,0,0,1,1,0,0,0,0,0,0,0,0,0,0,0,0,0,0,0,0,0,0,0,0,0,0,0,0,0,0,0,1,0,0,0,0,0,1,1,1,0,1,0,0,0,0,1,0,0,0,0,0,0,1,0,0,0,0,0,1,1,0,0,0,0,0,1,0,0,0,0,0,1,0,0,0,0,1,0,0,1,1,0,0,0,1,0,0,1,0,0,0,0,0,0,1,0,0,0,0,1,0,1,1,1,1,1,1,1,0,1,1,1,1,1,0,1.0
0,0,0,0,0,0,0,0,0,0,0,0,0,0,0,0,0,0,0,0,0,0,0,0,0,0,0,0,0,0,0,0,0,0,0,0,0,0,0,0,0,0,0,0,0,0,0,0,0,0,0,0,0,0,0,0,0,0,0,0,0,0,0,0,0,0,0,0,0,0,0,0,0,0,0,1,0,0,0,0,0,0,1,1,0,1,0,0,1,0,1,1,1,0,0,1,1,0,0,0,1,0,0,0,1,0,0,0,0,0,1,1,0,0,0,0,0,1,1,0,0,1,1,1,0,0,0,1,1,1,0,1,1,0,0,0,1,1,1,1,0,0,0,1,0,0,1,1,1,0,1,0,0,1,1,1,1,1,1,1,0,1,0,0,1,1,0,1.0
0,0,0,0,0,0,0,0,0,0,0,0,0,0,0,0,0,0,0,1,0,0,0,0,0,0,0,0,0,0,0,0,0,0,0,0,1,0,0,0,0,0,0,0,0,0,0,1,0,0,0,0,0,0,1,0,0,0,0,0,0,0,0,0,0,0,0,0,0,0,0,0,0,0,0,0,0,0,0,1,0,1,0,1,0,1,0,0,1,0,1,1,1,0,0,1,1,0,0,0,0,1,0,0,1,1,0,0,0,0,1,1,0,0,0,0,0,1,1,0,1,1,1,1,0,0,0,1,1,1,0,1,0,1,0,0,1,1,0,1,1,0,1,1,0,0,1,1,1,0,1,1,0,1,1,1,1,1,1,1,0,1,1,1,1,1,0,8.700057099977233
0,0,0,0,0,0,0,0,0,0,0,1,0,0,0,0,0,0,0,0,0,0,0,0,0,0,0,0,0,0,0,0,0,0,0,0,0,0,0,0,0,0,0,0,0,0,0,0,0,0,0,0,0,0,0,0,0,0,0,0,0,0,0,0,1,0,0,0,0,0,0,0,0,0,0,1,0,0,0,0,0,1,0,1,0,1,0,0,1,0,1,1,1,0,0,1,1,0,0,0,1,0,0,0,1,0,0,0,0,0,1,1,0,0,0,0,0,1,1,0,0,1,1,1,0,0,0,0,1,1,0,1,0,0,0,0,1,1,0,1,0,0,0,0,0,0,1,1,1,0,1,0,0,1,1,0,1,1,1,1,0,1,0,0,1,1,0,6.799998134593398
0,0,0,0,0,0,0,0,0,0,0,0,0,0,0,0,0,0,0,0,0,0,0,0,0,0,0,0,0,0,0,0,0,0,0,0,0,0,0,0,0,0,0,0,0,0,0,0,0,0,0,0,0,0,0,0,0,0,0,0,0,0,0,0,1,0,0,0,0,0,0,0,0,0,0,1,0,0,0,0,0,1,0,1,0,1,0,0,1,0,1,1,1,0,0,1,1,0,0,0,1,0,0,0,0,0,0,0,0,0,1,1,0,0,0,0,0,1,1,0,0,1,1,1,0,0,0,0,1,1,0,0,0,0,0,0,1,1,0,1,1,0,0,0,0,0,1,1,1,0,1,0,0,1,1,0,1,1,1,1,0,1,1,1,1,1,0,7.199970640755866
0,0,0,0,0,0,0,0,0,0,0,0,0,0,0,0,0,0,0,0,0,0,0,0,0,0,0,0,0,0,0,0,0,0,0,0,0,1,0,0,0,0,0,0,0,0,0,0,0,0,0,0,1,0,0,0,0,0,0,0,0,0,0,0,0,1,0,0,0,0,0,0,0,0,0,1,0,1,0,1,1,0,0,1,0,1,0,0,0,1,0,0,0,0,1,1,1,1,1,1,1,1,0,0,1,1,1,0,0,0,1,1,0,1,0,0,0,1,0,0,1,1,1,1,1,0,0,1,1,0,0,1,1,0,0,0,1,1,1,1,1,0,1,1,1,0,1,0,1,0,1,0,0,1,1,1,1,1,1,1,0,1,1,1,1,1,0,8.500038134403809
0,0,0,0,0,0,0,0,0,0,0,0,0,0,0,0,0,0,0,0,0,0,0,0,0,0,0,0,1,0,0,0,0,0,0,0,0,1,0,0,0,0,0,0,0,0,0,1,0,0,0,0,1,0,0,0,0,0,0,0,0,0,0,0,0,1,0,0,0,0,0,0,0,0,0,1,0,1,0,1,1,0,1,1,0,1,0,0,1,1,0,0,0,0,1,1,1,1,1,1,1,1,0,0,0,1,1,0,0,0,1,1,0,1,0,0,0,1,0,0,1,1,1,1,1,0,0,1,1,0,0,1,0,0,0,0,1,1,1,1,1,0,1,1,1,0,1,0,1,0,1,0,0,1,1,1,1,1,1,1,0,1,1,1,1,1,0,5.59999938302362
0,0,0,0,0,0,0,0,0,0,0,0,0,0,0,0,0,0,0,0,0,0,0,0,0,0,0,0,0,0,0,0,0,0,0,0,0,0,0,0,0,0,0,0,0,0,0,0,0,0,0,0,0,0,0,0,0,0,0,0,0,0,0,0,0,0,0,0,0,0,0,0,0,0,0,1,0,0,0,0,0,0,1,1,0,1,0,0,1,0,1,0,1,0,0,1,1,0,0,0,0,1,0,0,0,1,0,0,0,0,1,1,0,0,0,1,0,1,0,0,0,1,1,1,0,0,0,0,0,0,0,1,0,0,0,1,1,1,0,1,0,0,0,0,1,0,1,0,1,0,1,0,0,1,1,1,1,1,1,1,1,1,1,1,1,1,0,7.899974269892137
0,0,0,0,0,0,0,0,0,0,0,0,0,0,0,0,0,0,0,0,0,0,0,0,0,0,0,0,0,0,0,0,0,0,0,0,1,0,0,0,0,0,0,0,0,0,0,1,0,0,0,0,0,0,0,0,0,0,0,0,0,0,1,0,0,0,0,0,0,0,0,0,0,0,0,1,0,0,0,0,0,1,1,1,0,1,0,0,1,0,1,0,1,0,0,1,1,1,0,0,0,0,0,0,1,0,0,0,0,0,1,1,0,1,0,0,0,1,1,0,1,1,1,1,0,0,0,1,1,0,0,1,1,0,0,0,1,1,1,1,1,0,0,1,1,0,1,1,1,0,1,0,1,1,1,1,1,1,1,1,0,1,1,1,1,1,0,7.700057099977233
0,0,0,0,0,0,0,0,0,0,0,0,0,0,0,0,0,0,0,0,0,0,0,0,0,0,0,0,0,0,0,0,0,0,0,0,0,0,0,0,0,0,0,0,0,0,0,0,0,0,0,0,0,1,1,0,0,0,0,0,0,0,0,0,0,0,0,0,0,0,0,0,0,0,1,0,0,0,0,0,0,1,0,0,0,0,0,0,1,0,1,1,1,0,0,1,0,0,0,0,0,0,0,0,1,0,0,0,1,0,1,1,0,1,0,0,0,1,1,0,0,0,0,1,0,1,0,1,0,0,0,1,0,0,0,0,1,0,0,1,1,0,0,1,0,1,1,1,0,1,0,1,1,0,1,1,1,1,1,1,1,1,1,1,1,1,0,5.346787486224656
0,0,0,0,0,0,0,0,0,0,0,0,0,0,0,0,0,0,0,0,0,0,0,0,0,0,0,0,0,0,0,0,0,0,0,0,0,0,0,0,0,0,0,0,0,0,0,0,0,0,0,0,0,1,1,0,0,0,0,0,0,0,0,0,0,0,0,0,0,0,0,0,0,0,1,0,0,0,0,0,0,1,0,0,0,0,0,0,1,0,1,1,1,0,0,1,0,0,0,0,0,0,0,0,1,0,0,0,0,0,1,0,0,0,0,1,0,1,0,0,0,0,0,1,0,0,0,0,0,1,0,1,0,0,0,0,1,0,0,1,0,1,0,0,0,0,1,0,0,1,0,1,0,0,1,1,1,1,1,1,1,1,1,1,1,1,0,5.301029995663981
0,0,0,0,0,0,0,0,0,0,0,0,0,0,0,0,0,0,0,0,0,0,0,0,0,0,0,0,0,0,0,0,0,0,0,0,0,0,0,0,0,0,0,0,0,0,0,0,0,0,0,0,0,1,1,0,0,0,0,0,0,0,0,0,0,0,0,0,0,0,0,0,0,0,0,0,0,0,0,1,0,1,0,0,0,0,0,0,1,0,1,1,1,0,0,1,0,0,0,0,0,0,0,0,1,0,0,0,0,0,1,1,0,1,1,1,1,1,1,0,0,0,0,1,0,1,0,1,0,0,0,1,0,0,0,0,1,0,0,1,1,0,1,1,0,1,1,1,0,1,0,1,1,0,1,1,1,1,1,1,1,1,1,1,1,1,0,5.214670164989233
0,0,0,0,0,0,0,0,0,0,0,0,0,0,0,0,0,0,0,1,0,0,0,0,0,0,0,0,0,0,0,0,0,0,0,0,0,0,0,0,0,0,0,0,0,0,0,0,0,0,0,0,0,0,1,0,0,0,0,0,0,0,0,0,0,0,0,0,0,0,0,0,0,0,0,1,0,0,0,1,0,0,0,0,0,1,0,0,0,0,1,1,1,0,0,1,0,0,0,0,1,1,0,0,1,1,0,0,0,0,1,1,0,0,1,1,0,1,1,0,0,1,1,1,0,0,0,1,1,0,0,1,1,1,0,1,1,1,0,1,1,0,1,1,1,0,1,1,1,0,1,1,0,1,1,1,1,1,1,1,1,1,1,1,1,1,0,8.221848749616356
0,0,0,0,0,0,0,0,0,0,0,0,0,0,0,0,0,0,0,0,0,0,0,0,0,0,0,0,0,0,0,0,0,0,0,0,0,0,0,0,0,0,0,0,0,0,0,0,0,0,0,0,0,1,1,0,0,0,0,0,0,0,0,0,0,0,0,0,0,0,0,0,0,0,1,0,0,0,0,1,0,1,0,0,0,0,0,0,1,0,1,1,1,0,0,1,0,0,0,0,0,0,0,0,1,0,0,0,1,0,1,1,0,1,0,1,0,1,0,0,0,0,0,1,0,1,0,1,1,0,0,1,1,0,0,0,1,0,0,1,1,0,1,1,0,1,1,0,0,1,0,1,1,0,1,1,1,1,1,1,1,1,1,1,1,1,0,5.552841968657781
0,0,0,0,0,0,0,0,0,0,0,0,0,0,0,0,0,0,0,1,0,0,0,0,0,0,0,0,0,0,0,0,0,0,0,0,0,0,0,0,0,0,0,0,0,0,0,0,0,0,0,0,0,0,1,0,0,0,0,0,0,0,0,0,0,0,0,0,0,0,0,0,0,0,0,1,0,0,0,1,0,0,0,0,0,1,1,0,1,0,1,1,1,0,0,1,0,0,0,0,1,1,0,0,1,1,0,0,0,0,1,1,0,0,0,0,0,1,1,0,0,1,1,1,0,1,0,1,1,0,0,1,1,1,0,1,1,1,1,1,1,0,1,1,1,1,1,1,1,0,1,1,0,1,1,1,1,1,1,1,0,1,1,1,1,1,0,8.537602002101044
0,0,0,0,0,0,0,0,0,0,0,0,0,0,0,0,0,0,0,0,0,0,0,0,0,0,0,0,0,0,0,0,0,0,0,0,0,0,0,0,0,0,0,0,0,0,0,0,0,0,0,0,0,1,1,0,0,0,0,0,0,0,0,0,0,0,0,0,0,0,0,0,0,0,1,0,0,0,0,1,0,1,0,0,0,0,0,0,1,0,1,0,1,0,0,1,0,0,0,0,0,0,0,0,1,0,0,0,0,0,1,1,0,1,0,0,1,1,0,0,0,0,0,1,0,1,0,1,0,0,0,1,0,0,0,0,1,0,0,1,1,1,1,1,0,1,1,0,0,1,0,1,1,0,1,1,1,1,1,1,1,1,1,1,1,1,0,5.886056647693163
0,0,0,0,0,0,0,0,0,0,0,0,0,0,0,0,0,0,0,1,0,0,0,0,0,0,0,0,0,0,0,0,0,0,0,0,0,0,0,0,0,0,0,0,0,0,0,0,0,0,0,0,0,0,1,0,0,0,0,1,0,0,0,0,1,0,0,0,0,0,0,0,0,0,0,1,0,0,0,1,0,1,0,0,0,1,0,0,1,0,1,1,1,0,0,1,0,0,0,0,1,1,0,0,1,1,0,0,0,0,1,1,0,0,0,0,0,1,1,0,0,1,1,1,0,1,0,1,1,0,0,1,1,1,0,1,1,1,1,1,1,0,1,1,1,1,1,1,1,0,1,1,0,1,1,1,1,1,1,1,0,1,1,1,1,1,0,8.397940008672037
0,0,0,0,0,0,0,0,0,0,0,0,0,0,0,0,0,0,0,0,0,0,0,0,0,0,0,0,0,0,0,0,0,0,0,0,0,0,0,0,0,0,0,0,0,0,0,0,0,0,0,0,0,1,1,0,0,0,0,0,0,0,0,0,0,0,0,0,0,0,0,0,0,0,0,0,0,0,0,0,0,1,0,0,0,0,0,0,1,0,1,1,1,0,0,1,0,0,0,0,0,0,0,0,1,0,0,0,0,0,1,1,0,1,0,0,0,1,1,0,0,0,0,1,0,1,0,1,1,1,0,1,0,0,0,0,1,0,0,1,1,0,0,1,0,1,1,1,0,0,0,1,1,0,1,1,1,1,1,1,0,1,1,1,1,1,0,5.795880017344075
0,0,0,0,0,0,0,0,0,0,0,0,0,0,0,0,0,0,0,1,0,0,0,0,0,0,0,0,0,0,0,0,0,0,0,0,0,0,0,0,0,0,0,0,0,0,0,0,0,0,0,0,0,0,0,0,0,0,0,0,0,0,0,0,0,0,0,0,0,0,0,0,0,0,0,1,0,0,0,1,0,0,1,0,1,1,0,0,0,0,1,1,1,0,0,1,0,0,0,0,1,1,0,0,1,1,0,0,0,1,1,1,0,0,1,0,0,1,1,0,0,1,1,1,0,0,1,1,1,1,0,1,1,1,0,1,1,1,1,1,1,0,1,1,1,0,1,1,1,0,1,1,0,1,1,1,1,1,1,1,1,1,1,1,1,1,0,7.397940008672037
0,0,0,0,0,0,0,0,0,0,0,0,0,0,0,0,0,0,0,0,0,0,0,0,0,0,0,0,0,0,0,0,0,0,0,0,0,0,0,0,0,0,0,0,0,0,0,0,0,0,0,0,0,1,1,0,0,0,0,0,0,0,0,0,0,0,0,0,0,0,0,0,0,0,1,0,0,0,0,0,0,1,0,0,0,0,0,0,1,0,1,1,1,0,0,1,0,0,0,0,0,0,0,0,1,0,0,0,0,0,1,1,0,1,0,1,0,1,0,0,0,0,0,1,0,1,0,1,0,1,0,1,0,0,0,0,1,0,0,1,1,0,0,1,0,1,1,0,0,1,0,1,1,0,1,1,1,1,1,1,1,1,1,1,1,1,0,6.1487416512809245
0,0,0,0,0,0,0,0,0,0,0,0,0,0,0,0,0,0,0,1,0,0,0,0,0,0,0,0,0,0,0,0,0,0,0,0,0,0,0,0,0,0,0,0,0,0,0,0,0,0,0,0,0,0,1,0,0,0,0,0,0,0,0,0,0,0,0,0,0,0,0,0,0,0,0,1,0,0,0,1,0,0,0,0,0,1,0,0,0,0,1,1,1,0,0,1,0,0,0,0,1,1,0,0,1,1,0,0,0,0,1,1,0,0,0,0,0,1,1,0,0,1,1,1,0,1,0,1,1,0,0,1,1,1,0,1,1,1,0,1,1,0,1,1,1,1,1,1,1,0,1,1,0,1,1,1,1,1,1,1,0,1,1,1,1,1,0,8.070581074285707
0,0,0,0,0,0,0,0,0,0,0,0,0,0,0,0,0,0,0,1,0,0,0,0,0,0,0,0,0,0,0,0,0,0,0,0,0,0,0,0,0,0,0,0,0,0,0,0,0,0,0,0,0,0,0,0,0,0,0,0,0,0,0,0,0,0,0,0,0,0,0,0,0,0,1,1,0,0,0,1,0,0,0,0,0,1,0,0,0,0,1,1,1,1,0,1,0,0,0,0,1,1,0,0,1,1,0,0,1,0,1,1,0,0,0,1,0,1,1,0,0,1,1,1,0,0,1,1,1,0,0,1,1,1,0,1,1,1,0,1,1,1,1,1,1,0,1,1,1,1,1,1,0,1,1,1,1,1,1,1,1,1,1,1,1,1,0,6.0
0,0,0,0,0,0,0,0,0,0,0,0,0,0,0,0,0,0,0,1,0,0,0,0,0,0,0,0,0,0,0,0,0,0,0,0,0,0,0,0,0,0,0,0,0,0,0,0,0,0,0,0,0,0,0,0,0,0,0,0,0,0,0,0,0,1,0,0,0,0,0,0,0,0,0,1,0,0,0,1,0,0,0,1,0,1,0,0,0,0,1,1,1,0,0,1,1,0,0,0,1,1,0,0,1,1,0,0,0,1,1,1,0,0,1,0,0,1,1,0,1,1,1,1,0,1,1,1,1,0,0,1,1,1,0,1,1,1,1,1,1,0,1,1,1,1,1,1,1,0,1,1,0,1,1,1,1,1,1,1,1,1,1,1,1,1,0,6.267606240177032
0,0,0,0,0,0,0,0,0,0,0,0,0,0,0,0,0,0,0,0,0,0,0,0,0,0,0,0,0,0,0,0,0,0,0,0,0,0,0,0,0,0,0,0,0,0,0,0,0,0,0,0,0,1,1,0,0,0,0,0,0,0,0,0,0,0,0,0,0,0,0,0,0,0,0,0,0,0,0,1,0,1,0,0,0,0,0,0,1,0,1,1,1,0,0,1,0,0,0,0,0,0,0,0,1,0,0,0,0,0,1,1,0,1,1,1,1,1,0,0,0,0,0,1,0,1,0,1,0,0,0,1,0,0,0,0,1,0,0,1,1,1,1,1,0,1,1,0,0,1,0,1,1,0,1,1,1,1,1,1,1,1,1,1,1,1,0,6.522878745280337
0,0,0,0,0,0,0,0,0,0,0,0,0,0,0,0,0,0,0,1,0,0,0,0,0,0,0,0,0,0,0,0,0,0,0,0,0,0,0,0,0,0,0,0,0,0,0,0,0,0,0,0,0,0,1,0,0,0,0,0,0,0,0,0,0,0,0,0,0,0,0,0,0,0,1,1,0,0,0,1,0,0,0,0,0,1,0,0,0,0,1,1,1,0,0,1,0,0,0,0,1,1,0,0,1,1,0,0,0,0,1,1,0,0,0,1,0,1,1,0,0,1,1,1,0,0,0,1,1,0,0,1,1,1,0,1,1,1,0,1,1,0,1,1,1,0,1,1,1,1,1,1,0,1,1,1,1,1,1,1,1,1,1,1,1,1,0,7.346787486224656
0,0,0,0,0,0,0,0,0,0,0,0,0,0,0,0,0,0,0,0,0,0,0,0,0,0,0,0,0,0,0,0,0,0,0,0,0,0,0,0,0,0,0,0,0,0,0,0,0,0,0,0,0,1,1,0,0,0,0,0,0,0,0,0,0,0,0,0,0,0,0,0,0,0,1,0,0,0,0,0,0,1,0,0,0,0,0,0,1,0,1,1,1,0,0,1,0,0,0,0,0,0,0,0,1,0,0,0,0,0,1,0,0,0,0,1,0,1,0,0,0,0,0,1,0,0,0,0,0,1,0,1,0,0,0,0,1,0,0,1,0,1,0,0,0,0,1,0,0,1,0,1,0,0,1,1,1,1,1,1,1,1,1,1,1,1,0,4.920818753952375
0,0,0,0,0,0,0,0,0,0,0,0,0,0,0,0,0,0,0,1,0,0,0,0,0,0,0,0,0,0,0,0,0,0,0,0,0,0,0,0,0,0,0,0,0,0,0,0,0,0,0,0,0,0,1,0,0,0,0,0,0,0,0,0,0,1,0,0,0,0,0,0,0,0,0,1,0,0,0,1,0,0,0,1,0,1,0,0,0,0,1,1,1,0,0,1,1,0,0,0,1,1,0,0,1,1,0,0,0,0,1,1,0,0,0,0,0,1,1,0,1,1,1,1,0,1,0,1,1,0,0,1,1,1,0,1,1,1,0,1,1,0,1,1,1,1,1,1,1,0,1,1,0,1,1,1,1,1,1,1,0,1,1,1,1,1,0,7.886056647693163
0,0,0,0,0,0,0,0,0,0,0,0,0,0,0,0,0,0,0,0,0,0,0,0,0,0,0,0,0,0,0,0,0,0,0,0,0,0,0,0,0,0,0,0,0,0,0,0,0,0,0,0,0,1,1,0,0,0,0,0,0,0,0,0,0,0,0,0,0,0,0,0,0,0,1,0,0,0,0,0,0,1,0,0,0,0,0,0,1,0,1,1,1,0,0,1,0,0,0,0,0,0,0,0,1,0,0,0,0,0,1,0,0,0,0,1,0,1,0,0,0,0,0,1,0,0,0,0,0,1,0,1,0,0,0,0,1,0,0,1,0,1,0,0,0,0,1,0,0,1,0,1,0,0,1,1,1,1,1,1,1,1,1,1,1,1,0,5.3979400086720375
0,0,0,0,0,0,0,0,0,0,0,0,0,0,0,0,0,0,0,1,0,0,0,1,0,0,0,0,0,0,0,0,0,0,0,0,0,0,0,0,0,0,0,0,0,0,0,0,0,0,0,0,0,0,0,0,0,0,0,0,0,0,0,0,0,0,0,0,0,0,0,0,0,0,0,1,0,0,0,1,0,0,1,0,0,1,0,0,0,0,1,1,1,0,0,1,0,0,0,0,1,1,0,0,1,1,1,0,0,1,1,1,0,0,1,0,0,1,1,0,0,1,1,1,0,1,1,1,1,1,0,1,1,1,0,1,1,1,1,1,1,0,1,1,1,1,1,1,1,0,1,1,0,1,1,1,1,1,1,1,1,1,1,1,1,1,0,7.823908740944319
0,0,0,0,0,0,0,0,0,0,0,0,0,0,0,0,0,0,0,1,0,0,0,0,0,0,0,0,0,0,0,0,0,0,0,0,0,0,0,0,0,0,0,0,0,0,0,0,0,0,0,0,0,0,1,0,0,0,0,0,0,0,0,0,0,0,0,0,0,0,0,0,0,0,0,1,0,0,0,1,0,0,0,0,0,1,1,0,1,0,1,1,1,1,0,1,0,0,0,0,1,1,0,0,1,1,0,0,0,0,1,1,0,0,0,1,1,1,1,0,0,1,1,1,0,0,0,1,1,0,0,1,1,1,0,1,1,1,1,1,1,0,1,1,1,0,1,1,1,0,1,1,0,1,1,1,1,1,1,1,1,1,1,1,1,1,0,8.187086643357144
0,0,0,0,0,0,0,0,0,0,0,0,0,0,0,0,0,0,0,1,0,0,0,1,0,0,0,0,0,0,0,0,0,0,0,0,0,0,0,0,0,0,0,0,0,0,0,0,0,0,0,0,0,0,1,0,0,0,0,0,0,0,0,0,0,0,0,0,0,0,0,0,0,0,0,1,0,0,0,1,0,0,1,0,0,1,0,0,0,0,1,1,1,0,0,1,0,0,0,0,1,1,0,0,1,1,1,0,0,1,1,1,0,0,0,0,0,1,1,0,0,1,1,1,0,1,1,1,1,1,0,1,1,1,0,1,1,1,1,1,1,0,1,1,1,1,1,1,1,0,1,1,0,1,1,1,1,1,1,1,0,1,1,1,1,1,0,7.886056647693163
0,0,0,0,0,0,0,0,0,0,0,0,0,0,0,0,0,0,0,1,0,0,0,0,0,0,0,0,0,0,0,0,0,0,0,0,0,0,0,0,0,0,0,0,0,0,0,0,0,0,0,0,0,0,1,0,0,0,0,0,0,0,0,0,0,0,0,0,0,0,0,0,0,0,0,1,0,0,0,1,0,0,0,0,0,1,1,0,0,1,1,1,1,0,0,1,0,0,0,0,1,1,0,0,1,1,0,0,0,1,1,1,0,0,0,0,0,1,1,0,0,1,1,1,0,1,1,1,1,0,0,1,1,1,0,1,1,1,1,1,1,0,1,1,1,1,1,1,1,0,1,1,0,1,1,1,1,1,1,1,0,1,1,1,1,1,0,8.0
0,0,0,0,0,0,0,0,0,0,0,0,0,0,0,0,0,0,0,1,0,0,0,1,0,0,0,0,0,0,0,0,0,0,0,0,0,0,0,0,0,0,0,0,0,0,0,0,0,0,0,0,0,0,1,0,0,0,0,0,0,0,0,0,0,0,1,0,0,0,0,0,0,0,1,1,0,0,0,1,0,0,1,0,0,1,0,0,0,0,1,1,1,0,0,1,0,0,0,0,1,1,0,0,1,1,1,0,0,0,1,1,1,0,0,0,0,1,1,0,0,1,1,1,0,0,1,1,1,1,0,1,1,1,0,1,1,1,1,1,1,1,1,1,1,0,1,1,1,1,1,1,1,1,1,1,1,1,1,1,1,1,1,1,1,1,0,8.397940008672037
0,0,0,0,0,0,0,0,0,0,0,0,0,0,0,0,0,0,0,1,0,0,0,0,0,0,0,0,0,0,0,0,0,0,0,0,0,0,0,0,0,0,0,0,0,0,0,0,0,0,0,0,0,0,1,0,0,0,0,0,0,0,0,0,0,0,0,0,0,0,0,0,0,0,0,1,0,0,0,1,0,0,0,0,0,1,1,0,1,0,1,1,1,0,0,1,0,0,0,0,1,1,0,0,1,1,0,0,0,0,1,1,0,0,0,0,0,1,1,0,0,1,1,1,0,1,0,1,1,1,0,1,1,1,0,1,1,1,1,1,1,0,1,1,1,1,1,1,1,0,1,1,0,1,1,1,1,1,1,1,0,1,1,1,1,1,0,8.154901959985743
0,0,0,0,0,0,0,0,0,0,0,0,0,0,0,0,0,0,0,0,0,0,0,0,0,0,0,0,0,0,0,0,0,0,0,0,0,0,0,0,0,0,0,0,0,0,0,0,0,0,0,0,0,1,1,0,0,0,0,0,0,0,0,0,0,0,0,0,0,0,0,0,0,0,0,0,0,0,0,0,0,1,1,0,0,0,0,0,1,0,1,0,1,0,0,1,0,0,0,0,1,0,0,0,1,0,0,0,0,0,1,0,0,0,0,0,1,1,0,0,0,0,0,1,0,0,0,0,1,0,0,1,1,0,0,0,1,0,0,1,0,0,0,0,0,0,1,0,0,0,0,1,0,1,1,1,1,1,1,1,1,1,1,1,1,1,0,4.958607314841775
0,0,0,0,0,0,0,0,0,0,0,0,0,0,0,0,0,0,0,1,0,0,0,0,0,0,0,0,0,0,0,0,0,0,0,0,0,0,0,0,0,0,0,0,0,0,0,0,0,0,0,0,0,0,1,0,0,0,0,0,0,0,0,0,0,0,0,0,0,0,0,0,0,0,0,1,0,0,0,1,0,0,1,0,1,1,0,0,0,0,1,1,1,0,0,1,0,0,0,0,1,1,0,0,1,1,0,0,0,0,1,1,0,0,0,0,0,1,1,0,0,1,1,1,0,0,0,1,1,1,0,1,1,1,0,1,1,1,1,1,1,0,1,1,1,0,1,1,1,0,1,1,0,1,1,1,1,1,1,1,0,1,1,1,1,1,0,8.154901959985743
0,0,0,0,0,0,0,0,0,0,0,0,0,0,0,0,0,0,0,1,0,0,0,0,0,0,0,0,0,0,0,0,0,0,0,0,0,0,0,0,0,0,0,0,0,0,0,0,0,0,0,0,0,0,1,0,0,0,0,0,0,0,0,0,0,0,0,0,0,0,0,0,0,0,0,1,0,0,0,1,0,0,0,0,0,1,0,0,0,0,1,1,1,0,0,1,0,0,0,0,1,1,0,0,1,1,0,0,0,0,1,1,0,0,1,1,1,1,1,0,0,1,1,1,0,0,0,1,1,0,0,1,1,1,0,1,1,1,0,1,1,0,1,1,1,0,1,1,1,0,1,1,0,1,1,1,1,1,1,1,1,1,1,1,1,1,0,8.301029995663981
0,0,0,0,0,0,0,0,0,0,0,0,0,0,0,0,0,0,0,1,0,0,0,0,0,0,0,0,0,0,0,0,0,0,0,0,0,0,0,0,0,0,0,0,0,0,0,0,0,0,0,0,0,0,0,0,0,0,0,0,0,0,0,0,0,0,0,0,0,0,0,0,0,0,0,1,0,0,0,1,0,0,0,0,0,1,0,0,0,0,1,1,1,0,0,1,0,0,0,0,1,1,0,0,1,1,0,0,0,1,1,1,0,0,1,1,1,1,1,0,0,1,1,1,0,0,1,1,1,0,0,1,1,1,0,1,1,1,1,1,1,0,1,1,1,0,1,1,1,1,1,1,0,1,1,1,1,1,1,1,1,1,1,1,1,1,0,5.585026652029182
0,0,0,0,0,0,0,0,0,0,0,0,0,0,0,0,0,0,0,0,0,0,0,0,0,0,0,0,0,0,0,0,0,0,0,0,0,0,0,0,0,0,0,0,0,0,0,0,0,0,0,0,0,1,1,0,0,0,0,0,0,0,0,0,0,0,0,0,0,0,0,0,0,0,0,0,0,0,0,0,0,1,0,0,0,0,0,0,1,0,1,1,1,0,0,1,0,0,0,0,0,0,0,0,1,0,0,0,0,0,1,0,0,0,0,0,0,1,1,0,0,0,0,1,0,1,0,0,1,1,0,1,0,0,0,0,1,0,0,1,0,0,0,0,0,1,1,1,0,0,0,1,0,0,1,1,1,1,1,1,1,1,1,1,1,1,0,5.3979400086720375
0,0,0,0,0,0,0,0,0,0,0,0,0,0,0,0,0,0,0,0,0,0,0,0,0,0,0,0,0,0,0,0,0,0,0,0,0,0,0,0,0,0,0,0,0,0,0,0,0,0,0,0,0,1,1,0,0,0,0,0,0,0,0,0,0,0,0,0,0,0,0,0,0,0,1,0,0,0,0,0,0,1,0,0,0,0,0,0,1,0,1,1,1,0,0,1,0,0,0,0,0,0,0,0,1,0,0,0,1,0,1,1,0,0,0,1,0,1,0,0,0,0,0,1,0,0,0,0,1,0,0,1,1,0,0,0,1,0,0,1,0,0,0,0,0,0,1,0,0,1,0,1,0,0,1,1,1,1,1,1,1,1,1,1,1,1,0,5.0
0,0,0,0,0,0,0,0,0,0,0,0,0,0,0,0,0,0,0,0,0,0,0,0,0,0,0,0,0,0,0,0,0,0,0,0,0,0,0,0,0,0,0,0,0,0,0,0,0,0,0,0,0,1,1,0,0,0,0,0,0,0,0,0,0,0,0,0,0,0,0,0,0,0,1,0,0,0,0,0,0,1,0,0,0,0,0,0,1,0,1,1,1,0,0,1,0,0,0,0,0,0,0,0,1,0,0,0,0,0,1,0,0,0,0,1,0,1,0,0,0,0,0,1,0,0,0,0,0,1,0,1,0,0,0,0,1,0,0,1,0,1,0,0,0,0,1,0,0,1,0,1,0,0,1,1,1,1,1,1,1,1,1,1,1,1,0,5.0
0,0,0,0,0,0,0,0,0,0,0,0,0,0,0,0,0,0,0,0,0,0,0,0,0,0,0,0,0,0,0,0,0,0,0,0,0,0,0,0,0,0,0,0,0,0,0,0,0,0,0,0,0,1,1,0,0,0,0,0,0,0,0,0,0,0,0,0,0,0,0,0,0,0,1,0,0,0,0,0,0,1,0,0,0,0,0,0,1,0,1,1,1,0,0,1,0,0,0,0,0,0,0,0,1,0,0,0,0,0,1,0,0,0,0,1,0,1,0,0,0,0,0,1,0,0,0,0,0,1,0,1,0,0,0,0,1,0,0,1,0,1,0,0,0,0,1,0,0,1,0,1,0,0,1,1,1,1,1,1,1,1,1,1,1,1,0,4.79317412396815
0,0,0,0,0,0,0,0,0,0,0,0,0,0,0,0,0,0,0,1,0,0,0,0,0,0,0,0,0,0,0,0,0,0,0,0,0,0,0,0,0,0,0,0,0,0,0,0,0,0,0,0,0,0,1,0,0,0,0,0,0,0,0,0,0,0,1,0,0,0,0,0,0,0,1,1,0,0,0,1,0,1,0,0,0,1,0,0,1,0,1,1,1,0,0,1,0,0,0,0,1,0,0,0,1,0,0,0,1,0,1,1,1,0,0,1,1,1,1,0,0,1,1,1,0,0,0,1,1,1,0,1,1,1,0,0,1,1,0,1,1,0,1,1,0,0,1,1,1,1,1,1,0,1,1,1,1,1,1,1,1,1,1,1,1,1,0,7.920818753952375
0,0,0,0,0,0,0,0,0,0,0,0,0,0,0,0,0,0,0,0,0,0,0,0,0,0,0,0,0,0,0,0,0,0,0,0,0,0,0,0,0,0,0,0,0,0,0,0,0,0,0,0,0,0,0,0,0,0,0,0,0,0,0,0,0,0,0,0,0,0,0,0,0,0,0,1,0,0,0,1,0,0,0,1,0,1,0,0,0,0,1,1,1,0,0,1,1,0,0,0,0,1,0,0,1,1,0,0,1,1,1,1,0,0,1,0,0,1,1,0,0,1,1,1,0,0,1,0,1,1,0,1,0,0,0,0,1,1,0,1,1,0,1,0,0,1,1,1,1,1,1,1,0,1,1,1,1,1,1,1,1,1,1,1,1,1,0,9.031517051446064
0,0,0,0,0,0,0,0,0,0,0,0,0,0,0,0,0,0,0,0,0,0,0,0,0,0,0,0,0,0,0,0,0,0,0,0,0,0,0,0,0,0,0,0,0,0,0,0,0,0,0,0,0,0,0,0,0,0,0,0,0,0,0,0,0,0,0,0,0,0,0,0,0,0,0,1,0,0,0,1,0,0,0,1,0,1,0,0,0,0,1,1,1,0,0,1,1,0,0,0,0,1,0,0,1,1,0,0,1,1,1,1,0,0,1,0,0,1,1,0,0,1,1,1,0,0,1,0,1,1,0,1,0,0,0,0,1,1,0,1,1,0,1,0,0,0,1,1,1,1,1,1,0,1,1,1,1,1,1,1,1,1,1,1,1,1,0,8.397940008672037
0,0,0,0,0,0,0,0,0,0,0,0,0,1,0,0,0,0,0,0,0,0,0,0,1,0,0,0,0,0,0,0,0,0,0,0,0,0,0,0,0,0,0,0,0,0,0,0,0,0,0,0,0,0,0,0,0,0,0,0,0,0,0,0,0,0,1,0,0,1,0,1,1,0,1,0,0,0,0,1,1,0,0,0,0,1,1,0,0,0,1,1,1,1,1,1,0,1,0,0,1,0,1,0,1,0,0,0,0,0,1,0,1,0,1,1,1,1,1,0,0,0,1,0,1,0,0,0,1,1,0,1,1,0,0,0,1,0,0,1,1,1,1,0,0,0,1,1,1,1,0,1,0,1,1,1,1,0,1,1,1,1,0,0,1,0,0,4.0
0,0,0,0,0,0,0,0,0,0,0,0,0,0,0,0,0,0,0,0,0,0,0,0,0,0,0,0,0,0,0,0,0,0,0,0,0,0,0,0,0,0,0,0,0,0,0,0,0,0,0,0,0,1,1,0,0,0,0,0,0,0,0,0,0,0,0,0,0,0,0,0,1,0,0,0,0,0,0,1,0,0,1,0,0,0,0,0,0,0,1,1,1,0,0,1,0,1,0,0,1,0,0,0,1,0,0,0,0,0,1,1,0,0,0,0,0,1,1,0,0,0,0,1,0,1,0,0,1,0,0,1,1,0,0,0,1,0,0,1,1,0,1,0,0,1,1,1,0,0,0,1,1,1,1,1,1,1,1,1,0,1,1,1,1,1,0,5.0
0,0,0,0,0,0,0,0,0,0,0,0,0,0,0,0,0,0,0,1,0,0,0,0,0,0,0,0,0,0,0,0,0,0,0,0,0,0,0,0,0,0,0,0,0,0,0,0,0,0,0,0,0,0,0,0,0,0,0,0,0,0,0,0,0,0,0,0,0,0,0,0,0,0,0,1,0,0,0,1,0,0,0,0,0,1,0,0,0,0,1,1,1,0,0,1,0,0,0,0,1,1,0,0,1,1,0,0,0,1,1,1,0,0,1,0,0,1,1,0,0,1,1,1,0,1,1,1,1,0,0,1,1,1,0,1,1,1,1,1,1,0,1,1,1,1,1,1,1,0,1,1,0,1,1,1,1,1,1,1,1,1,1,1,1,1,0,8.769551078621726
0,0,0,0,0,0,0,0,0,0,0,0,0,0,0,0,0,0,0,0,0,0,0,0,0,0,0,0,0,1,0,0,0,0,0,0,0,0,0,0,0,0,0,0,0,0,0,0,0,0,0,0,0,0,0,0,0,0,0,0,0,0,1,0,0,0,0,0,0,0,0,0,0,0,1,1,0,0,0,0,0,0,0,1,0,1,1,0,0,1,1,1,1,0,0,1,1,1,0,0,1,0,1,0,0,0,0,0,0,0,1,1,1,0,1,0,0,1,1,0,0,1,1,1,1,0,1,0,1,1,1,0,1,0,0,0,1,1,1,1,1,1,0,0,0,1,1,1,1,1,1,0,0,1,1,1,1,1,1,1,1,1,1,1,1,1,0,9.0
0,0,0,0,0,0,0,0,0,0,0,0,0,0,0,0,0,0,0,0,0,0,0,0,0,0,0,0,0,0,0,0,0,0,0,0,0,0,0,0,0,0,0,0,0,0,0,0,0,0,0,0,0,0,0,0,0,0,0,1,0,0,0,0,1,0,0,0,0,0,0,0,0,0,0,1,0,0,0,0,0,1,0,1,0,1,0,0,1,0,1,1,1,0,0,1,1,0,0,0,1,0,0,0,0,0,0,0,1,0,1,1,0,0,0,1,0,1,0,0,0,1,1,1,0,1,0,0,1,1,0,0,0,0,0,0,1,1,1,1,1,0,0,0,0,1,1,0,1,0,1,0,0,1,1,1,1,1,1,1,1,1,1,1,1,1,0,9.397940008672036
0,0,0,0,0,0,0,0,0,0,0,0,0,0,0,0,0,0,0,0,0,0,0,0,0,0,0,0,0,0,0,0,0,0,0,0,0,0,1,0,0,0,0,0,0,0,0,0,0,0,0,0,1,0,0,0,0,0,0,0,0,0,1,0,0,1,0,0,0,1,1,0,0,0,0,1,0,1,0,1,1,0,1,1,0,1,0,1,0,0,0,1,0,0,1,1,1,1,0,0,1,0,0,1,0,0,0,1,0,1,0,1,0,0,1,1,1,0,1,0,1,1,1,0,1,1,0,0,1,1,1,1,0,0,1,0,0,1,1,1,0,0,1,0,1,1,0,1,1,0,1,1,0,1,0,1,1,1,1,0,1,1,1,1,1,1,0,7.721246399047171
0,0,0,0,0,0,0,0,0,0,0,0,0,0,0,0,0,0,0,0,0,0,0,0,1,0,0,0,0,0,0,0,0,0,0,0,0,0,0,0,0,0,0,0,0,0,0,0,0,0,0,0,0,0,0,0,0,0,0,0,0,0,0,0,0,0,0,0,1,1,0,1,1,0,1,1,0,0,0,1,0,0,1,1,0,1,0,0,0,0,1,1,1,0,1,1,1,0,0,0,1,0,1,0,1,0,0,0,1,1,1,1,0,0,1,1,1,1,1,0,0,1,1,0,1,0,0,0,1,1,0,1,1,0,0,0,1,1,1,1,1,1,1,0,0,0,1,1,1,1,1,1,0,1,1,1,1,1,1,1,1,1,0,0,1,1,0,4.0
0,0,0,0,0,0,0,0,0,0,0,0,0,0,0,0,0,0,0,1,0,0,0,0,0,0,0,0,0,0,0,0,0,0,0,0,0,0,0,0,0,0,0,0,0,0,0,0,0,0,0,0,0,0,1,0,0,0,0,0,0,0,0,0,0,0,0,0,0,0,0,0,0,0,0,0,0,0,0,1,0,1,0,0,0,1,0,0,1,0,1,1,1,0,0,1,0,0,1,0,0,1,0,0,1,1,0,0,0,0,1,1,0,0,0,0,0,1,1,0,0,1,1,1,0,0,0,1,1,1,0,1,0,1,0,0,1,1,0,1,1,0,1,1,0,1,1,1,1,0,1,1,0,0,1,1,1,1,1,1,0,1,1,1,1,1,0,8.301029995663981
0,0,0,0,0,0,0,0,0,0,0,0,0,0,0,0,0,0,0,0,0,0,0,0,0,0,0,0,0,0,0,0,0,0,0,0,0,1,0,0,0,0,0,0,0,0,0,0,0,0,0,0,1,0,0,0,0,0,0,0,0,0,0,0,0,1,0,0,0,0,0,0,0,0,0,1,0,1,0,1,1,0,0,1,0,1,0,0,0,1,1,0,0,0,1,1,1,1,1,1,1,1,0,0,1,1,1,0,0,0,1,1,0,1,0,0,0,1,1,0,1,1,1,1,1,0,0,1,1,0,0,1,1,0,0,0,1,1,1,1,1,0,1,1,1,0,1,1,1,0,1,0,0,1,1,1,1,1,1,1,0,1,1,1,1,1,0,9.0
0,0,0,0,0,0,0,0,0,0,0,0,0,0,0,0,0,0,0,0,0,0,0,0,0,0,0,0,0,1,0,0,0,0,0,0,0,0,0,0,0,0,0,0,0,0,0,0,1,0,0,0,0,0,0,0,0,0,0,0,0,0,0,0,1,0,0,0,0,1,0,0,1,0,0,1,0,0,0,0,0,1,1,1,1,1,0,0,1,0,1,1,1,1,0,1,1,0,0,0,1,0,1,0,1,0,1,0,0,0,1,1,1,0,0,0,1,1,1,0,0,1,1,1,1,0,1,0,1,1,1,1,1,0,0,0,1,1,1,1,1,0,1,0,0,0,1,1,1,1,1,1,1,1,1,1,1,1,1,1,1,1,1,1,1,1,0,8.590066876668706
0,0,0,0,0,0,0,0,0,0,0,0,0,0,0,0,0,0,0,0,0,0,0,0,0,0,0,0,0,0,0,0,0,0,0,0,0,0,0,0,0,0,0,0,0,0,0,0,0,0,0,0,0,0,0,0,0,0,0,0,0,0,0,0,0,0,0,0,0,0,0,0,0,0,0,1,0,0,0,1,0,0,1,1,0,1,0,0,0,0,1,1,1,0,0,1,1,0,0,0,1,0,0,0,1,0,0,0,1,0,1,1,0,0,0,0,1,1,1,0,0,1,1,1,0,0,0,0,0,1,0,1,0,0,0,0,1,1,1,1,0,0,1,0,0,0,1,1,1,0,1,1,0,1,1,1,1,1,1,1,1,1,1,1,1,1,0,5.239999952707271
0,0,0,0,0,0,0,0,0,0,0,0,0,0,0,0,0,0,0,0,0,0,0,0,0,0,0,0,0,0,0,0,0,0,0,0,0,0,0,0,0,0,0,0,0,0,0,0,0,0,0,0,0,0,1,0,0,0,0,0,0,0,0,0,0,0,0,0,0,0,0,0,0,0,0,1,0,0,0,1,0,0,0,1,1,1,0,0,0,0,1,1,1,0,0,1,1,0,0,0,0,1,0,0,1,1,0,0,0,0,1,1,0,0,0,0,0,1,1,0,0,1,1,1,0,0,0,0,1,1,0,1,1,0,0,0,1,1,0,1,1,0,1,0,0,1,1,1,1,0,1,1,0,0,1,1,1,1,1,1,0,1,1,1,1,1,0,7.0
0,0,0,0,0,0,0,0,0,0,0,0,0,0,0,0,0,0,0,0,0,0,0,0,0,0,0,0,0,0,0,0,0,0,0,0,0,0,0,0,0,0,0,0,0,0,0,0,0,0,0,0,0,1,1,0,0,0,0,0,0,0,0,0,0,0,0,0,0,0,0,0,0,0,0,0,0,0,0,0,0,1,1,0,0,0,0,0,1,0,1,0,1,0,0,1,0,0,0,0,0,0,0,0,1,0,0,0,0,0,1,1,0,0,0,0,0,1,0,0,0,0,0,1,0,0,0,0,0,0,0,1,0,0,0,0,1,0,0,1,0,0,0,0,0,0,1,0,0,0,0,1,0,1,1,1,1,1,1,1,1,1,0,0,1,0,0,3.2699999970646445
0,0,0,0,0,0,0,0,0,0,0,0,0,0,0,0,0,0,0,0,0,0,0,1,0,0,0,0,0,0,0,0,0,0,0,0,0,0,0,0,0,0,0,0,0,0,0,0,0,0,0,0,0,0,1,0,0,0,0,0,0,0,0,0,0,0,0,0,0,0,0,0,0,0,0,1,0,0,0,1,0,0,1,1,1,1,0,0,0,0,1,1,1,0,0,1,1,0,0,0,1,0,0,0,1,0,1,0,0,1,1,1,0,0,0,0,0,1,1,0,0,1,1,1,0,0,1,0,1,1,0,1,1,0,0,0,1,1,1,1,1,0,1,0,0,0,1,1,1,0,1,1,0,1,1,1,1,1,1,1,0,1,1,1,1,1,0,7.92009553233328
0,0,0,0,0,0,0,0,0,0,0,0,0,0,0,0,0,0,0,0,0,0,0,0,0,0,0,0,0,1,0,0,0,0,0,0,1,0,0,0,0,0,0,0,0,0,0,0,0,0,0,0,0,0,0,0,0,0,0,0,0,0,0,0,0,0,0,0,0,1,0,0,0,0,0,1,0,0,0,0,0,1,0,1,0,1,1,0,1,1,1,1,1,0,0,1,1,1,0,0,1,0,1,0,1,1,0,0,0,0,1,1,1,0,0,0,0,1,1,0,1,1,1,1,1,0,0,0,1,1,1,1,1,0,0,0,1,1,1,1,1,0,0,0,0,0,1,1,1,0,1,0,0,1,1,1,1,1,1,1,0,1,1,1,1,1,0,8.400007822415901
0,0,0,0,0,0,0,0,0,0,0,0,0,0,0,0,0,0,0,0,0,0,0,0,0,0,0,0,0,1,0,0,0,0,0,0,0,0,0,0,0,0,0,1,0,0,0,0,0,0,0,0,0,0,0,0,0,0,0,0,0,0,0,0,0,0,0,0,0,1,0,0,0,0,0,1,0,0,0,1,0,0,0,1,0,1,0,0,0,0,1,1,1,0,1,1,1,0,0,0,1,0,1,0,1,0,1,0,1,0,1,1,1,0,0,0,0,1,1,0,0,1,1,1,1,0,0,0,0,1,1,1,1,0,0,0,1,1,1,1,1,0,1,0,0,0,1,1,1,0,1,1,0,1,1,1,1,1,1,1,1,1,1,1,1,1,0,8.15002808767115
0,0,0,0,0,0,0,0,0,0,0,0,0,0,0,0,0,0,0,0,0,0,0,0,0,0,0,0,0,0,0,0,0,0,0,0,0,0,0,0,0,0,0,0,0,0,0,0,0,0,0,0,0,0,0,0,0,0,0,0,0,0,0,0,0,0,0,0,0,0,0,0,0,0,0,0,0,0,0,0,0,0,1,0,0,0,0,0,1,0,1,1,0,0,0,0,0,0,0,0,0,0,0,0,1,0,0,0,0,0,0,0,0,0,0,0,0,0,1,0,0,0,0,1,0,0,0,0,1,1,0,1,1,0,0,0,1,0,0,1,0,0,0,0,0,0,1,1,0,0,0,0,1,1,1,1,0,1,0,1,0,0,0,0,1,0,0,5.620000528471499
0,0,0,0,0,0,0,0,0,0,0,0,0,0,0,0,0,0,0,0,0,0,0,0,0,0,0,0,0,0,0,0,0,0,0,0,0,0,0,0,0,0,0,0,0,0,0,0,0,0,0,0,0,0,1,0,0,0,0,0,0,0,0,0,0,0,0,0,0,0,0,0,0,0,0,1,0,0,0,1,0,0,1,1,0,1,0,0,0,0,1,1,1,0,0,1,1,0,0,0,1,0,0,0,1,0,0,0,1,0,1,1,0,0,0,0,1,1,1,0,0,1,1,1,0,0,0,0,0,1,0,1,1,0,0,0,1,1,1,1,1,0,1,0,0,0,1,1,1,0,1,1,0,1,1,1,1,1,1,1,1,1,0,0,1,1,0,5.620000528471499
0,0,0,0,0,0,0,0,0,0,0,0,0,0,0,0,0,0,0,0,0,0,0,0,0,0,0,0,0,0,0,0,0,0,0,0,0,0,0,0,0,0,0,0,0,0,0,0,0,0,0,0,0,0,1,0,0,0,0,0,0,0,0,0,0,0,0,0,0,0,0,0,0,0,0,1,0,0,0,1,0,0,0,1,0,1,0,0,0,0,1,1,1,0,0,1,1,1,0,0,1,0,0,0,0,0,0,0,1,0,1,1,0,0,0,0,0,1,1,0,1,1,1,1,0,0,0,0,0,1,0,1,0,0,0,0,1,1,1,1,1,0,1,0,0,0,1,1,1,0,1,1,0,1,1,0,1,1,1,1,1,1,1,1,1,1,0,8.54000474395261
0,0,0,0,0,0,0,0,0,0,0,0,0,0,0,0,0,0,0,0,0,0,0,0,0,0,0,0,0,0,0,0,0,0,0,0,0,0,0,0,0,0,0,0,0,0,0,0,0,0,0,0,0,0,1,0,0,0,0,0,0,0,0,0,0,0,0,0,0,0,0,0,0,0,0,0,0,0,0,0,0,0,0,0,0,0,0,0,0,0,1,0,1,0,0,1,0,0,0,0,0,0,0,0,1,0,0,0,1,0,1,1,0,0,0,0,0,1,1,0,0,0,0,1,0,0,0,0,0,0,0,1,1,0,0,0,1,0,0,1,1,0,0,0,0,0,1,1,0,0,0,1,0,0,1,1,1,1,1,1,1,1,0,0,1,0,0,2.870000000834375
0,0,0,0,0,0,0,0,0,0,0,0,0,0,0,0,0,0,0,0,0,0,0,0,0,0,0,0,0,0,0,0,0,0,0,0,0,0,0,0,0,0,0,0,0,0,0,0,0,0,0,0,0,0,1,0,0,0,0,0,0,0,0,0,0,0,0,0,0,0,0,0,0,0,0,0,0,0,0,1,0,0,0,0,0,1,0,0,0,0,1,1,1,0,0,1,1,0,0,0,1,1,0,0,1,1,0,0,1,0,1,1,0,0,0,0,0,1,1,0,0,0,1,1,0,1,0,0,0,1,0,1,1,1,0,0,1,0,0,1,1,0,1,0,1,1,1,1,1,0,0,1,0,1,1,1,1,1,1,1,1,1,1,1,1,1,0,7.400007822415902
0,0,0,0,0,0,0,0,0,0,0,0,0,0,0,0,0,0,0,0,0,0,0,0,0,0,0,0,1,1,0,0,0,0,0,0,0,0,0,0,0,0,0,0,0,0,0,0,1,0,0,0,0,0,0,0,0,1,0,0,0,0,0,0,0,0,0,0,0,1,0,0,1,0,0,0,0,0,0,0,0,0,1,1,1,1,0,0,0,0,1,1,1,0,0,1,1,1,0,0,1,1,1,0,1,1,1,0,0,1,1,1,1,1,0,0,0,1,1,0,1,0,1,1,1,1,1,0,1,1,1,1,1,1,0,1,1,1,1,1,1,0,1,0,1,1,1,1,1,0,0,1,1,1,1,1,1,1,1,1,0,1,1,1,1,1,0,9.940058111938043
0,0,0,0,0,0,0,0,0,0,0,0,0,0,0,0,0,0,0,0,0,0,0,0,0,0,0,0,0,0,0,0,0,0,0,0,0,0,0,0,0,0,0,0,0,0,0,0,0,0,0,0,0,0,0,0,0,0,0,0,0,0,0,0,0,0,0,0,0,0,0,0,0,0,0,1,0,0,0,0,0,1,0,0,0,1,0,0,1,0,1,1,1,0,0,1,0,0,1,0,1,1,0,0,0,1,0,0,1,1,1,1,0,0,1,0,0,1,1,0,0,1,1,1,0,1,1,0,1,1,0,0,0,0,0,0,1,1,1,1,1,0,0,0,1,1,1,1,1,1,1,0,0,1,1,1,1,1,1,1,1,1,1,1,1,1,0,6.337242168318426
0,0,0,0,0,0,0,0,0,0,0,0,0,0,0,0,0,0,0,0,0,0,0,0,0,0,0,0,0,0,0,0,0,0,0,0,0,0,0,0,0,0,0,0,0,0,0,0,0,0,0,0,0,0,1,0,0,0,0,0,0,0,0,0,0,0,0,0,0,0,0,0,0,0,0,0,0,0,0,0,0,0,0,0,0,0,0,0,0,0,1,0,1,0,0,1,0,0,0,0,0,0,0,0,1,0,0,0,0,0,1,1,0,0,0,0,0,1,1,0,0,0,0,1,0,0,0,0,1,0,0,1,1,0,0,0,1,0,0,1,1,0,0,0,0,0,1,1,0,0,0,1,0,0,1,1,1,1,1,1,0,1,1,1,1,1,0,3.260000003048627
0,0,0,0,0,0,0,0,0,0,0,0,0,0,0,0,0,0,0,0,0,0,0,0,0,0,0,0,0,1,0,0,0,0,0,0,0,0,0,0,0,0,0,0,0,0,0,0,1,0,0,0,0,0,0,0,0,0,0,0,0,0,0,0,0,0,0,0,0,1,0,0,1,0,0,1,0,0,0,0,0,0,1,1,1,1,0,0,0,0,1,1,1,0,0,1,1,0,0,0,1,0,1,0,1,0,1,0,0,0,1,1,1,0,0,0,0,1,1,0,0,1,1,1,1,0,1,0,1,1,1,1,1,0,0,0,1,1,1,1,1,0,1,0,0,0,1,1,1,0,1,1,1,1,1,1,1,1,1,1,0,1,1,1,1,1,0,7.439973751087107
0,0,0,0,0,0,0,0,0,0,0,0,0,0,0,0,0,0,0,0,0,0,0,0,0,0,0,0,0,0,0,0,0,0,0,0,0,0,0,0,0,0,0,0,0,0,0,0,0,0,0,0,0,0,0,0,0,0,0,0,0,0,0,0,0,0,0,0,0,0,0,0,0,0,0,0,0,0,0,1,0,0,0,0,1,1,0,0,0,0,0,1,1,0,0,1,0,0,0,0,1,0,0,0,1,0,0,0,1,0,1,0,0,0,0,0,0,1,0,0,0,0,1,1,0,0,0,0,0,0,0,1,1,1,0,1,1,0,0,1,0,0,1,0,0,0,1,0,1,1,0,1,0,1,1,1,1,1,1,1,1,1,1,1,1,1,0,5.589999287456538
0,0,0,0,0,0,0,0,0,0,0,0,0,0,0,0,0,0,0,0,0,0,0,0,0,0,0,0,0,0,0,0,0,0,0,0,0,1,0,0,0,0,0,0,0,0,0,0,0,0,0,0,0,0,0,0,0,0,0,0,0,0,0,0,0,0,0,0,0,0,0,0,0,0,0,1,0,1,0,0,0,0,0,0,0,1,1,0,0,0,1,1,0,0,0,1,0,1,1,0,1,1,0,0,0,1,1,0,0,0,1,1,0,0,1,0,1,1,1,0,0,1,1,1,0,1,0,0,1,1,0,1,0,0,0,0,1,1,1,1,1,0,1,0,1,1,1,1,1,0,1,0,0,1,1,1,1,1,1,1,1,1,1,1,1,1,0,8.18996921359416
0,0,0,0,0,0,0,0,0,0,0,0,0,0,0,0,0,0,0,0,0,0,0,0,0,0,0,0,0,0,0,0,0,0,0,0,0,0,0,0,0,0,0,0,0,0,0,0,0,0,0,0,0,0,0,0,0,0,0,0,0,0,0,0,0,0,0,0,0,0,0,0,0,0,0,1,0,0,0,0,0,0,1,1,0,1,0,0,1,0,1,0,1,0,0,1,1,0,0,0,0,1,0,0,0,1,0,0,0,0,1,1,0,0,0,1,0,1,0,0,0,1,1,1,0,0,0,0,0,0,0,1,0,0,0,1,1,1,0,1,0,0,0,0,1,0,1,0,1,0,1,0,0,1,1,1,1,1,1,1,1,1,1,1,1,1,0,8.219970872662662
0,0,0,0,0,0,0,0,0,0,0,0,0,0,0,0,0,0,0,0,0,0,0,0,0,0,0,0,0,0,0,0,0,0,0,0,0,0,0,0,0,0,0,0,0,0,0,0,0,0,0,0,0,0,0,0,0,0,0,0,0,0,0,0,1,0,0,0,0,0,0,0,0,0,0,1,0,0,0,0,0,1,0,1,0,1,0,0,1,0,1,1,1,0,0,1,1,0,0,0,1,0,0,0,1,0,0,0,0,0,1,1,0,0,0,0,0,1,1,0,0,1,1,1,0,0,0,0,1,1,0,1,0,0,0,0,1,1,0,1,0,0,0,0,0,0,1,1,1,0,1,0,0,1,1,0,1,1,1,1,0,1,0,0,1,1,0,7.189969213594161
0,0,0,0,0,0,0,0,0,0,0,0,0,0,0,0,0,0,0,0,0,0,0,0,0,0,0,0,0,0,0,0,0,0,0,0,0,0,0,0,0,0,0,0,0,0,0,0,0,0,0,0,0,0,0,0,0,0,0,0,0,0,0,0,0,0,0,0,0,0,0,0,0,0,0,1,0,0,0,0,0,0,1,1,0,1,0,0,1,0,1,1,1,0,0,1,1,0,0,0,1,0,0,0,1,0,0,0,0,0,1,1,0,0,0,0,0,1,1,0,0,1,1,1,0,0,0,0,1,1,0,1,1,0,0,0,1,1,1,1,0,0,0,0,0,0,1,1,1,0,1,0,0,1,1,1,1,1,1,1,0,1,0,0,1,1,0,2.739999999668255
0,0,0,0,0,0,0,0,0,0,0,0,0,0,0,0,0,0,0,0,0,0,0,0,0,0,0,0,0,0,0,0,0,0,0,0,0,0,0,0,0,0,0,0,0,0,0,0,0,0,0,0,1,0,1,0,0,0,0,0,0,0,0,0,0,0,0,0,0,0,0,0,0,0,0,0,0,0,0,1,1,0,0,0,0,0,1,0,0,0,1,1,1,0,1,1,0,1,1,0,1,1,0,0,1,1,0,0,0,0,1,1,0,0,0,0,0,1,1,0,1,1,1,1,1,0,0,1,1,1,0,1,0,1,0,0,1,1,1,1,1,0,1,1,0,1,1,1,1,0,1,1,0,1,1,1,1,1,1,1,0,1,1,1,1,1,0,7.250031916490597
0,0,0,0,0,0,0,0,0,0,0,0,0,0,0,0,0,0,0,0,0,0,0,0,0,0,0,0,0,0,0,0,0,0,0,0,0,0,0,0,0,0,0,0,0,0,0,0,0,0,0,0,0,0,0,0,0,0,0,0,0,0,0,0,0,0,0,0,0,0,0,0,0,0,0,1,0,0,0,1,0,0,0,1,0,1,0,0,0,0,1,1,1,0,0,1,1,0,0,0,0,1,0,0,1,1,0,0,1,1,1,1,0,0,1,0,0,1,1,0,0,1,1,1,0,0,1,0,1,1,0,1,0,0,0,0,1,1,0,1,1,0,1,0,0,1,1,1,1,1,1,1,0,1,1,1,1,1,1,1,1,1,1,1,1,1,0,7.0
0,0,0,0,0,0,0,0,0,0,0,0,0,0,0,0,0,0,0,0,0,0,0,0,0,0,0,0,0,0,0,0,0,0,0,0,0,0,0,0,0,0,0,0,0,0,0,0,0,0,0,0,1,0,0,0,0,0,0,0,0,0,0,0,0,0,0,0,0,0,0,0,0,0,0,0,0,0,0,0,0,0,1,0,0,0,0,0,1,0,1,1,1,0,1,1,0,1,1,0,1,1,0,0,0,1,0,0,0,0,1,1,0,0,0,0,0,1,1,0,1,1,1,1,1,0,0,1,1,1,0,1,1,0,0,0,1,1,1,1,1,0,1,1,0,1,1,1,1,0,1,0,0,1,1,1,1,1,1,1,0,1,0,1,1,1,0,7.15002808767115
0,0,0,0,0,0,0,0,0,0,0,0,0,0,0,0,0,0,0,0,0,0,0,0,0,0,0,0,0,1,0,0,0,0,0,0,0,0,0,0,0,0,0,0,0,0,0,0,1,0,0,0,0,0,0,0,0,0,0,0,0,0,1,0,0,0,0,0,0,1,0,0,1,0,0,1,0,0,0,0,0,0,1,1,1,1,0,0,0,0,1,1,1,0,0,1,1,0,0,0,1,0,1,0,1,0,1,0,0,0,1,1,1,0,0,0,0,1,1,0,0,1,1,1,1,0,1,0,1,1,1,1,1,0,0,0,1,1,1,1,1,0,1,0,0,1,1,1,1,0,1,1,1,1,1,1,1,1,1,1,0,1,1,1,1,1,0,8.489991487059765
0,0,0,0,0,0,0,0,0,0,0,0,0,0,0,0,0,0,0,0,0,0,0,0,0,0,0,0,0,0,0,0,0,0,0,0,0,0,0,0,0,0,0,0,0,0,0,0,0,0,0,0,0,0,1,0,0,0,0,0,0,0,0,0,0,1,0,0,0,0,0,0,0,0,0,0,0,0,0,0,0,1,0,1,0,0,0,0,1,0,1,1,1,0,0,1,1,0,0,0,0,1,0,0,1,1,0,0,0,0,1,1,0,0,0,0,0,1,0,0,0,1,0,1,0,1,0,0,0,0,0,1,0,0,0,0,1,1,0,1,0,0,1,0,0,0,1,0,0,0,0,1,0,0,1,1,1,1,1,1,1,1,1,1,1,1,0,7.189969213594161
0,0,0,0,0,0,0,0,0,0,0,0,0,0,0,0,0,0,0,0,0,0,0,0,0,0,0,0,0,1,0,0,0,0,0,0,0,0,0,0,0,0,0,0,0,0,0,0,1,0,0,0,0,0,0,0,0,0,0,0,0,0,0,0,0,0,0,0,0,1,0,0,1,0,0,1,0,0,0,0,0,0,1,1,1,1,0,0,0,0,1,1,1,0,0,1,1,0,0,0,1,0,1,0,1,0,1,0,0,0,1,1,1,0,0,0,0,1,1,0,0,1,1,1,1,1,1,0,1,1,1,1,1,0,0,0,1,1,1,1,1,0,1,0,0,1,1,1,1,0,1,1,1,1,1,1,1,1,1,1,0,1,1,1,1,1,0,9.049976093476673
0,0,0,0,0,0,0,0,0,0,0,0,0,0,0,0,0,0,0,0,0,0,0,0,0,0,0,0,0,1,0,0,0,0,0,0,0,0,0,0,0,0,0,0,0,0,0,0,0,0,0,0,0,1,0,0,0,0,0,0,0,0,0,0,0,0,0,0,0,1,0,0,0,0,0,1,0,0,0,0,0,0,0,1,0,1,1,0,0,1,1,1,1,0,0,1,1,1,0,0,1,0,1,0,1,0,0,0,0,0,1,1,1,0,0,0,0,1,1,0,0,1,1,1,1,1,0,0,1,1,1,1,1,0,0,0,1,1,1,1,1,0,1,0,0,1,1,1,1,0,1,1,0,1,1,1,1,1,1,1,0,1,1,1,1,1,0,8.0
0,0,0,0,0,0,0,0,0,0,0,0,0,0,0,0,0,0,0,0,0,0,0,0,0,0,0,0,0,0,0,0,0,0,0,0,0,0,0,0,0,0,0,0,0,0,0,0,0,0,0,0,0,0,0,0,0,0,0,0,0,0,0,0,0,0,0,0,0,0,0,0,1,0,0,0,0,0,0,0,0,0,1,0,0,0,0,0,1,0,1,0,0,0,0,0,0,0,0,0,0,0,0,0,1,0,0,0,0,0,0,0,0,0,0,0,0,0,1,0,0,0,0,1,0,0,1,0,1,0,0,1,1,0,0,0,1,0,0,1,1,0,0,0,0,0,1,1,0,0,0,0,1,1,1,1,0,1,0,1,0,0,1,1,1,1,0,6.149997413907539
0,0,0,0,0,0,0,0,0,0,0,0,0,0,0,0,0,0,0,0,0,0,0,0,0,0,0,0,0,0,0,0,0,0,0,0,0,0,0,0,0,0,0,0,0,0,0,0,0,0,0,0,0,0,0,0,0,0,0,0,0,0,0,0,0,0,0,0,0,0,0,0,1,0,0,1,0,0,0,0,0,0,0,1,0,1,0,0,0,0,1,1,1,0,0,1,1,0,0,0,1,0,0,0,0,0,0,0,1,1,1,1,0,0,1,0,0,1,1,0,0,1,1,1,0,0,1,0,1,1,0,0,1,0,0,0,1,1,1,1,1,0,0,0,0,0,1,1,1,1,1,0,1,1,1,1,1,1,1,1,1,1,1,1,1,1,0,6.657577319177793
0,0,0,0,0,0,0,0,0,0,0,0,0,0,0,0,0,0,0,0,0,0,0,0,0,0,0,0,0,0,0,0,0,0,0,0,0,0,0,0,0,0,0,0,0,0,0,0,0,0,0,0,0,0,1,0,0,0,0,0,0,0,0,0,0,0,0,0,0,0,0,0,0,0,0,1,0,0,0,1,0,1,0,1,0,1,0,0,1,0,1,1,1,0,0,1,1,0,0,0,1,0,0,0,1,0,0,0,1,0,1,1,0,0,0,0,0,1,1,0,0,1,1,1,0,0,0,0,0,1,0,1,0,0,0,0,1,1,0,1,1,0,1,0,0,0,1,1,1,0,1,1,0,1,1,1,1,1,1,1,1,1,1,1,1,1,0,7.299988937677887
0,0,0,0,0,0,0,0,0,0,0,0,0,0,0,0,0,0,0,0,0,0,0,0,0,0,0,0,0,0,0,0,0,0,0,0,0,0,0,0,0,0,0,0,0,0,0,0,0,0,0,0,0,1,0,0,0,0,0,0,0,0,0,0,0,0,0,0,0,0,0,0,0,0,0,0,0,0,0,0,0,0,1,0,0,0,0,0,1,0,1,0,1,0,0,0,0,1,0,0,1,0,0,0,1,0,0,0,0,0,1,1,0,0,0,0,0,1,1,0,0,0,0,1,0,0,0,0,1,1,0,1,1,0,0,0,1,0,1,1,0,0,0,0,0,0,1,1,0,0,0,1,0,1,1,1,1,1,1,1,0,1,0,0,1,0,0,3.309999999439992
0,0,0,0,0,0,0,0,0,0,0,0,0,0,0,0,0,0,0,0,0,0,0,0,0,0,0,0,0,0,0,0,0,0,0,0,0,0,0,0,0,0,0,0,0,0,0,0,0,0,0,0,0,0,1,0,0,0,0,0,0,0,0,0,0,0,0,0,0,0,0,0,0,0,1,1,0,0,0,1,0,0,0,1,0,1,0,0,0,0,1,1,1,0,0,1,1,0,0,0,1,0,0,0,1,0,0,0,1,0,1,1,0,0,0,1,1,1,1,0,0,1,1,1,0,0,0,0,0,1,0,1,0,0,0,0,1,1,0,1,1,1,1,0,0,0,1,1,1,1,1,1,0,1,1,1,1,1,1,1,1,1,0,0,1,1,0,8.590066876668706
0,0,0,0,0,0,0,0,0,0,0,0,0,0,0,0,0,0,0,0,0,0,0,0,0,0,0,0,0,0,0,0,0,0,0,0,0,0,0,0,0,0,0,0,0,0,0,0,0,0,0,0,0,0,1,0,0,0,0,0,0,0,0,0,0,1,1,0,0,0,0,0,0,0,1,0,0,0,0,0,0,1,0,1,0,0,0,0,1,0,1,1,1,0,0,1,1,0,0,0,0,1,0,0,1,1,0,0,0,0,1,1,1,0,0,0,0,1,0,0,0,1,0,1,0,1,0,0,0,0,0,1,0,0,0,0,1,1,0,1,0,0,1,0,0,0,1,0,0,1,0,1,0,0,1,1,1,1,1,1,1,1,1,1,1,1,0,4.419999995796937
0,0,0,0,0,0,0,0,0,0,0,0,0,0,0,0,0,0,0,0,0,0,0,0,0,0,0,0,0,1,0,0,0,0,0,0,0,0,0,0,0,0,0,0,0,0,0,0,1,0,0,0,0,0,0,0,0,0,0,1,0,0,0,0,1,0,0,0,0,1,0,0,1,0,0,1,0,0,0,0,0,1,1,1,1,1,0,0,1,0,1,1,1,0,0,1,1,0,0,0,1,0,1,0,1,0,1,0,0,0,1,1,1,0,0,0,0,1,1,0,0,1,1,1,1,1,1,0,1,1,1,1,1,0,0,0,1,1,1,1,1,0,1,0,0,1,1,1,1,0,1,1,1,1,1,1,1,1,1,1,0,1,1,1,1,1,0,9.280006173632396
0,0,0,0,0,0,0,0,0,0,0,0,0,0,0,0,0,0,0,0,0,0,0,1,0,0,0,0,0,0,0,0,0,0,0,0,0,0,0,0,0,0,0,0,0,0,0,0,0,0,0,0,0,0,1,0,0,0,0,0,0,0,0,0,0,0,0,0,0,0,0,0,0,0,0,1,0,0,0,1,0,0,0,1,0,1,0,0,0,0,1,1,1,0,0,1,1,0,0,0,0,1,0,0,1,1,1,0,0,1,1,1,0,0,0,0,0,1,1,0,0,1,1,1,0,1,1,0,1,0,0,1,1,0,0,1,1,1,0,1,1,0,1,0,1,1,1,1,1,0,1,1,0,1,1,1,1,1,1,1,0,1,1,1,1,1,0,9.599980364934842
0,0,0,0,0,0,0,0,0,0,0,0,0,0,0,0,0,0,0,0,0,0,0,0,0,0,0,0,0,1,0,0,0,0,0,0,0,0,0,0,0,0,0,0,0,0,0,0,1,0,0,0,0,0,0,0,0,0,0,0,0,0,0,0,0,0,0,0,0,1,0,0,1,0,0,0,0,0,0,0,0,0,1,0,1,1,0,0,0,0,1,1,1,0,0,1,0,0,0,0,1,0,1,0,1,0,1,0,0,0,1,1,1,0,0,0,0,1,1,0,0,0,1,1,1,1,1,0,1,1,1,1,1,1,0,1,1,0,1,1,1,0,1,0,0,1,1,1,1,0,0,1,1,1,1,1,1,1,1,1,0,1,1,1,1,1,0,8.969805214643248
0,0,0,0,0,0,0,0,0,0,0,0,0,0,0,0,0,0,0,0,0,0,0,0,0,0,0,0,0,0,0,0,0,0,0,0,0,0,0,0,0,0,0,0,0,0,0,0,0,0,0,0,0,0,0,0,0,0,0,0,0,0,0,0,0,0,0,0,0,0,0,0,0,0,0,1,0,0,0,0,0,0,1,1,0,1,0,0,1,0,1,1,1,0,0,1,1,0,0,0,1,0,0,0,1,0,0,0,0,0,1,1,0,0,0,0,0,1,1,0,0,1,1,1,0,0,0,0,1,1,0,1,1,0,0,0,1,1,1,1,0,0,0,0,0,0,1,1,1,0,1,0,0,1,1,1,1,1,1,1,0,1,0,0,1,1,0,6.699991797446187
0,0,0,0,0,0,0,0,0,0,0,0,0,0,0,0,0,0,0,0,0,0,0,0,0,0,0,0,0,0,0,0,0,0,0,0,0,0,0,0,0,0,0,0,0,0,0,0,0,0,0,0,0,0,1,0,0,0,0,0,0,0,0,0,0,0,0,0,0,0,0,0,0,0,0,0,0,0,0,1,0,0,0,0,1,0,0,0,0,0,1,0,1,0,0,1,0,0,0,0,0,0,0,0,1,0,0,0,0,0,1,1,0,0,0,0,0,1,0,0,0,0,0,1,0,0,0,0,0,0,0,1,0,0,0,0,1,0,0,1,0,0,1,0,0,0,1,0,0,0,0,1,0,0,1,1,1,1,1,1,1,1,1,1,1,1,0,3.720000004094201
0,0,0,0,0,0,0,0,0,0,0,0,0,0,0,0,0,0,0,0,0,0,0,0,0,0,0,0,0,0,0,0,0,0,0,0,0,0,0,0,0,0,0,0,0,0,0,0,0,0,0,0,0,1,1,0,0,0,0,0,0,0,0,0,0,0,0,0,0,0,0,0,0,0,0,0,0,0,0,0,0,0,1,0,0,0,0,0,1,0,1,0,1,0,0,1,0,1,0,0,0,0,0,0,1,0,0,0,0,0,1,1,0,0,0,0,0,1,0,0,0,0,0,1,0,0,0,0,1,0,0,1,1,0,0,0,1,0,0,1,1,0,0,0,0,0,1,0,0,0,0,1,0,1,1,1,1,1,1,1,0,1,0,0,1,0,0,4.110000009303415
0,0,0,0,0,0,0,0,0,0,0,0,0,0,0,0,0,0,0,0,0,0,0,0,0,0,0,0,0,1,0,0,0,0,0,0,0,0,0,0,0,0,0,1,0,0,0,0,1,0,0,0,0,0,0,0,0,0,0,0,0,0,0,0,0,0,0,0,0,1,0,0,0,0,0,1,0,0,0,0,0,0,0,1,0,1,0,0,0,1,1,1,1,0,0,1,1,1,0,0,1,0,1,0,1,0,1,0,0,0,1,1,1,0,0,0,0,1,1,0,0,1,1,1,1,0,0,0,1,1,1,1,1,0,0,0,1,1,1,1,1,0,0,0,0,0,1,1,1,0,1,0,0,1,1,1,1,1,1,1,0,1,0,0,1,1,0,5.079999880484295
0,0,0,0,0,0,0,0,0,0,0,0,0,0,0,0,0,0,0,0,0,0,0,0,0,0,0,0,0,1,0,0,0,0,0,0,0,0,0,0,0,0,0,1,0,0,0,0,1,0,0,0,0,0,0,0,0,0,0,0,0,0,0,0,0,0,0,0,0,1,0,0,0,0,0,1,0,0,0,0,0,0,0,1,0,1,0,0,0,0,1,1,1,0,0,1,1,0,0,0,1,0,1,0,1,0,1,0,0,0,1,1,1,0,0,0,0,1,1,0,0,1,1,1,1,0,0,0,1,1,1,1,1,0,0,0,1,1,1,1,1,0,0,0,0,0,1,1,1,0,1,0,0,1,1,1,1,1,1,1,0,1,0,0,1,1,0,4.319999993033794
0,0,0,0,0,0,0,0,0,0,0,0,0,0,0,0,0,0,0,0,0,0,0,0,0,0,0,0,0,1,0,0,0,0,0,0,0,0,0,0,0,0,0,0,0,0,0,0,1,0,0,0,0,0,0,0,0,0,0,0,0,0,0,0,0,0,0,0,0,1,0,0,1,0,0,1,0,0,0,0,0,0,1,1,1,1,0,0,0,0,1,1,1,0,0,1,1,0,0,0,1,1,1,0,1,1,1,0,0,0,1,1,1,0,0,0,0,1,1,0,0,1,1,1,1,1,1,0,1,1,1,1,1,0,0,1,1,1,1,1,1,0,1,0,1,1,1,1,1,0,1,1,1,1,1,1,1,1,1,1,0,1,1,1,1,1,0,9.53003079050004
0,0,0,0,0,0,0,0,0,0,0,0,0,0,0,0,0,0,0,0,0,0,0,0,0,0,0,0,0,0,0,0,0,0,0,0,0,0,0,0,0,0,0,0,0,0,0,0,0,0,0,0,0,0,0,0,0,0,0,0,0,0,0,0,0,0,0,0,0,0,0,0,0,0,0,1,0,0,0,0,0,1,0,1,0,1,0,0,1,0,1,0,1,0,0,1,1,0,0,0,0,1,0,0,0,1,0,0,1,1,1,1,0,0,1,0,0,1,1,0,0,1,1,1,0,0,1,0,1,1,0,0,0,0,0,0,1,1,0,1,1,0,0,0,0,1,1,1,1,1,1,0,0,1,1,1,1,1,1,1,1,1,1,1,1,1,0,5.698970004336019
0,0,0,0,0,0,0,0,0,0,0,0,0,0,0,0,0,0,0,0,0,0,0,0,0,0,0,1,0,0,0,0,0,0,0,0,0,0,0,0,0,0,0,0,0,0,0,0,0,0,0,0,0,0,1,0,0,0,0,0,0,0,0,0,0,0,0,0,0,0,0,0,0,0,0,1,0,0,0,1,0,0,0,1,0,1,0,1,0,0,1,1,1,0,0,1,1,0,0,0,1,0,0,0,1,0,0,1,1,0,1,1,0,0,0,0,0,1,1,0,0,1,1,1,0,0,0,0,0,1,0,1,1,1,1,1,1,1,0,1,1,0,1,0,0,0,1,1,1,0,1,1,0,1,1,1,1,1,1,1,1,1,1,1,1,1,0,9.639974910810604
0,0,0,0,0,0,0,0,0,0,0,0,0,0,0,0,0,0,0,0,0,0,0,0,0,0,0,0,0,0,0,0,0,0,0,0,0,0,0,0,0,0,0,0,0,0,0,0,0,0,0,0,0,1,0,0,0,0,0,0,0,0,0,0,0,0,0,0,0,0,0,0,0,0,0,1,0,0,0,1,0,0,1,1,0,1,0,0,1,0,1,1,1,0,0,1,1,0,0,0,1,0,0,0,1,0,0,0,1,0,1,1,0,0,0,0,0,1,1,0,0,1,1,1,0,0,0,0,0,1,0,1,1,0,0,0,1,1,1,1,1,0,1,0,0,0,1,1,1,0,1,1,0,1,1,1,1,1,1,1,1,1,0,0,1,1,0,5.589999287456538
0,0,0,0,0,0,0,0,0,0,0,0,0,0,0,0,0,0,0,0,0,0,0,0,0,0,0,0,0,0,0,0,0,0,0,0,0,0,0,0,0,0,0,0,0,0,0,0,0,0,0,0,0,0,1,0,0,0,0,0,0,0,0,0,0,0,0,0,0,0,0,0,0,0,0,1,0,0,0,1,0,0,0,1,0,1,0,0,0,0,1,1,1,0,0,1,1,0,0,0,1,1,0,0,1,1,0,0,1,0,1,1,0,0,0,0,0,1,1,0,0,1,1,1,0,1,0,0,0,1,0,1,0,0,0,0,1,1,0,1,1,0,1,0,0,1,1,1,1,0,1,1,0,1,1,1,1,1,1,1,1,1,1,1,1,1,0,8.96018944585165
0,0,0,0,0,0,0,0,0,0,0,0,0,0,0,0,0,0,0,0,0,0,0,0,0,0,0,0,0,0,0,0,0,0,0,0,0,0,0,0,0,0,0,0,0,0,0,0,0,0,0,0,0,0,1,0,0,0,0,0,0,0,0,0,0,0,0,0,0,0,0,0,0,0,0,1,0,0,0,1,0,0,1,1,1,1,0,0,1,0,1,1,1,0,0,1,1,0,0,0,1,0,0,0,1,0,0,0,0,0,1,1,0,0,0,0,0,1,1,0,0,1,1,1,0,0,0,0,1,1,0,1,0,0,0,0,1,1,1,1,0,0,1,0,0,0,1,1,1,0,1,1,0,1,1,1,1,1,1,1,0,1,0,0,1,1,0,7.199970640755866
0,0,0,0,0,0,0,0,0,0,0,0,0,0,0,0,0,0,0,0,0,0,0,0,0,0,0,0,0,1,0,0,0,0,0,0,1,0,0,0,0,0,0,0,0,0,0,0,1,0,0,0,0,0,0,0,0,0,0,0,0,0,0,0,0,0,0,0,0,1,0,0,1,0,0,1,0,0,0,0,0,1,1,1,1,1,0,0,1,0,1,1,1,0,0,1,1,0,0,0,1,0,1,0,1,1,1,0,0,0,1,1,1,0,0,0,0,1,1,0,1,1,1,1,1,0,1,0,1,1,1,1,1,0,0,0,1,1,1,1,1,0,1,0,0,0,1,1,1,0,1,1,1,1,1,1,1,1,1,1,0,1,1,1,1,1,0,9.199970640755865
0,0,0,0,0,0,0,0,0,0,0,0,0,0,0,0,0,0,0,0,0,0,0,0,0,0,0,0,0,0,0,0,0,0,0,0,0,0,0,0,0,0,0,0,0,0,0,0,0,0,0,0,0,1,1,0,0,0,0,0,0,0,0,0,0,0,0,0,0,0,0,0,0,0,0,0,0,0,0,0,0,0,1,0,0,0,0,0,1,0,1,0,1,0,0,1,0,0,0,0,0,0,0,0,1,0,0,0,0,0,1,1,0,0,0,0,0,1,1,0,0,0,0,1,0,0,0,0,1,0,0,1,1,0,0,0,1,0,1,1,0,0,0,0,0,0,1,1,0,0,0,1,0,1,1,1,1,1,1,1,0,1,0,0,1,0,0,4.169999984192581
0,0,0,0,0,0,0,0,0,0,0,0,0,0,0,0,0,0,0,0,0,0,0,0,0,0,0,0,0,0,0,0,0,0,0,0,0,0,0,0,0,0,0,0,0,0,0,0,0,0,0,0,0,0,0,0,0,0,0,0,0,0,0,0,0,0,0,0,0,0,0,0,0,0,0,1,0,0,0,0,0,0,1,0,0,1,0,0,1,0,1,1,1,0,0,1,0,0,1,0,1,1,0,0,0,1,0,0,1,0,1,1,0,0,0,1,0,1,0,0,0,1,1,1,0,0,0,0,1,1,0,1,0,0,0,0,1,1,1,1,0,0,0,0,1,1,1,0,1,0,1,0,0,1,1,1,1,1,1,1,1,1,1,1,1,1,0,7.700057099977233
0,0,0,0,0,0,0,0,0,0,0,0,0,0,0,0,0,0,0,0,0,0,0,0,0,0,0,0,0,0,0,0,0,0,0,0,0,0,0,0,0,0,0,0,0,0,0,0,0,0,0,0,0,0,0,0,0,0,0,0,0,0,0,0,0,0,0,0,0,0,0,0,0,0,0,1,0,0,0,0,0,0,0,1,0,1,0,0,0,0,1,1,1,0,0,1,1,0,0,0,1,0,0,0,1,0,0,0,1,0,1,1,0,0,0,1,0,1,1,0,0,1,1,1,0,0,0,0,1,1,0,1,1,0,0,0,1,1,0,1,1,0,0,0,0,0,1,1,1,0,1,0,0,1,1,1,1,1,1,1,1,1,0,0,1,1,0,4.989999996723885
0,0,0,0,0,0,0,0,0,0,0,0,0,0,0,0,0,0,0,0,0,0,0,0,0,0,0,0,0,0,0,0,0,0,0,0,0,0,0,0,0,0,0,0,0,0,0,0,0,0,0,0,0,0,0,0,0,0,0,0,0,0,0,0,0,0,0,0,0,0,0,0,0,0,0,1,0,0,0,0,0,0,0,1,0,1,0,0,0,0,1,1,1,0,0,1,1,0,0,0,1,0,0,0,1,0,0,0,1,0,1,1,0,0,0,1,1,1,1,0,0,1,1,1,0,0,0,0,1,1,0,1,1,0,0,0,1,1,0,1,1,0,0,0,0,0,1,1,1,0,1,0,0,1,1,1,1,1,1,1,1,1,0,0,1,1,0,5.309999839831227
0,0,0,0,0,0,0,0,0,0,0,0,0,0,0,0,0,0,0,0,0,0,0,0,0,0,0,0,0,0,0,0,0,0,0,0,0,0,0,0,0,0,0,0,0,0,0,0,0,0,0,0,0,1,1,0,0,0,0,0,0,0,0,0,0,1,0,0,0,0,0,0,0,0,0,0,0,0,0,0,0,0,1,1,0,0,0,0,1,0,1,1,1,0,0,1,1,0,0,0,0,1,0,0,1,1,0,0,0,0,1,1,0,0,0,0,0,1,1,0,0,1,0,1,0,1,0,0,1,0,0,1,1,0,0,0,1,1,0,1,0,0,1,0,0,0,1,1,0,0,0,1,0,1,1,1,1,1,1,1,0,1,1,1,1,1,0,3.0
0,0,0,0,0,0,0,0,0,0,0,0,0,0,0,0,0,0,0,0,0,0,0,0,0,0,0,0,0,0,0,0,0,0,0,0,0,0,0,0,0,0,0,0,0,0,0,0,0,0,0,0,0,0,0,0,0,0,0,0,0,0,0,0,0,0,0,0,0,0,0,0,0,0,0,0,0,0,0,0,0,0,1,0,0,1,0,0,1,0,1,0,1,1,0,1,0,0,0,0,0,0,0,0,1,0,0,0,1,0,1,1,0,0,0,0,1,1,1,0,0,0,1,1,0,0,0,0,1,0,0,1,1,0,0,0,1,0,0,1,0,0,0,0,0,0,1,1,1,0,0,0,0,1,1,1,1,1,1,1,1,1,1,1,1,1,0,4.510000060783276
0,0,0,0,0,0,0,0,0,0,0,0,0,0,0,0,0,0,0,0,0,0,0,0,0,0,0,0,0,1,0,0,0,0,0,0,0,0,0,0,0,0,0,1,0,0,0,0,1,0,0,0,0,0,1,0,0,0,0,0,0,0,0,0,0,0,0,0,0,1,0,0,0,0,0,1,0,0,0,1,0,0,0,1,0,1,0,0,0,0,1,1,1,0,0,1,1,0,0,0,1,0,1,0,1,0,1,0,1,0,1,1,1,0,0,0,0,1,1,0,0,1,1,1,1,0,0,0,0,1,1,1,0,0,0,0,1,1,0,1,1,0,1,0,0,0,1,1,1,0,1,1,0,1,1,1,1,1,1,1,1,1,1,1,1,1,0,7.289967300934246
0,0,0,0,0,0,0,0,0,0,0,0,0,0,0,0,0,0,0,0,0,0,0,0,0,0,0,0,0,0,0,0,0,0,0,0,0,0,0,0,0,0,0,0,0,0,0,0,0,0,0,0,0,1,1,0,0,0,0,0,0,0,0,0,0,1,0,0,0,0,0,0,0,0,0,0,0,0,0,0,0,0,1,1,0,0,0,0,1,0,1,1,1,0,0,1,1,0,0,0,0,1,0,0,1,1,0,0,0,0,1,1,0,0,0,1,0,1,0,0,0,1,0,1,0,1,0,0,0,0,0,1,0,0,0,0,1,1,0,1,0,0,1,0,0,0,1,0,0,0,0,1,0,1,1,1,1,1,1,1,1,1,1,1,1,1,0,7.460046158343603
0,0,0,0,0,0,0,0,0,0,0,0,0,0,0,0,0,0,0,0,0,0,0,0,0,0,0,0,0,0,0,0,0,0,0,0,0,0,0,0,0,0,0,0,0,0,0,0,0,0,0,0,0,0,1,0,0,0,0,0,0,0,0,0,0,0,0,0,0,0,0,0,0,0,1,0,0,0,0,0,0,0,0,0,0,0,0,0,0,0,1,0,1,0,0,1,0,0,0,0,0,0,0,0,1,0,0,0,0,0,1,1,0,0,0,0,0,1,1,0,0,0,0,1,0,0,0,0,0,0,0,1,1,0,0,0,1,0,0,1,1,0,0,0,0,0,1,1,0,1,0,1,0,0,1,1,1,1,1,1,1,1,0,0,1,0,0,2.959999998472388
0,0,0,0,0,0,0,0,0,0,0,1,0,0,0,0,0,0,0,0,0,0,0,0,0,0,0,0,0,0,0,0,0,0,0,0,0,0,0,0,0,0,0,0,0,0,0,0,0,0,0,0,0,0,0,0,0,0,0,0,0,0,0,0,1,0,0,0,0,0,0,0,0,0,0,1,0,0,0,0,0,1,0,1,0,1,0,0,1,0,1,1,1,0,0,1,1,0,0,0,1,0,0,0,1,0,0,0,0,0,1,1,0,0,0,0,0,1,1,0,0,1,1,1,0,0,0,0,1,1,0,1,0,0,0,0,1,1,0,1,0,0,0,0,0,0,1,1,1,0,1,0,0,1,1,0,1,1,1,1,0,1,0,0,1,1,0,7.309981219211305
0,0,0,0,0,0,0,0,0,0,0,0,0,0,0,0,0,0,0,0,0,0,0,0,0,0,0,0,0,0,0,0,0,0,0,0,0,0,0,0,0,0,0,0,0,0,0,0,0,0,0,0,0,0,1,0,0,0,0,0,0,0,0,0,0,1,0,0,0,0,0,0,0,0,0,0,0,0,0,0,0,0,1,1,0,0,0,0,1,0,1,1,1,0,0,1,1,0,0,0,0,1,0,0,1,1,0,0,0,0,1,1,0,0,0,0,0,1,0,0,0,1,0,1,0,1,0,0,1,0,0,1,1,0,0,0,1,1,0,1,0,0,1,0,0,0,1,0,0,0,0,1,0,1,1,1,1,1,1,1,0,1,1,1,1,1,0,6.119998611678231
0,0,0,0,0,0,0,0,0,0,0,0,0,0,0,0,0,0,0,0,0,0,0,0,0,0,0,0,0,1,0,0,0,0,0,0,0,0,0,0,0,0,0,0,0,0,0,0,1,0,0,0,0,0,0,0,0,0,0,0,0,0,0,0,1,0,0,0,0,1,0,0,1,0,0,1,0,0,0,0,0,1,1,1,1,1,0,0,1,0,1,1,1,1,0,1,1,0,0,0,1,0,1,0,1,0,1,0,0,0,1,1,1,0,0,0,1,1,1,0,0,1,1,1,1,0,1,0,1,1,1,1,1,0,0,0,1,1,1,1,1,0,1,0,0,0,1,1,1,0,1,1,1,1,1,1,1,1,1,1,1,1,1,1,1,1,0,9.280006173632396
0,0,0,0,0,0,0,0,0,0,0,0,0,0,0,0,0,0,0,0,0,0,0,0,0,0,0,0,0,0,0,0,0,0,0,0,0,0,0,0,0,0,0,0,0,0,0,0,0,0,0,0,0,0,0,0,0,0,0,0,0,0,0,0,0,0,0,0,0,0,0,0,0,0,0,1,0,0,0,0,0,0,0,1,0,1,0,0,0,0,1,1,1,0,0,1,1,0,0,0,0,1,0,0,0,1,0,0,1,0,1,1,0,0,0,1,0,1,1,0,0,1,1,1,0,1,0,0,0,1,0,1,0,0,0,1,1,1,0,1,1,0,0,0,1,1,1,1,1,0,1,0,0,0,1,1,1,1,1,1,1,1,1,1,1,1,0,8.320027305722581
0,0,0,0,0,0,0,0,0,0,0,0,0,0,0,0,0,0,0,0,0,0,0,0,0,0,0,0,0,1,0,0,0,0,0,0,0,0,0,0,0,0,0,0,0,0,0,0,1,0,0,0,0,0,1,0,0,0,0,0,0,0,0,0,0,0,0,0,0,1,0,0,0,0,0,1,0,0,0,1,0,0,0,1,0,1,0,0,0,0,1,1,1,1,0,1,1,0,0,0,1,0,1,0,1,0,1,0,1,0,1,1,1,0,0,0,0,1,1,0,0,1,1,1,1,0,1,0,0,1,1,1,0,0,0,0,1,1,0,1,1,0,1,0,0,0,1,1,1,1,1,1,0,1,1,1,1,1,1,1,1,1,1,1,1,1,0,6.359995853468939
0,0,0,0,0,0,0,0,0,0,0,0,0,0,0,0,0,0,0,0,0,0,0,0,0,0,0,0,0,0,0,0,0,0,0,0,0,0,0,0,0,0,0,0,0,0,0,0,0,0,0,0,0,0,0,0,0,0,0,0,0,0,0,0,0,0,0,0,0,0,0,0,0,0,0,1,0,0,0,0,0,1,0,1,0,1,0,0,1,0,1,1,1,0,0,1,1,0,0,0,1,0,0,0,0,0,0,0,1,1,1,1,0,0,1,0,0,1,1,0,0,1,1,1,0,0,1,0,1,1,0,0,0,0,0,0,1,1,1,1,1,0,0,0,0,0,1,1,1,1,1,0,0,1,1,1,1,1,1,1,1,1,1,1,1,1,0,5.537602002101044
0,0,0,0,0,0,0,0,0,0,0,0,0,0,0,0,0,0,0,0,0,0,0,0,0,0,0,0,1,0,0,0,0,0,0,0,1,0,0,0,0,0,0,0,0,0,0,1,0,0,0,0,0,0,0,0,0,0,0,0,0,0,0,0,0,0,0,0,0,0,0,0,0,0,0,1,0,0,0,0,0,1,0,1,0,1,1,0,1,0,1,1,1,0,0,1,1,0,0,0,1,0,0,0,0,0,0,0,1,1,1,1,0,0,1,0,0,1,1,0,1,1,1,1,0,0,1,0,1,1,0,0,0,0,0,0,1,1,1,1,1,0,0,0,0,0,1,1,1,1,1,0,0,1,1,1,1,1,1,1,1,1,1,1,1,1,0,5.318758762624412
0,0,0,0,0,0,0,0,0,0,0,0,0,0,0,0,0,0,0,0,0,0,0,0,0,0,0,0,0,0,0,0,0,0,0,0,0,0,0,0,0,0,0,0,0,0,0,0,0,0,0,0,0,0,0,0,0,0,0,0,0,0,0,0,0,0,0,0,0,0,0,0,1,0,0,1,0,0,0,0,0,0,0,0,0,1,0,0,0,0,1,1,1,0,0,1,0,0,1,0,1,1,0,0,0,1,0,0,1,1,1,1,0,0,1,0,0,1,1,0,0,1,1,1,0,1,1,0,1,1,0,0,1,0,0,0,1,1,1,1,1,0,0,0,1,1,1,1,1,1,1,0,1,1,1,1,1,1,1,1,1,1,1,1,1,1,0,7.853871964321762
0,0,0,0,0,0,0,0,0,0,0,0,0,0,0,0,0,0,0,0,0,0,0,0,0,0,0,0,0,0,0,0,0,0,0,0,0,0,0,0,0,0,0,0,0,0,0,0,0,0,0,0,0,0,0,0,0,0,0,0,0,0,0,0,0,1,0,0,0,0,0,0,0,0,0,0,0,0,0,0,0,0,0,1,0,1,0,0,0,0,1,1,1,0,0,1,1,0,1,0,0,1,0,0,1,1,0,0,0,0,1,1,0,1,0,0,0,1,1,0,0,1,1,1,0,0,0,1,0,0,0,1,1,0,0,0,1,1,0,1,1,0,0,1,1,0,1,1,1,0,1,0,1,0,1,1,1,1,1,1,0,1,1,1,1,1,0,6.339998279897117
0,0,0,0,0,0,0,0,0,0,0,0,0,0,0,0,0,0,0,0,0,0,0,0,0,0,0,0,0,1,0,0,0,0,0,0,0,0,0,0,0,0,0,0,0,0,0,0,1,0,0,0,0,0,0,0,0,0,0,0,0,0,1,0,0,0,0,0,0,1,0,0,1,0,0,1,0,0,0,0,0,0,1,1,1,1,0,0,0,0,1,1,1,0,0,1,1,0,0,0,1,0,1,0,1,0,1,0,0,0,1,1,1,0,0,0,0,1,1,0,0,1,1,1,1,0,1,0,1,1,1,1,1,0,0,0,1,1,1,1,1,0,1,0,0,1,1,1,1,0,1,1,1,1,1,1,1,1,1,1,0,1,1,1,1,1,0,9.309981219211304
0,0,0,0,0,0,0,0,0,0,0,0,0,0,0,0,0,0,0,0,0,0,0,0,0,0,0,0,0,0,0,0,0,0,0,0,0,0,0,0,0,0,0,0,0,0,0,0,0,0,0,0,0,0,1,0,0,0,0,0,0,0,0,0,0,0,0,0,0,0,0,0,0,0,0,1,0,0,0,1,0,0,0,1,0,1,0,0,0,0,1,1,1,0,0,1,1,0,0,0,1,0,0,0,1,0,0,0,1,0,1,1,0,1,0,0,0,1,1,0,0,1,1,1,0,0,0,1,0,1,0,1,0,0,0,0,1,1,0,1,1,0,1,1,0,0,1,1,1,0,1,1,1,1,1,1,1,1,1,1,1,1,1,1,1,1,0,8.550059011226661
0,0,0,0,0,0,0,0,0,0,0,0,0,0,0,0,0,0,0,0,0,0,0,0,0,0,0,0,0,0,0,0,0,0,0,0,0,0,0,0,0,0,0,0,0,0,0,0,0,0,0,0,0,1,1,0,0,0,0,0,0,0,0,0,0,0,0,0,0,0,0,0,0,0,0,0,0,0,0,0,0,0,1,0,0,0,0,0,1,0,1,0,1,0,0,1,0,0,0,0,0,0,0,0,1,0,0,0,1,0,1,1,0,0,0,0,0,1,1,0,0,0,0,1,0,0,0,0,0,0,0,1,1,0,0,0,1,0,0,1,0,0,0,0,0,0,1,1,0,0,0,1,0,1,1,1,1,1,1,1,1,1,0,0,1,0,0,6.069998998990925
0,0,0,0,0,0,0,0,0,0,0,0,0,0,0,0,0,0,0,0,0,0,0,0,0,0,0,0,0,0,0,0,0,0,0,0,0,0,0,0,0,0,0,0,0,0,0,0,0,0,0,0,0,0,0,0,0,0,0,0,0,0,0,0,0,0,0,0,0,0,0,0,0,0,0,0,0,0,0,0,0,0,1,0,0,0,0,0,1,0,1,1,0,0,0,0,0,0,0,0,0,0,0,0,1,0,0,0,0,0,0,0,0,0,0,0,0,0,1,0,0,0,0,1,0,0,0,0,1,1,0,1,1,0,0,0,0,0,0,1,0,0,0,0,0,0,0,1,0,0,0,0,0,1,1,1,0,1,0,1,0,0,0,0,1,0,0,2.959999998472388
0,0,0,0,0,0,0,0,0,0,0,0,0,0,0,0,0,0,0,0,0,0,0,0,0,0,0,0,0,0,0,0,0,0,0,0,0,0,0,0,0,0,0,0,0,0,0,0,0,0,0,0,0,0,0,0,0,0,0,0,0,0,0,0,0,0,1,0,0,0,0,0,0,0,1,1,0,0,0,0,0,0,1,1,0,1,0,0,1,0,0,0,1,0,0,1,1,0,0,0,1,0,0,0,1,0,0,0,0,0,1,1,1,0,0,0,0,1,1,0,0,1,1,1,0,0,1,0,1,1,0,0,1,0,0,0,1,1,1,0,0,1,0,0,0,0,1,1,1,1,1,0,1,1,1,1,1,1,1,1,1,1,0,0,1,1,0,4.41000005022751
0,0,0,0,0,0,0,0,0,0,0,0,0,0,0,0,0,0,0,0,0,0,0,0,0,0,0,0,0,0,0,0,0,0,0,0,0,0,0,0,0,0,0,0,0,0,0,0,0,0,0,0,0,0,1,0,0,0,0,0,0,0,0,0,0,0,0,0,0,0,0,0,0,0,0,1,0,0,0,1,0,0,0,1,1,1,0,0,0,0,1,1,1,0,0,1,1,0,0,0,0,1,0,0,1,1,0,0,0,0,1,1,0,0,0,0,0,1,1,0,0,1,1,1,0,0,0,0,1,1,0,1,1,0,0,0,1,1,0,1,1,0,1,0,0,1,1,1,1,0,1,1,0,0,1,1,1,1,1,1,0,1,1,1,1,1,0,6.659992382003327
0,0,0,0,0,0,0,0,0,0,0,0,0,0,0,0,0,0,0,0,0,0,0,0,0,0,0,0,0,0,0,0,0,0,0,0,0,0,0,0,0,0,0,0,0,0,0,0,0,0,0,0,0,0,1,0,0,0,0,0,0,0,0,0,0,0,0,0,0,0,0,0,0,0,0,0,0,0,0,0,0,0,1,0,0,0,0,0,0,0,1,0,1,0,0,1,0,0,0,0,1,0,0,0,1,0,0,0,0,0,1,1,0,0,0,0,0,1,1,0,0,0,0,1,0,0,0,0,1,1,0,1,1,0,0,0,1,0,0,1,1,0,0,0,0,0,1,1,0,0,0,1,0,1,1,1,1,1,1,1,0,1,0,0,1,0,0,2.7000000010815404
0,0,0,0,0,0,0,0,0,0,0,0,0,0,0,0,0,0,0,0,0,0,0,0,0,0,0,0,0,0,0,0,0,0,0,0,0,0,0,0,0,0,0,0,0,0,0,0,0,0,0,0,0,0,1,0,0,0,0,0,0,0,0,0,0,0,0,0,0,0,0,0,0,0,1,0,0,0,0,0,0,0,0,0,0,0,0,0,0,0,1,0,1,0,0,1,0,0,0,0,0,0,0,0,1,0,0,0,0,0,1,1,0,0,0,1,0,1,1,0,0,0,0,1,0,0,0,0,1,0,0,1,1,0,0,0,1,0,0,1,1,0,0,0,0,0,1,1,0,1,0,1,0,0,1,1,1,1,1,1,1,1,0,0,1,0,0,3.2100000013111223
0,0,0,0,0,0,0,0,0,0,0,0,0,0,0,0,0,0,0,0,0,0,0,0,0,0,0,0,0,1,0,0,0,0,0,0,0,0,0,0,0,0,0,0,0,0,0,0,1,0,0,0,0,0,0,0,0,0,0,0,0,0,0,0,0,0,0,0,0,1,0,0,1,0,0,0,0,0,0,0,0,0,1,0,1,1,0,0,0,0,1,1,1,0,0,1,0,0,0,0,1,0,1,0,1,0,1,0,0,0,1,1,1,0,0,0,0,1,1,0,0,0,1,1,1,0,1,0,1,1,1,1,1,1,0,0,1,0,1,1,1,0,1,0,0,1,1,1,1,0,0,1,1,1,1,1,1,1,1,1,0,1,1,1,1,1,0,9.53003079050004
0,0,0,0,0,0,0,0,0,0,0,0,0,0,0,0,0,0,0,0,0,0,0,0,0,0,0,0,0,0,0,0,0,0,0,0,0,0,0,0,0,0,0,0,0,0,0,0,0,0,0,0,0,1,1,0,0,0,0,0,0,0,0,0,0,0,0,0,0,0,0,0,0,0,0,1,0,0,0,1,1,0,1,1,1,1,0,0,0,0,1,1,1,0,0,1,1,0,0,0,1,0,0,0,1,0,0,0,1,0,1,1,0,0,0,0,0,1,1,0,0,1,1,1,0,0,0,0,0,1,0,1,0,0,0,0,1,1,1,1,1,0,1,0,0,0,1,1,1,0,1,1,0,1,1,1,1,1,1,1,1,1,0,0,1,1,0,6.490004907986601
0,0,0,0,0,0,0,0,0,0,0,0,0,0,0,0,0,0,0,0,0,0,0,0,0,0,0,0,0,0,0,0,0,0,0,0,0,0,0,0,0,0,0,0,0,0,0,0,0,0,0,0,0,0,0,0,0,0,0,0,0,0,0,0,0,0,0,0,0,0,0,0,0,0,0,1,0,0,0,1,0,0,0,1,1,1,0,0,0,0,1,1,1,0,0,1,1,0,0,0,1,0,0,0,0,0,0,0,0,0,1,1,0,0,1,1,0,1,1,0,0,1,1,1,0,0,0,0,0,1,0,1,0,0,0,0,1,1,0,1,0,0,1,0,0,0,1,1,1,1,1,1,0,1,1,1,1,1,1,1,1,1,0,0,1,1,0,3.889999983714797
0,0,0,0,0,0,0,0,0,0,0,0,0,0,0,0,0,0,0,1,0,0,0,0,0,0,0,0,0,0,0,0,0,0,0,0,0,0,0,0,0,0,0,0,0,0,0,0,0,0,0,0,0,0,0,0,0,0,0,0,0,0,0,0,0,0,0,0,0,0,0,0,0,0,0,0,0,0,0,0,0,0,1,0,0,0,0,0,1,0,1,1,0,0,0,0,0,0,0,0,0,0,0,0,0,0,0,0,1,0,0,0,0,0,0,0,1,0,1,0,0,0,0,1,0,0,0,1,1,1,0,1,0,0,0,0,1,0,0,1,0,0,0,1,0,0,1,1,0,0,1,0,1,1,1,1,0,1,0,1,1,0,0,0,1,1,0,7.280006173632396
0,0,0,0,0,0,0,0,0,0,0,0,0,0,0,0,0,0,0,0,0,0,0,0,0,0,0,0,0,0,0,0,0,0,0,0,0,0,0,0,0,0,0,0,0,0,0,0,0,0,0,0,0,1,1,0,0,0,0,0,0,0,0,0,0,1,0,0,0,0,0,0,0,0,0,0,0,1,0,1,1,0,1,1,0,0,0,0,1,0,1,1,1,0,0,1,1,0,0,0,0,0,0,0,1,0,0,0,0,0,1,1,0,0,0,0,0,1,1,0,1,1,0,1,0,0,0,0,1,0,0,1,1,0,0,0,1,1,0,1,0,0,1,0,0,0,1,1,0,0,0,1,0,1,1,1,1,1,1,1,0,1,1,0,1,1,0,3.639999991045884
0,0,0,0,0,0,0,0,0,0,0,0,0,0,0,0,0,0,0,0,0,0,0,0,0,0,0,0,0,0,0,0,0,0,0,0,0,0,0,0,0,0,0,0,0,0,0,0,0,0,0,0,0,0,1,0,0,0,0,0,0,0,0,0,0,0,0,0,0,0,0,0,0,0,0,1,0,0,0,1,0,0,0,1,0,1,0,0,0,0,1,1,1,0,0,1,1,0,0,0,0,1,0,0,1,1,0,0,1,0,1,1,0,0,0,0,0,1,1,0,0,1,1,1,0,0,0,0,1,1,0,1,0,0,0,0,1,1,0,1,1,0,1,0,0,1,1,1,1,0,1,1,0,0,1,1,1,1,1,1,1,1,1,1,1,1,0,6.585026652029182
0,0,0,0,0,0,0,0,0,0,0,0,0,0,0,0,0,0,0,0,0,0,0,0,0,0,0,0,0,0,0,0,0,0,0,0,1,0,0,0,0,0,0,0,0,0,0,1,0,0,0,0,0,0,0,0,0,0,0,0,0,0,1,0,0,0,0,0,0,0,0,0,0,0,0,1,0,0,0,0,0,1,1,1,0,1,0,0,1,0,1,0,1,0,0,1,1,1,0,0,0,0,0,0,1,0,0,0,0,0,1,1,0,1,0,0,0,1,1,0,1,1,1,1,0,0,0,1,1,0,0,1,1,0,0,0,1,1,1,1,1,0,0,1,1,0,1,1,1,0,1,0,1,1,1,1,1,1,1,1,0,1,1,1,1,1,0,8.430041181903405
0,0,0,0,0,0,0,0,0,0,0,0,0,0,0,0,0,0,0,0,0,0,0,0,0,0,0,0,0,1,0,0,0,0,0,0,0,0,0,0,0,0,0,1,0,0,0,0,1,0,0,0,0,0,0,0,0,0,0,0,0,0,0,0,0,0,0,0,0,1,0,0,0,0,0,1,0,0,0,1,0,0,0,1,0,1,0,0,0,0,1,1,1,0,1,1,1,0,0,0,1,0,1,0,0,0,1,0,1,0,1,1,1,0,0,0,0,1,1,0,0,1,1,1,1,0,0,0,0,1,1,1,0,0,0,0,1,1,0,1,1,0,1,0,0,0,1,1,1,0,1,1,0,1,1,0,1,1,1,1,1,1,0,0,1,1,0,6.109998386815364
0,0,0,0,0,0,0,0,0,0,0,0,0,0,0,0,0,0,0,0,0,0,0,0,0,0,0,0,0,0,0,0,0,0,0,0,0,0,0,0,0,0,0,0,0,0,0,0,0,0,0,0,0,1,1,0,0,0,0,0,0,0,0,0,0,0,0,0,0,0,0,0,0,0,0,0,0,0,0,0,0,0,1,0,0,0,0,0,1,0,1,0,1,0,0,1,0,0,0,0,0,0,0,0,1,0,0,0,0,0,1,1,0,0,0,0,0,1,1,0,0,0,0,1,0,0,0,0,1,0,0,1,1,0,0,0,1,0,0,1,0,0,0,0,0,0,1,1,0,0,0,1,0,1,1,1,1,1,1,1,0,1,1,1,1,1,0,6.369999510099088
0,0,0,0,0,0,0,0,0,0,0,0,0,0,0,0,0,0,0,0,0,0,0,0,0,0,0,0,0,0,0,0,0,0,0,0,0,0,0,0,0,0,0,0,0,0,0,0,0,0,0,0,0,0,1,0,0,0,0,0,0,0,0,0,0,0,0,0,0,0,0,0,0,0,0,1,0,0,0,1,0,0,0,1,0,1,0,0,0,0,1,1,1,0,0,1,1,0,0,0,1,1,0,0,1,1,0,0,1,0,1,1,0,0,0,0,0,1,1,0,0,1,1,1,0,0,0,0,1,1,0,1,0,0,0,0,1,1,0,1,1,0,1,0,0,1,1,1,1,0,1,1,0,1,1,1,1,1,1,1,1,1,1,1,1,1,0,8.659952682338607
0,0,0,0,0,0,0,0,0,0,0,0,0,0,0,0,0,0,0,0,0,0,0,0,0,0,0,0,0,0,0,0,0,0,0,0,0,0,0,0,0,0,0,0,0,0,0,0,0,0,0,0,0,0,1,0,0,0,0,0,0,0,0,0,0,0,0,0,0,0,0,0,0,0,0,1,0,0,0,1,0,0,0,1,0,1,0,0,0,0,1,1,1,0,0,1,1,0,0,0,1,0,0,0,1,0,0,0,1,0,1,1,0,0,0,0,0,1,1,0,0,1,1,1,0,0,0,0,0,1,0,1,1,1,0,1,1,1,0,1,1,0,1,0,0,0,1,1,1,0,1,1,0,1,1,1,1,1,1,1,1,1,1,1,1,1,0,8.280006173632396
0,0,0,0,0,0,0,0,0,0,0,0,0,0,0,0,0,0,0,0,0,0,0,0,0,0,0,0,0,0,0,0,0,0,0,0,0,0,0,0,0,0,0,0,0,0,0,0,0,0,0,0,0,0,0,0,0,0,0,0,0,0,0,0,0,0,0,0,0,0,0,0,0,0,0,1,0,0,0,0,0,0,1,1,0,1,0,0,1,0,0,1,1,0,0,1,1,0,0,1,1,0,0,0,1,0,0,0,0,0,1,1,0,0,0,0,0,1,1,0,0,1,1,1,0,0,0,0,1,1,0,1,1,0,0,0,1,1,1,1,0,0,0,0,0,0,1,1,1,0,1,0,0,1,1,1,1,1,1,1,0,1,0,0,1,1,0,6.190002844637807
0,0,0,0,0,0,0,0,0,0,0,0,0,0,0,0,0,0,0,0,0,0,0,0,0,0,0,0,0,0,0,0,0,0,0,0,0,0,0,0,0,0,0,0,0,0,0,0,0,0,0,0,0,0,1,0,0,0,0,0,0,0,0,0,0,0,0,0,0,0,0,0,0,0,0,1,0,0,0,1,0,0,1,1,1,1,0,0,0,0,1,1,1,0,0,1,1,0,0,0,1,1,0,0,1,1,0,0,0,0,1,1,0,0,0,0,0,1,1,0,0,1,1,1,0,0,0,0,1,1,0,1,1,0,0,0,1,1,0,1,1,0,1,0,0,0,1,1,1,0,1,1,0,1,1,1,1,1,1,1,0,1,0,1,1,1,0,7.92009553233328
0,0,0,0,0,0,0,0,0,0,0,0,0,0,0,0,0,0,0,0,0,0,0,0,0,0,0,0,0,0,0,0,0,0,0,0,0,0,0,0,0,0,0,0,0,0,0,0,0,0,0,0,0,0,0,0,0,0,0,0,0,0,0,0,0,0,0,0,0,0,0,0,0,0,0,1,0,0,0,0,0,0,0,1,0,1,0,0,0,0,1,1,1,0,0,1,1,0,0,0,1,0,0,0,1,0,0,0,0,0,1,1,0,0,0,0,0,1,1,0,0,1,1,1,0,0,0,0,1,1,0,1,1,0,0,0,1,1,0,1,1,0,0,0,0,0,1,1,1,0,1,0,0,1,1,1,1,1,1,1,0,1,0,0,1,1,0,4.480000028175458
0,0,0,0,0,0,0,0,0,0,0,0,0,0,0,0,0,0,0,0,0,0,0,0,0,0,0,0,0,0,0,0,0,0,0,0,0,0,0,0,0,0,0,0,0,0,0,0,0,0,0,0,0,0,1,0,0,0,0,0,0,0,0,0,0,0,0,0,0,0,0,0,0,0,0,1,0,0,0,1,0,0,1,1,1,1,0,0,0,0,1,1,1,0,0,1,1,0,0,0,1,0,0,0,1,0,0,0,0,0,1,1,0,0,0,0,0,1,1,0,0,1,1,1,0,0,0,0,1,1,0,1,0,0,0,0,1,1,1,1,1,0,1,0,0,0,1,1,1,0,1,1,0,1,1,1,1,1,1,1,0,1,1,1,1,1,0,8.659952682338607
0,0,0,0,0,0,0,0,0,0,0,0,0,0,0,0,0,0,0,0,0,0,0,0,0,0,0,0,0,1,0,0,0,0,0,0,0,0,0,0,0,0,0,0,0,0,0,0,1,0,0,0,0,0,0,0,0,0,0,1,0,0,0,0,1,0,0,0,0,1,0,0,1,0,0,1,0,0,0,0,0,1,1,1,1,1,0,0,1,0,1,1,1,0,0,1,1,0,0,0,1,0,1,0,1,0,1,0,0,0,1,1,1,0,0,0,0,1,1,0,0,1,1,1,1,1,1,0,1,1,1,1,1,0,0,0,1,1,1,1,1,0,1,0,0,1,1,1,1,0,1,1,1,1,1,1,1,1,1,1,0,1,1,1,1,1,0,9.110026361596004
0,0,0,0,0,0,0,0,0,0,0,0,0,0,0,0,0,0,0,0,0,0,0,0,0,0,0,0,0,1,0,0,0,0,0,0,0,0,0,0,0,0,0,0,0,0,0,0,1,0,0,0,0,0,0,0,0,0,0,0,0,0,0,0,0,0,0,0,0,1,0,0,1,0,0,1,0,0,0,0,0,0,1,1,1,1,0,0,0,0,1,1,1,0,0,1,1,1,0,0,1,0,1,0,1,0,1,0,0,0,1,1,1,0,0,0,0,1,1,0,0,1,1,1,1,0,1,1,1,1,1,1,1,0,0,0,1,1,1,1,1,0,1,1,0,0,1,1,1,0,1,1,1,1,1,1,1,1,1,1,0,1,1,1,1,1,0,9.059981844992336
0,0,0,0,0,0,0,0,0,0,0,0,0,0,0,0,0,0,0,0,0,0,0,0,0,0,0,0,0,0,0,0,0,0,0,0,0,0,0,0,0,0,0,0,0,0,0,0,0,0,0,0,0,0,0,0,0,0,0,0,0,0,0,0,0,0,0,0,0,0,0,0,1,0,0,1,0,0,0,0,0,0,0,1,0,1,0,0,0,0,1,0,1,0,0,1,1,0,0,0,0,1,0,0,0,1,0,0,1,1,1,1,0,0,1,0,0,1,1,0,0,1,1,1,0,0,1,0,1,1,0,0,1,0,0,0,1,1,0,1,1,0,0,0,0,1,1,1,1,1,1,0,1,1,1,1,1,1,1,1,1,1,1,1,1,1,0,7.619788758288394
0,0,0,0,0,0,0,0,0,0,0,0,0,0,0,0,0,0,0,0,0,0,0,0,0,0,0,0,0,0,0,0,0,0,0,0,0,0,0,0,0,0,0,0,0,0,0,0,0,0,0,0,0,0,0,0,0,0,0,0,0,0,0,0,0,0,0,0,0,0,0,0,1,0,0,1,0,0,0,0,0,0,0,0,0,1,0,0,0,0,1,1,1,0,0,1,0,0,1,0,1,1,0,0,0,1,0,0,1,0,1,1,0,0,0,0,0,1,1,0,0,1,1,1,0,1,1,0,0,1,0,1,1,0,0,0,1,1,0,1,1,0,0,0,1,1,1,1,1,0,1,0,1,1,1,1,1,1,1,1,1,1,1,1,1,1,0,7.0655015487564325
0,0,0,0,0,0,0,0,0,0,0,0,0,0,0,0,0,0,0,0,0,0,0,0,0,0,0,0,0,0,0,0,0,0,0,0,0,0,0,0,0,0,0,0,0,0,0,0,0,0,0,0,0,0,1,0,0,0,0,0,0,0,0,0,0,0,0,0,0,0,0,0,0,0,0,1,0,0,0,1,0,0,0,1,1,1,0,0,0,0,1,1,1,0,0,1,1,0,0,0,1,0,0,0,1,0,0,0,1,0,1,1,0,0,0,0,0,1,1,0,0,1,1,1,0,0,0,0,0,1,0,1,0,0,0,0,1,1,0,1,1,0,1,0,0,0,1,1,1,0,1,1,0,1,1,1,1,1,1,1,1,1,1,1,1,1,0,4.589999963296594
0,0,0,0,0,0,0,0,0,0,0,0,0,0,0,0,0,0,0,0,0,0,0,1,0,0,0,0,0,0,0,0,0,0,0,0,0,0,0,0,0,0,0,0,0,0,0,0,0,0,0,0,0,0,1,0,0,0,0,0,0,0,0,0,0,0,0,0,0,0,0,0,0,0,0,1,0,0,0,1,0,0,0,1,0,1,0,0,0,0,1,1,1,0,0,1,1,0,0,0,1,0,0,0,1,0,1,0,0,1,1,1,0,0,0,0,0,1,1,0,0,1,1,1,0,0,1,0,1,1,0,1,1,0,0,0,1,1,1,1,1,0,1,0,0,0,1,1,1,0,1,1,0,1,1,1,1,1,1,1,1,1,1,1,1,1,0,6.409994580348671
0,0,0,0,0,0,0,0,0,0,0,0,0,0,0,0,0,0,0,0,0,0,0,0,0,0,0,0,0,0,0,0,0,0,0,0,0,0,0,0,0,0,0,0,0,0,0,0,0,0,0,0,0,1,1,0,0,0,0,0,0,0,0,0,0,0,0,0,0,0,0,0,0,0,0,0,0,0,0,0,0,0,1,0,0,0,0,0,1,0,1,0,1,0,0,1,0,0,0,0,0,0,0,0,1,0,0,0,0,0,1,1,0,0,0,0,0,1,0,0,0,0,0,1,0,0,0,0,1,0,0,1,1,0,0,0,1,0,1,1,0,0,0,0,0,0,1,0,0,0,0,1,0,1,1,1,1,1,1,1,0,1,0,0,1,0,0,4.719999935717911
0,0,0,0,0,0,0,0,0,0,0,0,0,0,0,0,0,0,0,0,0,0,0,1,0,0,0,0,0,0,0,0,0,0,0,0,0,0,0,0,0,0,0,0,0,0,0,0,0,0,0,0,0,0,1,0,0,0,0,0,0,0,0,0,0,0,0,0,0,0,0,0,0,0,0,1,0,0,0,1,0,0,0,1,0,1,0,0,0,0,1,1,1,0,0,1,1,0,0,0,1,0,0,0,1,0,1,0,0,1,1,1,0,0,0,0,0,1,1,0,1,1,1,1,0,0,1,0,1,1,0,1,1,0,0,0,1,1,1,1,1,0,1,0,0,0,1,1,1,0,1,1,0,1,1,1,1,1,1,1,0,1,1,1,1,1,0,5.59999938302362
0,0,0,0,0,0,0,0,0,0,0,0,0,0,0,0,0,0,0,0,0,0,0,0,0,0,0,0,0,0,0,0,0,0,0,0,0,0,0,0,0,0,0,0,0,0,0,0,0,0,0,0,0,0,1,0,0,0,0,0,0,0,0,0,0,0,0,0,0,0,0,0,0,0,0,0,0,0,0,0,0,0,0,0,0,0,0,0,0,0,1,1,1,0,0,1,0,0,0,0,0,0,0,0,1,0,0,0,0,0,1,1,0,0,1,1,0,1,1,0,0,0,0,1,0,0,0,0,0,0,0,1,1,0,0,0,1,0,0,1,1,0,0,0,0,0,1,1,0,1,0,1,0,0,1,1,1,1,1,1,1,1,0,0,1,0,0,2.979999999191614
0,0,0,0,0,0,0,0,0,0,0,0,0,0,0,0,0,0,0,0,0,0,0,0,0,0,0,0,0,0,0,0,0,0,0,0,0,0,0,0,0,0,0,0,0,0,0,0,0,0,0,0,0,0,0,0,0,0,0,0,0,0,0,0,0,0,0,0,0,0,0,0,0,0,0,1,0,0,0,0,0,1,0,1,0,1,0,0,1,0,1,1,1,0,0,1,1,0,0,0,0,1,0,0,0,1,0,0,1,0,1,1,0,0,0,0,0,1,1,0,0,1,1,1,0,0,0,0,1,1,0,1,0,0,0,0,1,1,0,1,1,0,0,0,0,1,1,1,1,0,1,0,0,0,1,1,1,1,1,1,1,1,1,1,1,1,0,6.853871964321762
0,0,0,0,0,0,0,0,0,0,0,0,0,0,0,0,0,0,0,0,0,0,0,0,0,0,0,0,0,0,0,0,0,0,0,0,0,0,0,0,0,0,0,0,0,0,0,0,0,0,0,0,0,0,1,0,0,0,0,0,0,0,0,0,0,0,0,0,0,0,0,0,0,0,0,0,0,0,0,0,0,0,0,0,0,0,0,0,0,0,1,1,1,0,0,1,0,0,0,0,0,0,0,0,1,0,0,0,0,0,1,1,0,0,1,1,1,1,0,0,0,0,0,1,0,0,0,0,0,0,0,1,0,0,0,0,1,0,0,1,0,1,0,0,0,0,1,0,0,1,0,1,0,0,1,1,1,1,1,1,1,1,1,1,1,1,0,3.030000000370884
0,0,0,0,0,0,0,0,0,0,0,0,0,0,0,0,0,0,0,0,0,0,0,0,0,0,0,0,0,1,0,0,0,0,0,0,0,0,0,0,0,0,0,0,0,0,0,0,1,0,0,0,0,0,0,0,0,0,0,0,0,0,1,0,0,0,0,0,0,1,0,0,1,0,0,1,0,0,0,0,0,0,1,1,1,1,0,0,0,0,1,1,1,0,0,1,1,0,0,0,1,0,1,0,1,0,1,0,0,0,1,1,1,0,0,0,0,1,1,0,0,1,1,1,1,1,1,0,1,1,1,1,1,0,0,0,1,1,1,1,1,0,1,0,0,1,1,1,1,0,1,1,1,1,1,1,1,1,1,1,0,1,1,1,1,1,0,6.470005326930858
0,0,0,0,0,0,0,0,0,0,0,0,0,0,0,0,0,0,0,0,0,0,0,0,0,0,0,0,0,0,0,0,0,0,0,0,0,0,0,0,0,0,0,0,0,0,0,0,0,0,0,0,0,0,0,0,0,0,0,0,0,0,0,0,0,0,0,0,0,0,0,0,0,0,0,1,0,0,0,0,0,0,1,1,0,1,1,0,1,0,1,1,0,0,0,1,1,0,0,0,1,0,0,0,1,0,0,0,0,0,0,1,0,0,0,0,0,0,1,0,0,1,1,1,0,0,0,0,1,1,0,1,0,0,0,0,0,1,1,1,0,0,0,0,0,0,0,1,1,0,1,0,0,1,1,1,1,1,1,1,0,1,0,0,1,1,0,3.620000003443366
0,0,0,0,0,0,0,0,0,0,0,0,0,0,0,0,0,0,0,0,0,0,0,0,0,0,0,0,0,0,0,0,0,0,0,0,0,0,0,0,0,0,0,0,0,0,0,0,0,0,0,0,0,0,0,0,0,0,0,0,0,0,0,0,0,0,0,0,0,0,0,0,0,0,0,1,0,0,0,0,0,1,0,1,0,1,0,0,1,0,1,1,1,0,0,1,1,0,0,0,1,0,0,0,0,0,0,0,1,0,1,1,0,0,0,0,0,1,1,0,0,1,1,1,0,0,0,0,0,1,0,1,0,0,0,0,1,1,0,1,1,0,0,0,0,0,1,1,1,0,1,0,0,1,1,1,1,1,1,1,1,1,1,1,1,1,0,6.236572006437063
0,0,0,0,0,0,0,0,0,0,0,0,0,0,0,0,0,0,0,1,0,0,0,0,0,0,0,0,0,0,0,0,0,0,0,0,0,0,0,0,0,0,0,0,0,0,0,0,0,0,0,0,0,0,1,0,0,0,0,0,0,0,0,0,0,0,0,0,0,0,0,0,0,0,0,1,0,0,0,1,0,0,0,0,0,1,0,0,0,0,1,1,1,0,0,1,0,0,0,0,1,0,0,0,1,0,0,0,1,0,1,1,0,0,0,1,1,1,1,0,0,1,1,1,0,0,0,1,1,1,0,1,1,1,0,0,1,1,0,1,1,0,1,1,0,0,1,1,1,0,1,1,0,1,1,1,1,1,1,1,1,1,1,1,1,1,0,8.51999305704285
0,0,0,0,0,0,0,0,0,0,0,0,0,0,0,0,0,0,0,0,0,0,0,0,0,0,0,0,0,1,0,0,0,0,0,0,0,0,0,0,0,0,0,0,0,0,0,0,1,0,0,0,0,0,0,0,0,0,0,0,0,0,1,0,0,0,0,0,0,1,0,0,1,0,0,1,0,0,0,0,0,0,1,1,1,1,0,0,0,0,1,1,1,0,0,1,1,0,0,0,1,0,1,0,1,0,1,0,0,0,1,1,1,0,0,0,0,1,1,0,0,1,1,1,1,1,1,0,1,1,1,1,1,0,0,0,1,1,1,1,1,0,1,0,0,1,1,1,1,0,1,1,1,1,1,1,1,1,1,1,0,1,1,1,1,1,0,9.880084589742008
0,0,0,0,0,0,0,0,0,0,0,0,0,0,0,0,0,0,0,0,0,0,0,0,0,0,0,0,0,1,0,0,0,0,0,0,0,0,0,0,0,0,0,0,0,0,0,0,1,0,0,0,0,0,0,0,0,0,0,0,0,0,0,0,0,0,0,0,0,1,0,0,1,0,0,0,0,0,0,0,0,0,1,0,1,1,0,0,0,0,1,1,1,1,0,1,0,1,0,0,1,0,1,0,1,0,1,0,0,0,1,1,1,1,0,0,0,1,1,0,0,0,1,1,1,1,1,1,1,1,1,1,1,1,0,1,1,0,1,1,1,0,1,1,1,1,1,1,1,1,1,1,1,1,1,1,1,1,1,1,1,1,1,1,1,1,0,9.54000474395261
0,0,0,0,0,0,0,0,0,0,0,0,0,0,0,0,0,0,0,0,0,0,0,0,0,0,0,0,0,0,0,0,0,0,0,0,0,0,0,0,1,0,0,0,0,0,0,0,0,1,0,1,0,0,0,0,0,0,0,0,0,1,0,0,0,0,0,1,0,0,0,0,0,0,0,1,0,0,0,0,0,1,0,1,0,1,0,0,1,1,1,0,1,0,0,1,1,1,0,0,0,1,1,0,0,1,0,0,1,1,1,1,0,0,1,0,0,1,1,0,0,1,1,1,1,0,1,0,1,1,0,0,0,0,0,0,1,1,0,1,1,0,0,0,0,1,1,1,1,1,1,0,0,1,1,1,1,1,1,1,1,1,1,1,1,1,0,6.657577319177793
0,0,0,0,0,0,0,0,0,0,0,0,0,0,0,0,0,0,0,0,0,0,0,0,0,0,0,0,0,1,0,0,0,0,0,0,0,0,0,0,0,0,0,0,0,0,0,0,1,0,0,0,0,0,0,0,0,0,0,0,0,0,0,0,1,0,0,0,0,1,0,0,1,0,0,1,0,0,0,0,0,1,1,1,1,1,0,0,1,0,1,1,1,1,0,1,1,0,0,0,1,0,1,0,1,0,1,0,0,0,1,1,1,0,0,0,1,1,1,0,0,1,1,1,1,0,1,0,1,1,1,1,1,0,0,0,1,1,1,1,1,0,1,0,0,0,1,1,1,0,1,1,1,1,1,1,1,1,1,1,1,1,1,1,1,1,0,8.720105019988361
0,0,0,0,0,0,0,0,0,0,0,0,0,0,0,0,0,0,0,0,0,0,0,0,0,0,0,0,0,0,0,0,0,0,0,0,0,0,0,0,0,0,0,0,0,0,0,0,0,0,0,0,0,0,1,0,0,0,0,0,0,0,0,0,0,1,0,0,0,0,0,0,0,0,0,0,0,1,0,1,1,0,1,1,0,0,0,0,1,0,1,1,1,0,0,1,1,0,0,0,0,0,0,0,1,0,0,0,0,0,1,1,0,0,0,0,0,1,0,0,1,1,0,1,0,0,0,0,1,0,0,1,1,0,0,0,1,1,0,1,0,0,1,0,0,0,1,0,0,0,0,1,0,1,1,1,1,1,1,1,0,1,1,0,1,1,0,3.5899999970886247
0,0,0,0,0,0,0,0,0,0,0,0,0,0,0,0,0,0,0,0,0,0,0,0,0,0,0,0,0,0,0,0,0,0,0,0,0,0,0,0,0,0,0,0,0,0,0,0,0,0,0,0,0,0,0,0,0,0,0,0,0,0,0,0,0,0,0,0,0,0,0,0,0,0,0,1,0,0,0,0,0,0,1,1,0,1,0,0,1,0,1,1,1,0,0,1,1,0,0,0,1,0,0,0,1,0,0,0,0,0,1,1,0,0,0,0,0,1,1,0,0,1,1,1,0,0,0,1,1,1,0,1,1,0,0,0,1,1,1,1,0,0,0,1,0,0,1,1,1,0,1,0,0,1,1,1,1,1,1,1,0,1,0,0,1,1,0,3.189999999350668
0,0,0,0,0,0,0,0,0,0,0,0,0,0,0,0,0,0,0,0,0,0,0,0,0,0,0,0,0,1,0,0,0,0,0,0,0,0,0,0,0,0,0,1,0,0,0,0,1,0,0,0,0,0,0,0,0,0,0,0,0,0,0,0,0,0,0,0,0,1,0,0,0,0,0,1,0,0,0,1,0,0,0,1,0,1,0,0,0,0,1,1,1,0,1,1,1,0,0,0,1,0,1,0,0,0,1,0,1,1,1,1,1,0,0,0,0,1,1,0,0,1,1,1,1,0,1,0,0,1,1,1,0,0,0,0,1,1,1,1,1,0,1,0,0,0,1,1,1,0,1,1,0,1,1,1,1,1,1,1,1,1,1,1,1,1,0,7.389978975335855
0,0,0,0,0,0,0,0,0,0,0,0,0,0,0,0,0,0,0,0,0,0,0,0,0,0,0,0,0,0,0,0,0,0,0,0,0,0,0,0,0,0,0,0,0,0,0,0,0,0,0,0,0,1,1,0,0,0,0,0,0,0,0,0,0,0,1,0,0,0,0,0,0,0,1,0,0,0,0,0,0,1,1,0,0,0,0,0,1,0,1,0,1,0,0,1,0,0,0,0,0,0,0,0,1,0,0,0,0,0,1,1,1,0,0,0,0,1,0,0,0,0,0,1,0,0,0,0,0,0,0,1,0,0,0,0,1,0,0,1,0,0,0,0,0,0,1,0,0,1,0,1,0,1,1,1,1,1,1,1,1,1,0,0,1,0,0,2.140000000044956
0,0,0,0,0,0,0,0,0,0,0,0,0,0,0,0,0,0,0,0,0,0,0,0,0,0,0,0,0,0,0,0,0,0,0,0,0,0,0,0,0,0,0,0,0,0,0,0,0,0,0,0,1,0,0,0,0,0,0,0,0,0,0,0,0,0,1,0,0,0,0,0,0,0,0,0,0,0,0,0,1,0,1,1,0,0,0,0,1,1,0,0,1,0,1,1,1,1,1,1,1,1,0,0,1,1,0,0,1,0,1,1,1,0,0,1,1,1,1,0,1,1,1,1,1,0,0,1,1,0,0,1,0,0,0,0,1,1,1,1,1,0,1,1,0,0,1,1,1,0,1,0,0,1,1,1,1,1,1,1,1,1,0,1,1,1,0,7.0
0,0,0,0,0,0,0,0,0,0,0,0,0,0,0,0,0,0,0,0,0,0,0,1,0,0,0,0,0,0,0,0,0,0,0,0,0,0,0,0,0,0,0,0,0,0,0,0,0,0,0,0,0,0,1,0,0,0,0,0,0,0,0,0,0,0,0,0,0,0,0,0,0,0,0,1,0,0,0,1,0,0,1,1,1,1,0,0,0,0,1,1,1,0,0,1,1,0,0,0,1,1,0,0,1,1,1,0,0,1,1,1,0,0,0,0,0,1,1,0,0,1,1,1,0,0,1,0,1,1,0,1,1,0,0,0,1,1,1,1,1,0,1,0,0,1,1,1,1,0,1,1,0,1,1,1,1,1,1,1,0,1,1,1,1,1,0,8.460046158343603
0,0,0,0,0,0,0,0,0,0,0,0,0,0,0,0,0,0,0,0,0,0,0,1,0,0,0,0,0,0,0,0,0,0,0,0,0,0,0,0,0,0,0,0,0,0,0,0,0,0,0,0,0,0,1,0,0,0,0,0,0,0,0,0,0,0,0,0,0,0,0,0,0,0,0,1,0,0,0,1,0,0,0,1,0,1,0,0,0,0,1,1,1,0,0,1,1,0,0,0,1,1,0,0,1,1,1,0,0,1,1,1,0,0,0,0,0,1,1,0,1,1,1,1,0,0,1,0,1,1,0,1,1,0,0,0,1,1,1,1,1,0,1,0,0,1,1,1,1,0,1,1,0,1,1,1,1,1,1,1,0,1,1,1,1,1,0,7.819874124835946
0,0,0,0,0,0,0,0,0,0,0,0,0,0,0,0,0,0,0,0,0,0,0,0,0,0,0,0,1,0,0,0,0,0,0,0,0,1,0,0,0,0,0,0,0,0,0,1,0,0,0,0,1,0,0,0,0,0,0,0,0,0,0,0,0,1,0,0,0,0,0,0,0,0,0,1,0,1,0,1,1,0,1,1,0,1,0,0,1,1,0,0,0,0,1,1,1,1,1,1,1,1,0,0,0,1,1,0,0,0,1,1,0,1,0,0,0,1,0,0,1,1,1,1,1,0,0,1,1,0,0,1,0,0,0,0,1,1,1,1,1,0,1,1,1,0,1,0,1,0,1,0,0,1,1,1,1,1,1,1,0,1,1,1,1,1,0,6.149997413907539
0,0,0,0,0,0,0,0,0,0,0,0,0,0,0,0,0,0,0,0,0,0,0,0,0,0,0,0,0,0,0,0,0,0,0,0,0,0,0,0,0,0,0,0,0,0,0,0,0,0,0,0,0,0,0,0,0,0,0,0,0,0,0,0,0,0,0,0,0,0,0,0,0,0,0,1,0,0,0,0,0,0,1,1,0,1,0,0,1,1,1,1,1,0,0,1,1,0,0,0,0,0,0,0,0,0,0,0,0,0,1,1,0,0,0,1,0,1,1,0,0,1,1,1,0,0,0,1,0,0,0,1,1,0,0,0,1,1,0,1,1,0,0,1,0,0,1,1,1,0,1,0,0,1,1,1,1,1,1,1,1,1,0,0,1,1,0,8.049976093476673
0,0,0,0,0,0,0,0,0,0,0,0,0,0,0,0,0,0,0,0,0,0,0,0,0,0,0,0,0,0,0,0,0,0,0,0,0,0,0,0,0,0,0,0,0,0,0,0,0,0,0,0,0,1,1,0,0,0,0,0,0,0,0,0,0,0,0,0,0,0,0,0,0,0,0,0,0,0,0,0,0,0,1,0,0,0,0,0,1,0,1,0,1,0,0,1,0,0,0,0,1,0,0,0,1,0,0,0,0,0,1,1,0,0,0,0,0,1,1,0,0,0,0,1,0,0,0,0,1,1,0,1,1,0,0,0,1,0,1,1,0,0,0,0,0,0,1,1,0,0,0,1,0,1,1,1,1,1,1,1,0,1,0,0,1,0,0,5.550000451689026
0,0,0,0,0,0,0,0,0,0,0,0,0,0,0,0,0,0,0,0,0,0,0,0,0,0,0,0,0,0,0,0,0,0,0,0,0,0,0,0,0,0,0,0,0,0,0,0,0,0,0,0,0,1,1,0,0,0,0,0,0,0,0,0,0,0,0,0,0,0,0,0,0,0,1,0,0,0,0,0,0,0,1,0,0,0,0,0,1,0,1,0,1,0,0,1,0,0,0,0,0,0,0,0,1,0,0,0,0,0,1,1,0,0,0,0,0,1,1,0,0,0,0,1,0,0,0,0,0,0,0,1,1,0,0,0,1,0,0,1,0,0,0,0,0,0,1,1,0,1,0,1,0,1,1,1,1,1,1,1,1,1,0,0,1,0,0,5.800000874803203
0,0,0,0,0,0,0,0,0,0,0,0,0,0,0,0,0,0,0,0,0,0,0,0,0,0,0,0,0,1,0,0,0,0,0,0,0,0,0,0,0,0,0,0,0,0,0,0,0,0,0,0,0,0,1,0,0,0,0,0,0,0,0,0,0,0,0,0,0,1,0,0,0,0,0,1,0,0,0,0,0,0,0,1,0,1,0,0,0,1,1,1,1,0,0,1,1,1,0,0,1,0,1,0,1,0,0,0,0,0,1,1,1,0,0,0,0,1,1,0,0,1,1,1,1,1,0,0,1,1,1,1,1,0,0,0,1,1,1,1,1,0,1,0,0,1,1,1,1,0,1,1,0,1,1,1,1,1,1,1,0,1,1,1,1,1,0,7.140021558357979
0,0,0,0,0,0,0,0,0,0,0,0,0,0,0,0,0,0,0,0,0,0,0,0,0,0,0,0,0,0,0,0,0,0,0,0,0,0,0,0,0,0,0,0,0,0,0,0,0,0,0,0,0,1,1,0,0,0,0,0,0,0,0,0,0,0,1,0,0,0,0,0,0,0,1,0,0,0,0,0,0,1,0,0,0,0,0,0,1,0,1,0,1,0,0,1,0,1,0,0,0,0,0,0,1,0,0,0,0,0,1,1,1,0,0,0,0,1,0,0,0,0,0,1,0,0,0,0,0,0,0,1,1,0,0,0,1,0,0,1,1,0,0,0,0,0,1,0,0,1,0,1,0,0,1,1,1,1,1,1,1,1,0,0,1,0,0,2.4600000005668043
0,0,0,0,0,0,0,0,0,0,0,0,0,0,0,0,0,0,0,1,0,0,0,0,0,0,0,0,0,0,0,0,0,0,0,0,1,0,0,0,0,0,0,0,0,0,0,1,0,0,0,0,0,0,1,0,0,0,0,0,0,0,0,0,0,0,0,0,0,0,0,0,0,0,0,0,0,0,0,1,0,1,0,1,0,1,0,0,1,0,1,1,1,0,0,1,1,0,0,0,0,1,0,0,1,1,0,0,0,0,1,1,0,0,0,0,0,1,1,0,1,1,1,1,0,0,0,1,1,1,0,1,0,1,0,0,1,1,0,1,1,0,1,1,0,0,1,1,1,0,1,1,0,1,1,1,1,1,1,1,0,1,1,1,1,1,0,9.219970872662662
0,0,0,0,0,0,0,0,0,0,0,0,0,0,0,0,0,0,0,0,0,0,0,0,0,0,0,0,0,0,0,0,0,0,0,0,0,0,0,0,0,0,0,0,0,0,0,0,0,0,0,0,0,0,0,0,0,0,0,0,0,0,0,0,0,0,0,0,0,0,0,0,0,0,0,1,0,0,0,0,0,0,1,1,0,1,0,0,1,0,1,1,1,0,0,1,1,0,0,0,1,0,0,0,0,0,0,0,1,0,1,1,0,0,0,1,0,1,1,0,0,1,1,1,0,0,0,0,1,1,0,1,0,0,0,0,1,1,1,1,0,0,0,0,0,0,1,1,1,0,1,0,0,1,1,1,1,1,1,1,1,1,0,0,1,1,0,4.96000007768865
0,0,0,0,0,0,0,0,0,0,0,0,0,0,0,0,0,0,0,0,0,0,0,1,0,0,0,0,0,0,0,0,0,0,0,0,0,0,0,0,0,0,0,0,0,0,0,0,0,0,0,0,0,0,1,0,0,0,0,0,0,0,0,0,0,0,0,0,0,0,0,0,0,0,0,1,0,0,0,1,0,0,1,1,0,1,0,0,0,0,1,1,1,0,0,1,1,0,0,0,1,0,0,0,1,0,1,0,1,1,1,1,0,0,0,0,0,1,1,0,0,1,1,1,0,0,1,0,1,1,0,1,0,0,0,0,1,1,1,1,1,0,1,0,0,0,1,1,1,0,1,1,0,1,1,1,1,1,1,1,1,1,1,1,1,1,0,8.54000474395261
0,0,0,0,0,0,0,0,0,0,0,0,0,0,0,0,0,0,0,0,0,0,0,0,0,0,0,0,0,0,0,0,0,0,0,0,0,0,0,0,0,0,0,0,0,0,0,0,0,0,0,0,0,0,0,0,0,0,0,0,0,0,0,0,0,0,0,0,0,0,0,0,1,0,0,1,0,0,0,0,0,0,0,1,0,1,0,0,0,0,1,1,1,0,0,1,1,0,0,0,1,0,0,0,0,0,0,0,1,0,1,1,0,0,0,0,0,1,1,0,0,1,1,1,0,0,1,0,0,1,0,1,1,0,0,0,1,1,0,1,1,0,0,0,0,0,1,1,1,0,1,0,1,1,1,1,1,1,1,1,1,1,1,1,1,1,0,6.958607314841775
0,0,0,0,0,0,0,0,0,0,0,0,0,0,0,0,0,0,0,0,0,0,0,0,0,0,0,0,0,0,0,0,0,0,0,0,0,0,0,0,0,0,0,0,0,0,0,0,0,0,0,0,0,0,1,0,0,0,0,0,0,0,0,0,0,0,0,0,0,0,0,0,0,0,0,1,0,0,0,1,0,0,0,1,0,1,0,0,0,0,1,1,1,0,0,1,1,0,0,0,1,0,0,0,1,0,0,0,1,0,1,1,0,0,0,0,0,1,1,0,0,1,1,1,0,0,0,0,0,1,0,1,0,0,0,0,1,1,0,1,1,0,1,0,0,0,1,1,1,0,1,1,0,1,1,1,1,1,1,1,1,1,1,1,1,1,0,8.92009553233328
0,0,0,0,0,0,0,0,0,0,0,0,0,0,0,0,0,0,0,0,0,0,0,0,0,0,0,0,0,0,0,0,0,0,0,0,0,0,0,0,0,0,0,0,0,0,0,0,0,0,0,0,0,0,0,0,0,0,0,0,0,0,0,0,0,0,0,0,0,0,0,0,0,0,0,1,0,0,0,0,0,0,0,1,0,1,0,0,0,0,1,1,1,0,0,1,1,0,0,0,1,0,0,0,1,0,0,0,1,0,1,1,0,0,0,1,0,1,1,0,0,1,1,1,0,1,0,0,1,1,0,1,1,0,0,0,1,1,0,1,1,0,1,0,0,1,1,1,1,0,1,1,1,1,1,1,1,1,1,1,1,1,1,1,1,1,0,8.51999305704285
0,0,0,0,0,0,0,0,0,0,0,0,0,0,0,0,0,0,0,0,0,0,0,0,0,0,0,0,0,0,0,0,0,0,0,0,0,0,0,0,0,0,0,0,0,0,0,0,0,0,0,0,0,0,0,0,0,0,0,0,0,0,0,0,0,0,0,0,0,0,0,0,0,0,0,0,0,0,0,0,0,0,1,0,0,1,1,0,1,0,0,0,1,1,0,1,0,0,0,0,1,0,0,0,1,0,0,0,1,0,1,1,0,0,0,1,1,1,1,0,0,0,1,1,0,0,0,0,1,1,0,1,1,0,0,0,1,0,1,1,0,0,0,0,0,0,1,1,1,0,0,0,0,1,1,1,1,1,1,1,1,1,0,0,1,0,0,5.5200002474083645
0,0,0,0,0,0,0,0,0,0,0,0,0,0,0,0,0,0,0,0,0,0,0,1,0,0,0,0,0,0,0,0,0,0,0,0,0,0,0,0,0,0,0,0,0,0,0,0,0,0,0,0,0,0,1,0,0,0,0,0,0,0,0,0,0,0,0,0,0,0,0,0,0,0,0,1,0,0,0,1,0,0,1,1,1,1,0,0,0,0,1,1,1,0,0,1,1,0,0,0,1,1,0,0,1,1,1,0,0,1,1,1,0,0,0,0,0,1,1,0,0,1,1,1,0,1,1,0,1,1,0,1,1,0,0,1,1,1,1,1,1,0,1,0,1,1,1,1,1,0,1,1,0,1,1,1,1,1,1,1,0,1,1,1,1,1,0,5.59999938302362
0,0,0,0,0,0,0,0,0,0,0,0,0,0,0,0,0,0,0,0,0,0,0,0,0,0,0,0,0,1,0,0,0,0,0,0,0,0,0,0,0,0,0,0,0,0,0,0,1,0,0,0,0,0,0,0,0,0,0,0,0,0,0,0,0,0,0,0,0,1,0,0,1,0,0,1,0,0,0,0,0,0,1,1,1,1,0,0,0,0,1,1,1,0,0,1,1,1,0,0,1,0,1,0,1,0,1,0,0,0,1,1,1,0,0,0,0,1,1,0,0,1,1,1,1,0,1,1,1,1,1,1,1,0,0,0,1,1,1,1,1,0,1,1,0,0,1,1,1,0,1,1,1,1,1,1,1,1,1,1,0,1,1,1,1,1,0,7.79997073344623
0,0,0,0,0,0,0,0,0,0,0,0,0,0,0,0,0,0,0,0,0,0,0,0,0,0,0,0,0,0,0,0,0,0,0,0,0,0,0,0,0,0,0,0,0,0,0,0,0,0,0,0,0,1,1,0,0,0,0,0,0,0,0,0,0,0,0,0,0,0,0,0,0,0,0,0,0,0,0,0,0,0,1,0,0,0,0,0,1,0,1,1,1,0,0,1,0,0,0,0,0,1,0,0,1,1,0,0,0,0,1,1,0,0,0,0,0,1,1,0,0,1,0,1,0,0,0,1,1,1,0,1,0,0,0,0,1,1,0,1,0,0,0,1,1,0,1,1,0,0,1,1,0,1,1,1,1,1,1,1,0,1,1,1,1,1,0,6.139661993429006
0,0,0,0,0,0,0,0,0,0,0,0,0,0,0,0,0,0,0,0,0,0,0,0,0,0,0,0,0,0,0,0,0,0,0,0,0,0,0,0,0,0,0,0,0,0,0,0,0,0,0,0,0,1,1,0,0,0,0,0,0,0,0,0,0,0,0,0,0,0,0,0,0,0,0,0,0,0,0,0,0,0,1,0,0,0,0,0,1,0,1,1,1,0,0,1,0,0,0,0,0,1,0,0,1,1,0,0,0,0,1,1,0,0,0,0,0,1,1,0,0,1,0,1,0,0,0,1,1,1,0,1,0,0,0,0,1,1,0,1,0,0,0,1,1,0,1,1,0,0,1,1,0,1,1,1,1,1,1,1,0,1,1,1,1,1,0,5.0
0,0,0,0,0,0,0,0,0,0,0,0,0,0,0,0,0,0,0,0,0,0,0,0,0,0,0,0,0,0,0,0,0,0,0,0,0,0,0,0,0,0,0,0,0,0,0,0,0,0,0,0,0,1,1,0,0,0,0,0,0,0,0,0,0,0,0,0,0,0,0,0,0,0,0,0,0,0,0,0,0,0,1,0,0,0,0,0,1,0,1,1,1,0,0,1,0,0,0,0,0,1,0,0,1,1,0,0,0,0,1,1,0,0,0,0,0,1,1,0,0,1,0,1,0,0,0,1,1,1,0,1,0,0,0,0,1,1,0,1,0,0,0,1,1,0,1,1,0,0,1,1,0,1,1,1,1,1,1,1,0,1,1,1,1,1,0,5.0
0,0,0,0,0,0,0,0,0,0,0,0,0,0,0,0,0,0,0,0,0,0,0,0,0,0,0,0,0,0,0,0,0,0,0,0,0,0,0,0,0,0,0,0,0,0,0,0,0,0,0,0,0,1,1,0,0,0,0,0,0,0,0,0,0,0,0,0,0,0,0,0,0,0,0,0,0,0,0,0,0,0,1,0,0,0,0,0,1,0,1,1,1,0,0,1,0,0,0,0,0,1,0,0,1,1,0,0,0,0,1,1,0,0,0,0,0,1,1,0,0,1,0,1,0,0,0,1,1,1,0,1,0,0,0,0,1,1,0,1,0,0,0,1,1,0,1,1,0,0,1,1,0,1,1,1,1,1,1,1,0,1,1,1,1,1,0,5.0
0,0,0,0,0,0,0,0,0,0,0,0,0,0,0,0,0,0,0,0,0,0,0,0,0,0,0,0,0,0,0,0,0,0,0,0,0,0,0,0,0,0,0,0,0,0,0,0,0,0,0,0,0,1,1,0,0,0,0,0,0,0,0,0,0,0,0,0,0,0,0,0,0,0,0,0,0,0,0,0,0,0,1,0,0,0,0,0,1,0,1,1,1,0,0,1,0,0,0,0,0,1,0,0,1,1,0,0,0,0,1,1,0,0,0,0,0,1,1,0,0,1,0,1,0,0,0,1,1,1,0,1,0,0,0,0,1,1,0,1,0,0,0,1,1,0,1,1,0,0,1,1,0,1,1,1,1,1,1,1,0,1,1,1,1,1,0,5.0
0,0,0,0,0,0,0,0,0,0,0,0,0,0,0,0,0,0,0,0,0,0,0,0,0,0,0,0,0,0,0,0,0,0,0,0,0,0,0,0,0,0,0,0,0,0,0,0,0,0,0,0,0,1,1,0,0,0,0,0,0,0,0,0,0,0,0,0,0,0,0,0,0,0,0,0,0,0,0,0,0,0,1,0,0,0,0,0,1,0,1,1,1,0,0,1,0,0,0,0,0,1,0,0,1,1,0,0,0,0,1,1,0,0,0,0,0,1,1,0,0,1,0,1,0,0,0,1,1,1,0,1,0,0,0,0,1,1,0,1,0,0,0,1,1,0,1,1,0,0,1,1,0,1,1,1,1,1,1,1,0,1,1,1,1,1,0,5.0
0,0,0,0,0,0,0,0,0,0,0,0,0,0,0,0,0,0,0,0,0,0,0,0,0,0,0,0,0,0,0,0,0,0,0,0,0,0,0,0,0,0,0,0,0,0,0,0,0,0,0,0,0,1,1,0,0,0,0,0,0,0,0,0,0,0,0,0,0,0,0,0,0,0,0,0,0,0,0,0,0,0,1,0,0,0,0,0,1,0,1,1,1,0,0,1,0,0,0,0,0,1,0,0,1,1,0,0,0,0,1,1,0,0,0,0,0,1,1,0,0,1,0,1,0,0,0,1,1,1,0,1,0,0,0,0,1,1,0,1,0,0,0,1,0,0,1,1,0,0,1,1,0,1,1,1,1,1,1,1,0,1,1,1,1,1,0,5.853871964321762
0,0,0,0,0,0,0,0,0,0,0,0,0,0,0,0,0,0,0,0,0,0,0,0,0,0,0,0,0,0,0,0,0,0,0,0,0,0,0,0,0,0,0,0,0,0,0,0,0,0,0,0,0,1,1,0,0,0,0,0,0,0,0,0,0,0,0,0,0,0,0,0,0,0,0,0,0,0,0,0,0,0,1,0,0,0,0,0,1,0,1,1,1,0,0,1,0,0,0,0,0,1,0,0,1,1,0,0,0,0,1,1,0,0,0,0,0,1,1,0,0,1,0,1,0,0,0,1,1,1,0,1,0,0,0,0,1,1,0,1,0,0,0,1,1,0,1,1,0,0,1,1,0,1,1,1,1,1,1,1,0,1,1,1,1,1,0,5.698970004336019
0,0,0,0,0,0,0,0,0,0,0,0,0,0,0,0,0,0,0,0,0,0,0,0,0,0,0,0,0,0,0,0,0,0,0,0,0,0,0,0,0,0,0,0,0,0,0,0,0,0,0,0,0,1,1,0,0,0,0,0,0,0,0,0,0,0,0,0,0,0,0,0,0,0,0,0,0,0,0,0,0,0,1,0,0,0,0,0,1,0,1,1,1,0,0,1,0,0,0,0,0,1,0,0,1,1,0,0,0,0,1,1,0,0,0,0,0,1,1,0,0,1,0,1,0,0,0,1,1,1,0,1,0,0,0,0,1,1,0,1,0,0,0,1,0,0,1,1,0,0,1,1,0,1,1,1,1,1,1,1,0,1,1,1,1,1,0,6.928117992693875
0,0,0,0,0,0,0,0,0,0,0,0,0,0,0,0,0,0,0,0,0,0,0,0,0,0,0,0,0,0,0,0,0,0,0,0,0,0,0,0,0,0,0,0,0,0,0,0,0,0,0,0,0,1,1,0,0,0,0,0,0,0,0,0,0,0,0,0,0,0,0,0,0,0,0,0,0,0,0,0,0,0,1,0,0,0,0,0,1,0,1,1,1,0,0,1,0,0,0,0,0,1,0,0,1,1,0,0,0,0,1,1,0,0,0,0,0,1,1,0,0,1,0,1,0,0,0,1,1,1,0,1,0,0,0,0,1,1,0,1,0,0,0,1,0,0,1,1,0,0,1,1,0,1,1,1,1,1,1,1,0,1,1,1,1,1,0,8.397940008672037
0,0,0,0,0,0,0,0,0,0,0,0,0,0,0,0,0,0,0,0,0,0,0,0,0,0,0,0,0,0,0,0,0,0,0,0,0,0,0,0,0,0,0,0,0,0,0,0,0,0,0,0,0,1,1,0,0,0,0,0,0,0,0,0,0,0,0,0,0,0,0,0,0,0,0,0,0,0,0,0,0,0,1,0,0,0,0,0,1,0,1,1,1,0,0,1,0,0,0,0,0,1,0,0,1,1,0,0,0,0,1,1,0,0,0,0,0,1,1,0,0,1,0,1,0,0,0,1,1,1,0,1,0,0,0,0,1,1,0,1,0,0,0,1,1,0,1,1,0,0,1,1,0,1,1,1,1,1,1,1,0,1,1,1,1,1,0,6.327902142064283
0,0,0,0,0,0,0,0,0,0,0,0,0,0,0,0,0,0,0,0,0,0,0,0,0,0,0,0,0,0,0,0,0,0,0,0,0,0,0,0,0,0,0,0,0,0,0,0,0,0,0,0,0,1,1,0,0,0,0,0,0,0,0,0,0,0,0,0,0,0,0,0,0,0,0,0,0,0,0,0,0,0,1,0,0,0,0,0,1,0,1,1,1,0,0,1,0,0,0,0,0,1,0,0,1,1,0,0,0,0,1,1,0,0,0,0,0,1,1,0,0,1,0,1,0,0,0,1,1,1,0,1,0,0,0,0,1,1,0,1,0,0,0,1,0,0,1,1,0,0,1,1,0,1,1,1,1,1,1,1,0,1,1,1,1,1,0,6.756961951313706
0,0,0,0,0,0,0,0,0,0,0,0,0,0,0,0,0,0,0,0,0,0,0,0,0,0,0,0,0,0,0,0,0,0,0,0,0,0,0,0,0,0,0,0,0,0,0,0,0,0,0,0,0,1,1,0,0,0,0,0,0,0,0,0,0,0,0,0,0,0,0,0,0,0,0,0,0,0,0,0,0,0,1,0,0,0,0,0,1,0,1,1,1,0,0,1,0,0,0,0,0,1,0,0,1,1,0,0,0,0,1,1,0,0,0,0,0,1,1,0,0,1,0,1,0,0,0,1,1,1,0,1,0,0,0,0,1,1,0,1,0,0,0,1,1,0,1,1,0,0,1,1,0,1,1,1,1,1,1,1,0,1,1,1,1,1,0,5.096910013008056
0,0,0,0,0,0,0,0,0,0,0,0,0,0,0,0,0,0,0,0,0,0,0,0,0,0,0,0,0,0,0,0,0,0,0,0,0,0,0,0,0,0,0,0,0,0,0,0,0,0,0,0,0,0,0,0,0,0,0,0,0,0,0,0,0,1,0,0,0,0,0,0,0,0,0,1,0,0,0,1,0,0,1,1,0,1,0,0,1,0,1,1,1,0,0,1,1,0,1,0,1,1,0,0,1,1,0,0,1,0,1,1,0,0,0,1,0,1,0,0,1,1,1,1,0,1,0,0,1,1,0,1,0,0,0,0,1,1,1,1,0,0,1,0,1,1,1,0,1,0,1,1,0,1,1,1,1,1,1,1,1,1,1,1,1,1,0,6.301029995663981
0,0,0,0,0,0,0,0,0,0,0,0,0,0,0,0,0,0,0,0,0,0,0,0,0,0,0,0,0,0,0,0,0,0,0,0,0,0,0,0,0,0,0,0,0,0,0,0,0,0,0,0,0,1,1,0,0,0,0,0,0,0,0,0,0,0,0,0,0,0,0,0,0,0,0,0,0,0,0,0,0,0,1,0,0,0,0,0,1,0,1,1,1,0,0,1,0,0,0,0,0,1,0,0,1,1,0,0,0,0,1,1,0,0,0,0,0,1,1,0,0,1,0,1,0,0,0,1,1,1,0,1,0,0,0,0,1,1,0,1,0,0,0,1,1,0,1,1,0,0,1,1,0,1,1,1,1,1,1,1,0,1,1,1,1,1,0,5.221848749616356
0,0,0,0,0,0,0,0,0,0,0,0,0,0,0,0,0,0,0,1,0,0,0,0,0,0,0,0,0,0,0,0,0,0,0,0,0,0,0,0,0,0,0,0,0,0,0,0,0,0,0,0,0,0,1,0,0,0,0,0,0,0,0,0,0,0,0,0,0,0,0,0,0,0,0,1,0,0,0,1,0,1,0,0,0,1,1,0,1,0,1,1,1,0,0,1,0,0,0,0,1,0,0,0,1,0,0,0,0,0,1,1,0,0,0,0,0,1,1,0,0,1,1,1,0,0,0,1,1,1,0,1,1,1,0,0,1,1,1,1,1,0,1,1,0,0,1,1,1,0,1,1,0,1,1,1,1,1,1,1,0,1,1,1,1,1,0,7.657577319177793
0,0,0,0,0,0,0,0,0,0,0,0,0,0,0,0,0,0,0,1,0,0,0,0,0,0,0,0,0,0,0,0,0,0,0,0,0,0,0,0,0,0,0,0,0,0,0,0,0,0,0,0,0,0,1,0,0,0,0,0,0,0,0,0,0,0,0,0,0,0,0,0,0,0,0,1,0,0,0,1,0,1,0,0,0,1,0,0,1,0,1,1,1,0,0,1,0,0,0,0,1,1,0,0,1,1,0,0,0,0,1,1,0,0,0,0,0,1,1,0,0,1,1,1,0,1,0,1,1,0,0,1,1,1,0,1,1,1,0,1,1,0,1,1,1,1,1,1,1,0,1,1,0,1,1,1,1,1,1,1,0,1,1,1,1,1,0,6.546681659952962
0,0,0,0,0,0,0,0,0,0,0,0,0,0,0,0,0,0,0,1,0,0,0,0,0,0,0,0,0,0,0,0,0,0,0,0,0,0,0,0,0,0,0,0,0,0,0,0,0,0,0,0,0,0,1,0,0,0,0,0,0,0,0,0,0,0,0,0,0,0,0,0,0,0,0,1,0,0,0,1,0,1,0,0,0,1,0,0,1,0,1,1,1,0,0,1,0,0,0,0,1,1,0,0,1,1,0,0,0,0,1,1,0,0,0,0,0,1,1,0,0,1,1,1,0,0,0,1,1,0,0,1,1,1,0,1,1,1,0,1,1,0,1,1,1,0,1,1,1,0,1,1,0,1,1,1,1,1,1,1,1,1,1,1,1,1,0,7.619788758288394
0,0,0,0,0,0,0,0,0,0,0,0,0,0,0,0,0,0,0,0,0,0,0,0,0,0,0,0,0,0,0,0,0,0,0,0,0,0,0,0,0,0,0,0,0,0,0,0,0,0,0,0,0,0,1,0,0,0,0,0,0,0,0,0,0,0,0,0,0,0,0,0,0,0,0,0,0,0,0,1,0,1,0,0,0,1,0,0,1,0,1,1,1,0,0,1,0,0,0,0,1,0,0,0,1,0,0,0,1,0,1,0,0,0,0,0,0,1,0,0,0,0,1,1,0,1,0,0,0,0,0,1,1,1,0,1,1,0,0,1,1,0,1,0,0,1,1,0,1,0,0,1,0,1,1,1,1,1,1,1,1,1,1,1,1,1,0,7.853871964321762
0,0,0,0,0,0,0,0,0,0,0,0,0,0,0,0,0,0,0,1,0,0,0,0,0,0,0,0,0,0,0,0,0,0,0,0,0,0,0,0,0,0,0,0,0,0,0,0,0,0,0,0,0,0,1,0,0,0,0,0,0,0,0,0,0,0,0,0,0,0,0,0,0,0,0,1,0,0,0,1,0,1,0,0,0,1,0,0,1,0,1,1,1,0,0,1,0,0,0,0,1,1,0,0,1,1,0,0,0,0,1,1,0,0,0,0,0,1,1,0,0,1,1,1,0,1,0,1,1,0,0,1,1,1,0,1,1,1,0,1,1,0,1,1,1,1,1,1,1,0,1,1,0,1,1,1,1,1,1,1,0,1,1,1,1,1,0,6.51427857351842
0,0,0,0,0,0,0,0,0,0,0,0,0,0,0,0,0,0,0,1,0,0,0,0,0,0,0,0,0,0,0,0,0,0,0,0,0,0,0,0,0,0,0,0,0,0,0,0,0,0,0,0,0,0,1,0,0,0,0,0,0,0,0,0,0,0,1,0,0,0,0,0,0,0,0,1,0,0,0,1,0,1,0,0,0,1,0,0,1,0,1,1,1,0,0,1,0,0,0,0,1,1,0,0,1,1,0,0,0,0,1,1,1,0,0,1,0,1,1,0,0,1,1,1,0,1,0,1,1,0,0,1,1,1,0,1,1,1,0,1,1,0,1,1,1,1,1,1,1,0,1,1,0,1,1,1,1,1,1,1,1,1,1,1,1,1,0,7.200659450546418
0,0,0,0,0,0,0,0,0,0,0,0,0,0,0,0,0,0,0,1,0,0,0,0,0,0,0,0,0,0,0,0,0,0,0,0,0,0,0,0,0,0,0,0,0,0,0,0,0,0,0,0,0,0,1,0,0,0,0,0,0,0,0,0,0,0,0,0,0,0,0,0,0,0,0,1,0,0,0,1,0,1,0,0,0,1,0,0,1,0,1,1,1,0,0,1,0,0,0,0,1,1,0,0,1,1,0,0,0,0,1,1,0,0,1,1,1,1,1,0,0,1,1,1,0,0,0,1,1,0,0,1,1,1,0,1,1,1,0,1,1,0,1,1,1,0,1,1,1,0,1,1,0,1,1,1,1,1,1,1,1,1,1,1,1,1,0,8.267606240177031
0,0,0,0,0,0,0,0,0,0,0,0,0,0,0,0,0,0,0,1,0,0,0,0,0,0,0,0,0,0,0,0,0,0,0,0,0,0,0,0,0,0,0,0,0,0,0,0,0,0,0,0,0,0,1,0,0,0,0,0,0,0,0,0,0,0,0,0,0,0,0,0,0,0,0,1,0,0,0,1,0,1,0,0,0,1,1,0,1,0,1,1,1,0,0,1,0,0,0,0,1,1,0,0,1,1,0,0,0,0,1,1,0,0,0,0,0,1,0,0,0,1,1,1,0,1,0,1,1,1,0,1,1,1,0,0,1,1,1,1,1,0,1,1,1,1,1,0,1,0,1,1,0,1,1,1,1,1,1,1,0,1,1,1,1,1,0,7.481486060122112
0,0,0,0,0,0,0,0,0,0,0,0,0,0,0,0,0,0,0,0,0,0,0,0,0,0,0,0,0,0,0,0,0,0,0,0,0,0,0,0,0,0,0,0,0,0,0,0,0,0,0,0,0,0,1,0,0,0,0,0,0,0,0,0,0,0,0,0,0,0,0,0,0,0,0,1,0,0,0,1,0,1,0,0,0,1,0,0,1,0,1,1,1,0,0,1,0,0,0,0,1,1,0,0,1,1,0,0,0,0,1,1,0,0,0,0,0,1,1,0,0,1,1,1,0,1,0,1,1,0,0,1,1,1,0,1,1,1,0,1,1,0,1,1,1,1,1,1,1,0,1,1,0,1,1,1,1,1,1,1,0,1,1,1,1,1,0,7.602059991327962
0,0,0,0,0,0,0,0,0,0,0,0,0,0,0,0,0,0,0,1,0,0,0,0,0,0,0,0,0,0,0,0,0,0,0,0,0,0,0,0,0,0,0,0,0,0,0,0,0,0,0,0,0,0,1,0,0,0,0,0,0,0,0,0,0,0,0,0,0,0,0,0,0,0,0,1,0,0,0,1,0,1,0,0,0,1,0,0,1,0,1,1,1,0,0,1,0,0,0,0,1,1,0,0,1,1,0,0,0,0,1,1,0,0,0,0,0,1,1,0,0,1,1,1,0,0,0,1,1,1,0,1,1,1,0,1,1,1,0,1,1,0,1,1,1,1,1,1,1,0,1,1,0,1,1,1,1,1,1,1,0,1,1,1,1,1,0,7.657577319177793
0,0,0,0,0,0,0,0,0,0,0,0,0,0,0,0,0,0,0,1,0,0,0,0,0,0,0,0,0,0,0,0,0,0,0,0,0,0,0,0,0,0,0,0,0,0,0,0,0,0,0,0,0,0,1,0,0,0,0,0,0,0,0,0,0,0,0,0,0,0,0,0,0,0,1,1,0,0,0,1,0,1,0,0,0,1,0,0,1,0,1,1,1,0,0,1,0,0,0,0,1,1,0,0,1,1,0,0,0,0,1,1,0,0,0,1,0,1,1,0,0,1,1,1,0,0,0,1,1,0,0,1,1,1,0,1,1,1,0,1,1,0,1,1,1,0,1,1,1,1,1,1,0,1,1,1,1,1,1,1,1,1,1,1,1,1,0,8.200659450546418
0,0,0,0,0,0,0,0,0,0,0,0,0,0,0,0,0,0,0,0,0,0,0,0,0,0,0,0,0,0,0,0,0,0,0,0,0,1,0,0,0,0,0,0,0,0,0,0,0,0,0,0,0,0,1,0,0,0,0,0,0,0,0,0,0,0,0,0,0,0,0,0,0,0,0,1,0,1,0,1,0,0,0,1,0,1,1,0,0,1,1,1,1,0,0,1,1,1,0,0,1,0,0,0,1,0,1,0,1,0,1,1,0,0,1,1,1,1,1,0,1,1,1,1,0,0,0,1,1,1,0,1,0,0,0,0,1,1,1,1,1,0,1,1,0,0,1,1,1,1,1,1,0,1,1,1,1,1,1,1,1,1,1,1,1,1,0,8.173925197299173
0,0,0,0,0,0,0,0,0,0,0,0,0,0,0,0,0,0,0,0,0,0,0,0,0,0,0,0,0,0,0,0,0,0,0,0,0,0,0,0,0,0,0,0,0,0,0,0,0,0,0,0,0,0,1,0,0,0,0,0,0,0,0,0,0,0,0,0,0,0,0,0,0,0,1,1,0,0,0,1,0,0,0,1,1,1,0,0,0,0,1,1,1,0,0,1,1,0,0,0,1,0,0,0,1,0,0,0,1,0,1,1,0,0,0,1,0,1,1,0,0,1,1,1,0,0,0,0,0,1,0,1,0,0,0,0,1,1,0,1,1,1,1,0,0,0,1,1,1,1,1,1,0,1,1,1,1,1,1,1,1,1,0,0,1,1,0,5.638272163982407
0,0,0,0,0,0,0,0,0,0,0,0,0,0,0,0,0,0,0,0,0,0,0,0,0,0,0,0,0,0,0,0,0,0,0,0,0,1,0,0,0,0,0,0,0,0,0,0,0,0,0,0,0,0,1,0,0,0,0,0,0,0,0,0,0,0,0,0,0,0,0,0,0,0,0,1,0,1,0,1,0,0,0,1,0,1,1,0,0,1,1,1,1,1,0,1,1,1,0,0,1,0,0,0,1,0,1,0,1,0,1,1,0,0,1,1,1,1,1,0,1,1,1,1,0,0,0,1,1,1,0,1,0,0,0,0,1,1,0,1,1,1,1,1,0,0,1,1,1,1,1,1,0,1,1,1,1,1,1,1,1,1,0,0,1,1,0,8.619788758288394
0,0,0,0,0,0,0,0,0,0,0,0,0,0,0,0,0,0,0,0,0,0,0,0,0,0,0,0,0,0,0,0,1,1,0,0,0,0,0,0,0,0,0,0,0,0,0,0,0,0,0,1,0,0,1,1,0,0,1,1,1,1,0,0,1,0,0,1,0,1,0,0,0,1,0,1,0,0,0,1,0,1,1,1,0,1,0,0,1,0,1,1,1,0,1,1,1,0,0,0,1,0,1,0,1,0,1,0,0,0,1,1,1,0,0,0,0,1,1,0,0,1,1,1,1,1,0,0,1,1,1,1,1,0,0,0,1,1,1,1,1,0,1,0,0,1,1,1,1,0,1,1,0,1,1,1,1,1,1,1,1,1,1,1,1,1,0,4.173925197299174
0,0,0,0,0,0,0,0,0,0,0,0,0,0,0,0,0,0,0,0,0,0,0,0,0,0,0,0,0,0,0,0,0,0,0,0,0,0,0,0,0,0,0,0,0,0,0,0,0,0,0,0,0,0,1,0,0,0,0,0,0,0,0,0,0,0,0,0,0,0,0,0,0,0,0,0,0,0,0,0,0,1,0,0,0,0,0,0,1,0,1,1,1,0,0,1,0,0,0,0,0,0,0,0,1,0,0,0,0,0,1,0,0,0,0,0,0,1,0,0,0,0,0,1,0,1,0,0,0,0,0,1,0,0,0,0,1,0,0,1,0,0,0,0,0,1,1,0,0,0,0,1,0,0,1,1,1,1,1,1,1,1,1,1,1,1,0,5.455931955649724
0,0,0,0,0,0,0,0,0,0,0,0,0,0,0,0,0,0,0,0,0,0,0,0,0,0,0,0,0,0,0,0,0,0,0,0,0,0,0,0,0,0,0,0,0,0,0,0,0,0,0,0,0,0,1,0,0,0,0,0,0,0,0,0,0,0,0,0,0,0,0,0,0,0,0,0,0,0,0,0,0,1,0,0,0,0,0,0,1,0,1,1,1,0,0,1,0,0,0,0,0,0,0,0,1,0,0,0,1,0,1,1,0,1,1,1,1,1,1,0,0,0,0,1,0,1,0,1,0,1,0,1,0,0,0,0,1,0,0,1,1,0,0,1,0,1,1,1,0,1,0,1,1,0,1,1,1,1,1,1,1,1,1,1,1,1,0,5.537602002101044
