action_type,activity_comment,activity_id,activity_properties,assay_chembl_id,assay_description,assay_type,assay_variant_accession,assay_variant_mutation,bao_endpoint,bao_format,bao_label,canonical_smiles,data_validity_comment,data_validity_description,document_chembl_id,document_journal,document_year,ligand_efficiency,molecule_chembl_id,molecule_pref_name,parent_molecule_chembl_id,pchembl_value,potential_duplicate,qudt_units,record_id,relation,src_id,standard_flag,standard_relation,standard_text_value,standard_type,standard_units,standard_upper_value,standard_value,target_chembl_id,target_organism,target_pref_name,target_tax_id,text_value,toid,type,units,uo_units,upper_value,value
,,72373,[],CHEMBL648529,Inhibition of Angiotensin I converting enzyme,B,,,BAO_0000190,BAO_0000357,single protein format,CC(N[C@H](C)C(=O)N1CCC[C@H]1C(=O)O)C(=O)O,,,CHEMBL1126739,J Med Chem,1993,"{'bei': '27.28', 'le': '0.53', 'lle': '7.54', 'sei': '6.59'}",CHEMBL152758,,CHEMBL152758,7.05,0,http://www.openphacts.org/units/Nanomolar,110324,=,1,1,=,,IC50,nM,,90.0,CHEMBL1808,Homo sapiens,Angiotensin-converting enzyme,9606,,,IC50,uM,UO_0000065,,0.09
,,77815,[],CHEMBL648529,Inhibition of Angiotensin I converting enzyme,B,,,BAO_0000190,BAO_0000357,single protein format,O=C(CCC(=O)N1CCCC1C(=O)O)NO,,,CHEMBL1126739,J Med Chem,1993,"{'bei': '18.68', 'le': '0.37', 'lle': '4.95', 'sei': '4.02'}",CHEMBL291381,,CHEMBL291381,4.30,0,http://www.openphacts.org/units/Nanomolar,110335,=,1,1,=,,IC50,nM,,50000.0,CHEMBL1808,Homo sapiens,Angiotensin-converting enzyme,9606,,,IC50,uM,UO_0000065,,50.0
,,77816,[],CHEMBL648529,Inhibition of Angiotensin I converting enzyme,B,,,BAO_0000190,BAO_0000357,single protein format,C[C@@H](NCC(=O)O)C(=O)N1CCC[C@H]1C(=O)O,,,CHEMBL1126739,J Med Chem,1993,"{'bei': '23.01', 'le': '0.45', 'lle': '6.50', 'sei': '5.26'}",CHEMBL358439,,CHEMBL358439,5.62,0,http://www.openphacts.org/units/Nanomolar,110333,=,1,1,=,,IC50,nM,,2400.0,CHEMBL1808,Homo sapiens,Angiotensin-converting enzyme,9606,,,IC50,uM,UO_0000065,,2.4
,,83360,[],CHEMBL648529,Inhibition of Angiotensin I converting enzyme,B,,,BAO_0000190,BAO_0000357,single protein format,NCCCC[C@H](N[C@@H](CCc1ccccc1)C(=O)O)C(=O)N1CCC[C@H]1C(=O)O,,,CHEMBL1126739,J Med Chem,1993,"{'bei': '22.00', 'le': '0.42', 'lle': '7.68', 'sei': '6.71'}",CHEMBL1237,LISINOPRIL ANHYDROUS,CHEMBL1237,8.92,0,http://www.openphacts.org/units/Nanomolar,110325,=,1,1,=,,IC50,nM,,1.2,CHEMBL1808,Homo sapiens,Angiotensin-converting enzyme,9606,,,IC50,nM,UO_0000065,,1.2
,,87461,[],CHEMBL648529,Inhibition of Angiotensin I converting enzyme,B,,,BAO_0000190,BAO_0000357,single protein format,CC(CCC(=O)N1CCCC1C(=O)O)C(=O)O,Outside typical range,"Values for this activity type are unusually large/small, so may not be accurate",CHEMBL1126739,J Med Chem,1993,,CHEMBL293213,,CHEMBL293213,,0,http://www.openphacts.org/units/Nanomolar,110323,=,1,1,=,,IC50,nM,,260000.0,CHEMBL1808,Homo sapiens,Angiotensin-converting enzyme,9606,,,IC50,uM,UO_0000065,,260.0
,,91429,[],CHEMBL648529,Inhibition of Angiotensin I converting enzyme,B,,,BAO_0000190,BAO_0000357,single protein format,C[C@@H](CCC(=O)O)C(=O)N1CCCC1C(=O)O,,,CHEMBL1126739,J Med Chem,1993,"{'bei': '21.83', 'le': '0.43', 'lle': '4.75', 'sei': '5.59'}",CHEMBL62678,,CHEMBL62678,5.31,0,http://www.openphacts.org/units/Nanomolar,110334,=,1,1,=,,IC50,nM,,4900.0,CHEMBL1808,Homo sapiens,Angiotensin-converting enzyme,9606,,,IC50,uM,UO_0000065,,4.9
,,104318,[],CHEMBL648529,Inhibition of Angiotensin I converting enzyme,B,,,BAO_0000190,BAO_0000357,single protein format,C[C@H](N[C@@H](CCc1ccccc1)C(=O)O)C(=O)N1CCC[C@H]1C(=O)O,,,CHEMBL1126739,J Med Chem,1993,"{'bei': '25.61', 'le': '0.49', 'lle': '7.79', 'sei': '8.34'}",CHEMBL577,ENALAPRILAT ANHYDROUS,CHEMBL577,8.92,1,http://www.openphacts.org/units/Nanomolar,110332,=,1,1,=,,IC50,nM,,1.2,CHEMBL1808,Homo sapiens,Angiotensin-converting enzyme,9606,,,IC50,nM,UO_0000065,,1.2
,,105277,[],CHEMBL644578,Inhibitory activity against porcine plasma Angiotensin I converting enzyme,B,,,BAO_0000190,BAO_0000366,cell-free format,O=C(NC(Cc1ccccc1)C(=O)CCC(=O)N1CCCC1c1nn[nH]n1)c1ccccc1,,,CHEMBL1122915,J Med Chem,1985,"{'bei': '10.43', 'le': '0.19', 'lle': '2.41', 'sei': '3.85'}",CHEMBL10973,,CHEMBL10973,4.66,0,http://www.openphacts.org/units/Nanomolar,8031,=,1,1,=,,IC50,nM,,22000.0,CHEMBL1808,Homo sapiens,Angiotensin-converting enzyme,9606,,,I50,uM,UO_0000065,,22.0
,,106227,[],CHEMBL648347,Concentration required for 50% inhibition of Angiotensin I converting enzyme,B,,,BAO_0000190,BAO_0000224,protein format,CC(=O)SCC1CCCN(CC(=O)O)C1=O,,,CHEMBL1121705,J Med Chem,1981,"{'bei': '16.31', 'le': '0.34', 'lle': '3.41', 'sei': '5.36'}",CHEMBL11795,,CHEMBL11795,4.00,0,http://www.openphacts.org/units/Nanomolar,9819,=,1,1,=,,IC50,nM,,100000.0,CHEMBL1808,Homo sapiens,Angiotensin-converting enzyme,9606,,,IC50,M,UO_0000065,,0.0001
,,106228,[],CHEMBL648347,Concentration required for 50% inhibition of Angiotensin I converting enzyme,B,,,BAO_0000190,BAO_0000224,protein format,O=C(O)CN1CCC(CS)C1=O,,,CHEMBL1121705,J Med Chem,1981,"{'bei': '28.70', 'le': '0.62', 'lle': '5.58', 'sei': '9.43'}",CHEMBL11507,,CHEMBL11507,5.43,0,http://www.openphacts.org/units/Nanomolar,9827,=,1,1,=,,IC50,nM,,3700.0,CHEMBL1808,Homo sapiens,Angiotensin-converting enzyme,9606,,,IC50,M,UO_0000065,,0.0000037
,,108462,[],CHEMBL648347,Concentration required for 50% inhibition of Angiotensin I converting enzyme,B,,,BAO_0000190,BAO_0000224,protein format,CC(=O)SCC1CCCN(C(C(=O)O)c2ccccc2)C1=O,,,CHEMBL1121705,J Med Chem,1981,"{'bei': '14.69', 'le': '0.29', 'lle': '2.39', 'sei': '6.32'}",CHEMBL12006,,CHEMBL12006,4.72,0,http://www.openphacts.org/units/Nanomolar,9821,=,1,1,=,,IC50,nM,,19000.0,CHEMBL1808,Homo sapiens,Angiotensin-converting enzyme,9606,,,IC50,M,UO_0000065,,0.000019
,,109965,[],CHEMBL644578,Inhibitory activity against porcine plasma Angiotensin I converting enzyme,B,,,BAO_0000190,BAO_0000366,cell-free format,O=C(NC(Cc1ccccc1)C(=O)CCC(=O)N1CCCC1P(=O)(O)O)c1ccccc1,,,CHEMBL1122915,J Med Chem,1985,"{'bei': '8.73', 'le': '0.17', 'lle': '1.50', 'sei': '3.23'}",CHEMBL10690,,CHEMBL10690,4.00,0,http://www.openphacts.org/units/Nanomolar,8033,=,1,1,=,,IC50,nM,,100000.0,CHEMBL1808,Homo sapiens,Angiotensin-converting enzyme,9606,,,I50,uM,UO_0000065,,100.0
,,111250,[],CHEMBL648347,Concentration required for 50% inhibition of Angiotensin I converting enzyme,B,,,BAO_0000190,BAO_0000224,protein format,CC(=O)SCC1CCCN(C(C)C(=O)O)C1=O,,,CHEMBL1121705,J Med Chem,1981,"{'bei': '17.18', 'le': '0.36', 'lle': '3.48', 'sei': '5.97'}",CHEMBL416339,,CHEMBL416339,4.46,0,http://www.openphacts.org/units/Nanomolar,9820,=,1,1,=,,IC50,nM,,35000.0,CHEMBL1808,Homo sapiens,Angiotensin-converting enzyme,9606,,,IC50,M,UO_0000065,,0.000035
,,114010,[],CHEMBL648347,Concentration required for 50% inhibition of Angiotensin I converting enzyme,B,,,BAO_0000190,BAO_0000224,protein format,C[C@H](CS)C(=O)N1CCC[C@H]1C(=O)O,,,CHEMBL1121705,J Med Chem,1981,"{'bei': '36.45', 'le': '0.77', 'lle': '7.29', 'sei': '13.75'}",CHEMBL1560,CAPTOPRIL,CHEMBL1560,7.92,0,http://www.openphacts.org/units/Nanomolar,9824,=,1,1,=,,IC50,nM,,12.0,CHEMBL1808,Homo sapiens,Angiotensin-converting enzyme,9606,,,IC50,M,UO_0000065,,1.2E-8
,,115923,[],CHEMBL648688,Inhibitory activity against angiotensin I converting enzyme (ACE),B,,,BAO_0000190,BAO_0000357,single protein format,CCCCC(CC(=O)NO)[S+]([O-])c1ccccc1,,,CHEMBL1133694,J Med Chem,2000,,CHEMBL75433,,CHEMBL75433,,0,http://www.openphacts.org/units/Nanomolar,135616,>,1,1,>,,IC50,nM,,100000.0,CHEMBL1808,Homo sapiens,Angiotensin-converting enzyme,9606,,,IC50,uM,UO_0000065,,100.0
,Not Active,120180,[],CHEMBL648347,Concentration required for 50% inhibition of Angiotensin I converting enzyme,B,,,BAO_0000190,BAO_0000224,protein format,CC(=O)SCC1CCCN(CC(N)=O)C1=O,,,CHEMBL1121705,J Med Chem,1981,,CHEMBL12050,,CHEMBL12050,,0,http://www.openphacts.org/units/Nanomolar,9825,,1,0,,,IC50,nM,,,CHEMBL1808,Homo sapiens,Angiotensin-converting enzyme,9606,,,IC50,M,UO_0000065,,
,,120883,[],CHEMBL648688,Inhibitory activity against angiotensin I converting enzyme (ACE),B,,,BAO_0000190,BAO_0000357,single protein format,CCCC[C@H](CC(=O)NO)S(=O)(=O)c1ccccc1,,,CHEMBL1133694,J Med Chem,2000,"{'bei': '15.66', 'le': '0.32', 'lle': '2.56', 'sei': '5.35'}",CHEMBL1788203,,CHEMBL1788203,4.47,0,http://www.openphacts.org/units/Nanomolar,135620,=,1,1,=,,IC50,nM,,34000.0,CHEMBL1808,Homo sapiens,Angiotensin-converting enzyme,9606,,,IC50,uM,UO_0000065,,34.0
,,122079,[],CHEMBL648688,Inhibitory activity against angiotensin I converting enzyme (ACE),B,,,BAO_0000190,BAO_0000357,single protein format,CCCCC(CC(=O)NO)S(=O)(=O)c1ccccc1,,,CHEMBL1133694,J Med Chem,2000,"{'bei': '14.34', 'le': '0.29', 'lle': '2.18', 'sei': '4.90'}",CHEMBL263501,,CHEMBL263501,4.09,0,http://www.openphacts.org/units/Nanomolar,135627,=,1,1,=,,IC50,nM,,81000.0,CHEMBL1808,Homo sapiens,Angiotensin-converting enzyme,9606,,,IC50,uM,UO_0000065,,81.0
,,124607,[],CHEMBL648688,Inhibitory activity against angiotensin I converting enzyme (ACE),B,,,BAO_0000190,BAO_0000357,single protein format,CCCC[C@@H](CC(=O)NO)S(=O)(=O)c1ccccc1,,,CHEMBL1133694,J Med Chem,2000,,CHEMBL2092878,,CHEMBL2092878,,0,http://www.openphacts.org/units/Nanomolar,135619,>,1,1,>,,IC50,nM,,100000.0,CHEMBL1808,Homo sapiens,Angiotensin-converting enzyme,9606,,,IC50,uM,UO_0000065,,100.0
,,129167,[],CHEMBL644578,Inhibitory activity against porcine plasma Angiotensin I converting enzyme,B,,,BAO_0000190,BAO_0000366,cell-free format,O=C(NC(Cc1ccccc1)C(=O)CCC(=O)N1CCC[C@H]1C(=O)O)c1ccccc1,,,CHEMBL1122915,J Med Chem,1985,"{'bei': '16.94', 'le': '0.32', 'lle': '4.70', 'sei': '6.89'}",CHEMBL416147,,CHEMBL416147,7.16,0,http://www.openphacts.org/units/Nanomolar,8027,=,1,1,=,,IC50,nM,,70.0,CHEMBL1808,Homo sapiens,Angiotensin-converting enzyme,9606,,,I50,uM,UO_0000065,,0.07
,,129773,[],CHEMBL648688,Inhibitory activity against angiotensin I converting enzyme (ACE),B,,,BAO_0000190,BAO_0000357,single protein format,CCCCC(CC(=O)NO)S(=O)(=O)C1CCCCC1,,,CHEMBL1133694,J Med Chem,2000,,CHEMBL77258,,CHEMBL77258,,0,http://www.openphacts.org/units/Nanomolar,135606,>,1,1,>,,IC50,nM,,100000.0,CHEMBL1808,Homo sapiens,Angiotensin-converting enzyme,9606,,,IC50,uM,UO_0000065,,100.0
,,131629,[],CHEMBL648347,Concentration required for 50% inhibition of Angiotensin I converting enzyme,B,,,BAO_0000190,BAO_0000224,protein format,O=C(O)CN1CCCC(CS)C1=O,,,CHEMBL1121705,J Med Chem,1981,"{'bei': '29.52', 'le': '0.63', 'lle': '5.76', 'sei': '10.41'}",CHEMBL11707,,CHEMBL11707,6.00,0,http://www.openphacts.org/units/Nanomolar,9822,=,1,1,=,,IC50,nM,,1000.0,CHEMBL1808,Homo sapiens,Angiotensin-converting enzyme,9606,,,IC50,M,UO_0000065,,0.000001
,,132953,[],CHEMBL648347,Concentration required for 50% inhibition of Angiotensin I converting enzyme,B,,,BAO_0000190,BAO_0000224,protein format,CC(=O)SCC1CCN(CC(=O)O)C1=O,,,CHEMBL1121705,J Med Chem,1981,"{'bei': '19.38', 'le': '0.41', 'lle': '4.28', 'sei': '6.00'}",CHEMBL11783,,CHEMBL11783,4.48,0,http://www.openphacts.org/units/Nanomolar,9818,=,1,1,=,,IC50,nM,,33000.0,CHEMBL1808,Homo sapiens,Angiotensin-converting enzyme,9606,,,IC50,M,UO_0000065,,0.000033
,,134106,[],CHEMBL648347,Concentration required for 50% inhibition of Angiotensin I converting enzyme,B,,,BAO_0000190,BAO_0000224,protein format,CCCC(C(=O)O)N1CCCC(CSC(C)=O)C1=O,,,CHEMBL1121705,J Med Chem,1981,"{'bei': '15.74', 'le': '0.33', 'lle': '2.76', 'sei': '6.06'}",CHEMBL416706,,CHEMBL416706,4.52,0,http://www.openphacts.org/units/Nanomolar,9826,=,1,1,=,,IC50,nM,,30000.0,CHEMBL1808,Homo sapiens,Angiotensin-converting enzyme,9606,,,IC50,M,UO_0000065,,0.00003
,,136677,[],CHEMBL644578,Inhibitory activity against porcine plasma Angiotensin I converting enzyme,B,,,BAO_0000190,BAO_0000366,cell-free format,O=C(NC(Cc1ccccc1)C(=O)CCC(=O)N1CCCC1C(=O)NO)c1ccccc1,,,CHEMBL1122915,J Med Chem,1985,"{'bei': '13.25', 'le': '0.25', 'lle': '3.93', 'sei': '5.00'}",CHEMBL274553,,CHEMBL274553,5.80,0,http://www.openphacts.org/units/Nanomolar,8025,=,1,1,=,,IC50,nM,,1600.0,CHEMBL1808,Homo sapiens,Angiotensin-converting enzyme,9606,,,I50,uM,UO_0000065,,1.6
,,139183,[],CHEMBL644578,Inhibitory activity against porcine plasma Angiotensin I converting enzyme,B,,,BAO_0000190,BAO_0000366,cell-free format,NCCCCC(NC(=O)C1CCC1)C(=O)NC(Cc1ccccc1)C(=O)CCC(=O)N1CCCC1C(=O)NO.O=C(O)C(F)(F)F,,,CHEMBL1122915,J Med Chem,1985,"{'bei': '14.64', 'le': '0.28', 'lle': '6.99', 'sei': '4.66'}",CHEMBL275702,,CHEMBL1183005,7.96,0,http://www.openphacts.org/units/Nanomolar,8026,=,1,1,=,,IC50,nM,,11.0,CHEMBL1808,Homo sapiens,Angiotensin-converting enzyme,9606,,,I50,uM,UO_0000065,,0.011
,,139233,[],CHEMBL644578,Inhibitory activity against porcine plasma Angiotensin I converting enzyme,B,,,BAO_0000190,BAO_0000366,cell-free format,NCCCCC(NC(=O)C1CCC1)C(=O)NC(Cc1ccccc1)C(=O)CCC(=O)N1CCCC1C(=O)O.O=C(O)C(F)(F)F,,,CHEMBL1122915,J Med Chem,1985,"{'bei': '15.36', 'le': '0.29', 'lle': '6.57', 'sei': '5.11'}",CHEMBL274550,,CHEMBL357534,8.12,0,http://www.openphacts.org/units/Nanomolar,8032,=,1,1,=,,IC50,nM,,7.6,CHEMBL1808,Homo sapiens,Angiotensin-converting enzyme,9606,,,I50,uM,UO_0000065,,0.0076
,,143219,[],CHEMBL648688,Inhibitory activity against angiotensin I converting enzyme (ACE),B,,,BAO_0000190,BAO_0000357,single protein format,CCCCC(CC(=O)NO)S(=O)(=O)c1ccc2ccccc2c1,,,CHEMBL1133694,J Med Chem,2000,"{'bei': '14.63', 'le': '0.29', 'lle': '1.84', 'sei': '5.88'}",CHEMBL78001,,CHEMBL78001,4.91,0,http://www.openphacts.org/units/Nanomolar,135608,=,1,1,=,,IC50,nM,,12400.0,CHEMBL1808,Homo sapiens,Angiotensin-converting enzyme,9606,,,IC50,uM,UO_0000065,,12.4
,,149654,[],CHEMBL648282,Tested in vitro for inhibition of Angiotensin converting enzyme (ACE),B,,,BAO_0000190,BAO_0000357,single protein format,O=C(O)CCN1C(=O)[C@@H](NC(=O)[C@@H](S)Cc2ccccc2)CCc2ccccc21,,,CHEMBL1127937,Bioorg Med Chem Lett,1994,"{'bei': '18.04', 'le': '0.35', 'lle': '4.97', 'sei': '8.58'}",CHEMBL301364,,CHEMBL301364,7.44,0,http://www.openphacts.org/units/Nanomolar,85903,=,1,1,=,,IC50,nM,,36.0,CHEMBL1808,Homo sapiens,Angiotensin-converting enzyme,9606,,,I50,nM,UO_0000065,,36.0
,,150864,[],CHEMBL648282,Tested in vitro for inhibition of Angiotensin converting enzyme (ACE),B,,,BAO_0000190,BAO_0000357,single protein format,C[C@H](NC(=O)[C@@H](S)Cc1ccccc1)C(=O)N1CCC[C@H]1C(=O)O,,,CHEMBL1127937,Bioorg Med Chem Lett,1994,"{'bei': '21.47', 'le': '0.43', 'lle': '6.41', 'sei': '8.68'}",CHEMBL287896,,CHEMBL287896,7.52,0,http://www.openphacts.org/units/Nanomolar,85891,=,1,1,=,,IC50,nM,,30.0,CHEMBL1808,Homo sapiens,Angiotensin-converting enzyme,9606,,,I50,nM,UO_0000065,,30.0
,,158242,[],CHEMBL648282,Tested in vitro for inhibition of Angiotensin converting enzyme (ACE),B,,,BAO_0000190,BAO_0000357,single protein format,C[C@@H]1Oc2ccccc2N(CC(=O)O)C(=O)[C@H]1NC(=O)[C@@H](S)Cc1ccccc1,,,CHEMBL1127937,Bioorg Med Chem Lett,1994,"{'bei': '17.96', 'le': '0.35', 'lle': '5.53', 'sei': '7.76'}",CHEMBL50559,,CHEMBL50559,7.44,0,http://www.openphacts.org/units/Nanomolar,85904,=,1,1,=,,IC50,nM,,36.0,CHEMBL1808,Homo sapiens,Angiotensin-converting enzyme,9606,,,I50,nM,UO_0000065,,36.0
,,159432,[],CHEMBL648282,Tested in vitro for inhibition of Angiotensin converting enzyme (ACE),B,,,BAO_0000190,BAO_0000357,single protein format,O=C(O)CCN1C(=O)[C@@H](NC(=O)[C@@H](S)Cc2ccccc2)CSc2ccccc21,,,CHEMBL1127937,Bioorg Med Chem Lett,1994,"{'bei': '18.24', 'le': '0.37', 'lle': '5.22', 'sei': '9.06'}",CHEMBL299441,,CHEMBL299441,7.85,0,http://www.openphacts.org/units/Nanomolar,85901,=,1,1,=,,IC50,nM,,14.0,CHEMBL1808,Homo sapiens,Angiotensin-converting enzyme,9606,,,I50,nM,UO_0000065,,14.0
,,160674,[],CHEMBL648282,Tested in vitro for inhibition of Angiotensin converting enzyme (ACE),B,,,BAO_0000190,BAO_0000357,single protein format,C[C@H](NC(=O)[C@@H](CS)Cc1ccccc1)C(=O)N1CCC[C@H]1C(=O)O,,,CHEMBL1127937,Bioorg Med Chem Lett,1994,"{'bei': '23.04', 'le': '0.46', 'lle': '7.04', 'sei': '9.69'}",CHEMBL299181,,CHEMBL299181,8.40,0,http://www.openphacts.org/units/Nanomolar,85892,=,1,1,=,,IC50,nM,,4.0,CHEMBL1808,Homo sapiens,Angiotensin-converting enzyme,9606,,,I50,nM,UO_0000065,,4.0
,,160678,[],CHEMBL648282,Tested in vitro for inhibition of Angiotensin converting enzyme (ACE),B,,,BAO_0000190,BAO_0000357,single protein format,C[C@H]1Oc2ccccc2N(CCC(=O)O)C(=O)[C@H]1NC(=O)[C@@H](S)Cc1ccccc1,,,CHEMBL1127937,Bioorg Med Chem Lett,1994,"{'bei': '18.07', 'le': '0.35', 'lle': '5.44', 'sei': '8.07'}",CHEMBL52733,,CHEMBL52733,7.75,0,http://www.openphacts.org/units/Nanomolar,85899,=,1,1,=,,IC50,nM,,18.0,CHEMBL1808,Homo sapiens,Angiotensin-converting enzyme,9606,,,I50,nM,UO_0000065,,18.0
,,161850,[],CHEMBL648282,Tested in vitro for inhibition of Angiotensin converting enzyme (ACE),B,,,BAO_0000190,BAO_0000357,single protein format,O=C(O)CCN1C(=O)[C@@H](NC(=O)[C@@H](S)Cc2ccccc2)COc2ccccc21,,,CHEMBL1127937,Bioorg Med Chem Lett,1994,"{'bei': '18.12', 'le': '0.35', 'lle': '5.60', 'sei': '7.83'}",CHEMBL301751,,CHEMBL301751,7.51,0,http://www.openphacts.org/units/Nanomolar,85900,=,1,1,=,,IC50,nM,,31.0,CHEMBL1808,Homo sapiens,Angiotensin-converting enzyme,9606,,,I50,nM,UO_0000065,,31.0
,,163200,[],CHEMBL648282,Tested in vitro for inhibition of Angiotensin converting enzyme (ACE),B,,,BAO_0000190,BAO_0000357,single protein format,O=C(O)CN1C(=O)[C@@H](NC(=O)[C@@H](S)Cc2ccccc2)CSc2ccccc21,,,CHEMBL1127937,Bioorg Med Chem Lett,1994,"{'bei': '18.93', 'le': '0.38', 'lle': '5.65', 'sei': '9.09'}",CHEMBL298388,,CHEMBL298388,7.89,0,http://www.openphacts.org/units/Nanomolar,85893,=,1,1,=,,IC50,nM,,13.0,CHEMBL1808,Homo sapiens,Angiotensin-converting enzyme,9606,,,I50,nM,UO_0000065,,13.0
,,164358,[],CHEMBL648282,Tested in vitro for inhibition of Angiotensin converting enzyme (ACE),B,,,BAO_0000190,BAO_0000357,single protein format,O=C(O)CN1C(=O)[C@@H](NC(=O)[C@@H](CS)Cc2ccccc2)COc2ccccc21,,,CHEMBL1127937,Bioorg Med Chem Lett,1994,"{'bei': '20.16', 'le': '0.39', 'lle': '6.59', 'sei': '8.71'}",CHEMBL51389,,CHEMBL51389,8.36,0,http://www.openphacts.org/units/Nanomolar,85905,=,1,1,=,,IC50,nM,,4.4,CHEMBL1808,Homo sapiens,Angiotensin-converting enzyme,9606,,,I50,nM,UO_0000065,,4.4
,,166785,[],CHEMBL648282,Tested in vitro for inhibition of Angiotensin converting enzyme (ACE),B,,,BAO_0000190,BAO_0000357,single protein format,O=C(O)CN1C(=O)[C@@H](NC(=O)[C@@H](S)Cc2ccccc2)CCc2ccccc21,,,CHEMBL1127937,Bioorg Med Chem Lett,1994,"{'bei': '19.88', 'le': '0.39', 'lle': '5.84', 'sei': '9.13'}",CHEMBL299639,,CHEMBL299639,7.92,1,http://www.openphacts.org/units/Nanomolar,85896,=,1,1,=,,IC50,nM,,12.0,CHEMBL1808,Homo sapiens,Angiotensin-converting enzyme,9606,,,I50,nM,UO_0000065,,12.0
,,168193,[],CHEMBL648282,Tested in vitro for inhibition of Angiotensin converting enzyme (ACE),B,,,BAO_0000190,BAO_0000357,single protein format,C[C@H]1Oc2ccccc2N(CC(=O)O)C(=O)[C@H]1NC(=O)[C@@H](S)Cc1ccccc1,,,CHEMBL1127937,Bioorg Med Chem Lett,1994,"{'bei': '19.03', 'le': '0.37', 'lle': '5.98', 'sei': '8.22'}",CHEMBL53879,,CHEMBL53879,7.89,0,http://www.openphacts.org/units/Nanomolar,85898,=,1,1,=,,IC50,nM,,13.0,CHEMBL1808,Homo sapiens,Angiotensin-converting enzyme,9606,,,I50,nM,UO_0000065,,13.0
,,169362,[],CHEMBL648282,Tested in vitro for inhibition of Angiotensin converting enzyme (ACE),B,,,BAO_0000190,BAO_0000357,single protein format,O=C(O)CN1C(=O)[C@@H](NC(=O)[C@@H](S)Cc2ccccc2)COc2ccccc21,,,CHEMBL1127937,Bioorg Med Chem Lett,1994,"{'bei': '18.86', 'le': '0.37', 'lle': '6.03', 'sei': '7.87'}",CHEMBL54036,,CHEMBL54036,7.55,0,http://www.openphacts.org/units/Nanomolar,85897,=,1,1,=,,IC50,nM,,28.0,CHEMBL1808,Homo sapiens,Angiotensin-converting enzyme,9606,,,I50,nM,UO_0000065,,28.0
,,169591,[],CHEMBL648450,Tested in vitro for its inhibitory activity against neutral endopeptidase (NEP),B,,,BAO_0000190,BAO_0000357,single protein format,COc1ccc(CSC[C@@H](NC(=O)[C@H](CS)Cc2ccccc2)C(=O)O)cc1,,,CHEMBL1127600,J Med Chem,1994,"{'bei': '15.58', 'le': '0.32', 'lle': '3.25', 'sei': '8.64'}",CHEMBL310200,,CHEMBL310200,6.54,0,http://www.openphacts.org/units/Nanomolar,147404,=,1,1,=,,IC50,nM,,290.0,CHEMBL1808,Homo sapiens,Angiotensin-converting enzyme,9606,,,IC50,nM,UO_0000065,,290.0
,,172951,[],CHEMBL648282,Tested in vitro for inhibition of Angiotensin converting enzyme (ACE),B,,,BAO_0000190,BAO_0000357,single protein format,O=C(O)CCN1C(=O)[C@@H](NC(=O)[C@@H](CS)Cc2ccccc2)CCc2ccccc21,,,CHEMBL1127937,Bioorg Med Chem Lett,1994,"{'bei': '17.45', 'le': '0.34', 'lle': '4.73', 'sei': '8.58'}",CHEMBL51438,,CHEMBL51438,7.44,0,http://www.openphacts.org/units/Nanomolar,85902,=,1,1,=,,IC50,nM,,36.0,CHEMBL1808,Homo sapiens,Angiotensin-converting enzyme,9606,,,I50,nM,UO_0000065,,36.0
,,173169,[],CHEMBL648450,Tested in vitro for its inhibitory activity against neutral endopeptidase (NEP),B,,,BAO_0000190,BAO_0000357,single protein format,Cc1ccc(CSC[C@@H](NC(=O)[C@@H](CS)Cc2ccccc2)C(=O)O)cc1C,,,CHEMBL1127600,J Med Chem,1994,"{'bei': '15.18', 'le': '0.31', 'lle': '2.45', 'sei': '9.54'}",CHEMBL80055,,CHEMBL80055,6.34,0,http://www.openphacts.org/units/Nanomolar,147415,=,1,1,=,,IC50,nM,,460.0,CHEMBL1808,Homo sapiens,Angiotensin-converting enzyme,9606,,,IC50,nM,UO_0000065,,460.0
,,175455,[],CHEMBL648450,Tested in vitro for its inhibitory activity against neutral endopeptidase (NEP),B,,,BAO_0000190,BAO_0000357,single protein format,Cc1ccc(CSC[C@@H](NC(=O)[C@H](CS)Cc2ccc3ccccc3c2)C(=O)O)cc1,,,CHEMBL1127600,J Med Chem,1994,"{'bei': '12.14', 'le': '0.24', 'lle': '0.77', 'sei': '8.30'}",CHEMBL430431,,CHEMBL430431,5.51,0,http://www.openphacts.org/units/Nanomolar,147424,=,1,1,=,,IC50,nM,,3100.0,CHEMBL1808,Homo sapiens,Angiotensin-converting enzyme,9606,,,IC50,nM,UO_0000065,,3100.0
,,177733,[],CHEMBL648282,Tested in vitro for inhibition of Angiotensin converting enzyme (ACE),B,,,BAO_0000190,BAO_0000357,single protein format,O=C(O)CN1C(=O)[C@@H](NC(=O)[C@@H](CS)Cc2ccccc2)CSc2ccccc21,,,CHEMBL1127937,Bioorg Med Chem Lett,1994,"{'bei': '18.05', 'le': '0.37', 'lle': '5.29', 'sei': '8.96'}",CHEMBL51780,,CHEMBL51780,7.77,0,http://www.openphacts.org/units/Nanomolar,85894,=,1,1,=,,IC50,nM,,17.0,CHEMBL1808,Homo sapiens,Angiotensin-converting enzyme,9606,,,I50,nM,UO_0000065,,17.0
,,180294,[],CHEMBL648282,Tested in vitro for inhibition of Angiotensin converting enzyme (ACE),B,,,BAO_0000190,BAO_0000357,single protein format,O=C(O)CN1C(=O)[C@@H](NC(=O)[C@@H](CS)Cc2ccccc2)CCc2ccccc21,,,CHEMBL1127937,Bioorg Med Chem Lett,1994,"{'bei': '20.17', 'le': '0.39', 'lle': '6.00', 'sei': '9.59'}",CHEMBL51498,,CHEMBL51498,8.32,0,http://www.openphacts.org/units/Nanomolar,85895,=,1,1,=,,IC50,nM,,4.8,CHEMBL1808,Homo sapiens,Angiotensin-converting enzyme,9606,,,I50,nM,UO_0000065,,4.8
,,186589,[],CHEMBL644702,Inhibitory activity against Angiotensin I converting enzyme,B,,,BAO_0000190,BAO_0000357,single protein format,Cc1ccc(C#Cc2ccc(S(=O)(=O)N[C@H](Cc3c[nH]c4ccccc34)C(=O)O)s2)cc1,,,CHEMBL1131478,J Med Chem,1998,,CHEMBL297792,S-3304,CHEMBL297792,,0,http://www.openphacts.org/units/Nanomolar,310361,>,1,1,>,,IC50,nM,,1000.0,CHEMBL1808,Homo sapiens,Angiotensin-converting enzyme,9606,,,IC50,uM,UO_0000065,,1.0
,,187798,[],CHEMBL644702,Inhibitory activity against Angiotensin I converting enzyme,B,,,BAO_0000190,BAO_0000357,single protein format,O=C(Nc1ccc(S(=O)(=O)N[C@H](Cc2c[nH]c3ccccc23)C(=O)O)cc1)c1ccc(Br)cc1,,,CHEMBL1131478,J Med Chem,1998,,CHEMBL155874,,CHEMBL155874,,0,http://www.openphacts.org/units/Nanomolar,310374,>,1,1,>,,IC50,nM,,1000.0,CHEMBL1808,Homo sapiens,Angiotensin-converting enzyme,9606,,,IC50,uM,UO_0000065,,1.0
,,188996,[],CHEMBL644702,Inhibitory activity against Angiotensin I converting enzyme,B,,,BAO_0000190,BAO_0000357,single protein format,CSc1ccc(-n2nnc(-c3ccc(S(=O)(=O)N[C@@H](C(=O)O)C(C)C)cc3)n2)cc1,,,CHEMBL1131478,J Med Chem,1998,,CHEMBL160153,,CHEMBL160153,,0,http://www.openphacts.org/units/Nanomolar,310378,>,1,1,>,,IC50,nM,,1000.0,CHEMBL1808,Homo sapiens,Angiotensin-converting enzyme,9606,,,IC50,uM,UO_0000065,,1.0
,,196094,[],CHEMBL644702,Inhibitory activity against Angiotensin I converting enzyme,B,,,BAO_0000190,BAO_0000357,single protein format,CSc1ccc(-c2ccc(S(=O)(=O)N[C@@H](C(=O)O)C(C)C)cc2)cc1,,,CHEMBL1131478,J Med Chem,1998,,CHEMBL440921,,CHEMBL440921,,0,http://www.openphacts.org/units/Nanomolar,310383,>,1,1,>,,IC50,nM,,1000.0,CHEMBL1808,Homo sapiens,Angiotensin-converting enzyme,9606,,,IC50,uM,UO_0000065,,1.0
,,198198,[],CHEMBL644702,Inhibitory activity against Angiotensin I converting enzyme,B,,,BAO_0000190,BAO_0000357,single protein format,O=C(O)[C@@H](Cc1c[nH]c2ccccc12)NS(=O)(=O)c1ccc(-c2nnn(-c3ccccc3)n2)cc1,,,CHEMBL1131478,J Med Chem,1998,,CHEMBL345597,,CHEMBL345597,,0,http://www.openphacts.org/units/Nanomolar,310391,>,1,1,>,,IC50,nM,,1000.0,CHEMBL1808,Homo sapiens,Angiotensin-converting enzyme,9606,,,IC50,uM,UO_0000065,,1.0
,,213872,[],CHEMBL644702,Inhibitory activity against Angiotensin I converting enzyme,B,,,BAO_0000190,BAO_0000357,single protein format,Cc1ccc(-c2ccc(S(=O)(=O)N[C@H](Cc3c[nH]c4ccccc34)C(=O)O)s2)cc1,,,CHEMBL1131478,J Med Chem,1998,,CHEMBL345200,,CHEMBL345200,,0,http://www.openphacts.org/units/Nanomolar,310385,>,1,1,>,,IC50,nM,,1000.0,CHEMBL1808,Homo sapiens,Angiotensin-converting enzyme,9606,,,IC50,uM,UO_0000065,,1.0
,,270314,[],CHEMBL648283,In vitro inhibitory activity against angiotensin converting enzyme (ACE) in rat was determined,B,,,BAO_0000190,BAO_0000019,assay format,O=C(N[C@H]1CCCN2CC[C@@H](C(=O)O)N2C1=O)[C@@H](S)Cc1ccccc1,,,CHEMBL1127958,Bioorg Med Chem Lett,1994,"{'bei': '20.98', 'le': '0.42', 'lle': '7.21', 'sei': '8.81'}",CHEMBL66254,,CHEMBL66254,7.92,0,http://www.openphacts.org/units/Nanomolar,110740,=,1,1,=,,IC50,nM,,12.0,CHEMBL1808,Homo sapiens,Angiotensin-converting enzyme,9606,,,I50,nM,UO_0000065,,12.0
,,271614,[],CHEMBL648283,In vitro inhibitory activity against angiotensin converting enzyme (ACE) in rat was determined,B,,,BAO_0000190,BAO_0000019,assay format,O=C(N[C@H]1CCC(=O)N2CCC[C@@H](C(=O)O)N2C1=O)[C@@H](S)Cc1ccccc1,,,CHEMBL1127958,Bioorg Med Chem Lett,1994,"{'bei': '20.11', 'le': '0.40', 'lle': '7.52', 'sei': '7.62'}",CHEMBL66481,,CHEMBL66481,8.15,0,http://www.openphacts.org/units/Nanomolar,110747,=,1,1,=,,IC50,nM,,7.0,CHEMBL1808,Homo sapiens,Angiotensin-converting enzyme,9606,,,I50,nM,UO_0000065,,7.0
,,271617,[],CHEMBL648283,In vitro inhibitory activity against angiotensin converting enzyme (ACE) in rat was determined,B,,,BAO_0000190,BAO_0000019,assay format,CCCN1C(=O)CC[C@H](NC(=O)[C@@H](S)Cc2ccccc2)C(=O)N1CC(=O)O,,,CHEMBL1127958,Bioorg Med Chem Lett,1994,"{'bei': '19.63', 'le': '0.39', 'lle': '7.13', 'sei': '7.48'}",CHEMBL62417,,CHEMBL62417,8.00,0,http://www.openphacts.org/units/Nanomolar,110744,=,1,1,=,,IC50,nM,,10.0,CHEMBL1808,Homo sapiens,Angiotensin-converting enzyme,9606,,,I50,nM,UO_0000065,,10.0
,,276588,[],CHEMBL648283,In vitro inhibitory activity against angiotensin converting enzyme (ACE) in rat was determined,B,,,BAO_0000190,BAO_0000019,assay format,CN1CCC[C@H](NC(=O)[C@@H](S)Cc2ccccc2)C(=O)N1CC(=O)O,,,CHEMBL1127958,Bioorg Med Chem Lett,1994,"{'bei': '21.33', 'le': '0.43', 'lle': '7.23', 'sei': '8.67'}",CHEMBL63001,,CHEMBL63001,7.80,0,http://www.openphacts.org/units/Nanomolar,110741,=,1,1,=,,IC50,nM,,16.0,CHEMBL1808,Homo sapiens,Angiotensin-converting enzyme,9606,,,I50,nM,UO_0000065,,16.0
,,280116,[],CHEMBL648283,In vitro inhibitory activity against angiotensin converting enzyme (ACE) in rat was determined,B,,,BAO_0000190,BAO_0000019,assay format,CN1C(=O)CC[C@H](NC(=O)[C@@H](S)Cc2ccccc2)C(=O)N1CC(=O)O,,,CHEMBL1127958,Bioorg Med Chem Lett,1994,"{'bei': '20.55', 'le': '0.41', 'lle': '7.71', 'sei': '7.28'}",CHEMBL304881,,CHEMBL304881,7.80,0,http://www.openphacts.org/units/Nanomolar,110745,=,1,1,=,,IC50,nM,,16.0,CHEMBL1808,Homo sapiens,Angiotensin-converting enzyme,9606,,,I50,nM,UO_0000065,,16.0
,,283606,[],CHEMBL648283,In vitro inhibitory activity against angiotensin converting enzyme (ACE) in rat was determined,B,,,BAO_0000190,BAO_0000019,assay format,O=C(N[C@H]1CCC(=O)N2CC[C@@H](C(=O)O)N2C1=O)[C@@H](S)Cc1ccccc1,,,CHEMBL1127958,Bioorg Med Chem Lett,1994,"{'bei': '19.67', 'le': '0.39', 'lle': '7.46', 'sei': '7.19'}",CHEMBL305108,,CHEMBL305108,7.70,0,http://www.openphacts.org/units/Nanomolar,110746,=,1,1,=,,IC50,nM,,20.0,CHEMBL1808,Homo sapiens,Angiotensin-converting enzyme,9606,,,I50,nM,UO_0000065,,20.0
,,295912,[],CHEMBL648283,In vitro inhibitory activity against angiotensin converting enzyme (ACE) in rat was determined,B,,,BAO_0000190,BAO_0000019,assay format,CCCN1CCC[C@H](NC(=O)[C@@H](S)Cc2ccccc2)C(=O)N1CC(=O)O,,,CHEMBL1127958,Bioorg Med Chem Lett,1994,"{'bei': '20.89', 'le': '0.42', 'lle': '6.87', 'sei': '9.14'}",CHEMBL61566,,CHEMBL61566,8.22,0,http://www.openphacts.org/units/Nanomolar,110742,=,1,1,=,,IC50,nM,,6.0,CHEMBL1808,Homo sapiens,Angiotensin-converting enzyme,9606,,,I50,nM,UO_0000065,,6.0
,,298442,[],CHEMBL648283,In vitro inhibitory activity against angiotensin converting enzyme (ACE) in rat was determined,B,,,BAO_0000190,BAO_0000019,assay format,O=C(O)CN1C(=O)[C@@H](NC(=O)[C@@H](S)Cc2ccccc2)CCc2ccccc21,,,CHEMBL1127958,Bioorg Med Chem Lett,1994,"{'bei': '19.88', 'le': '0.39', 'lle': '5.84', 'sei': '9.13'}",CHEMBL299639,,CHEMBL299639,7.92,1,http://www.openphacts.org/units/Nanomolar,110738,=,1,1,=,,IC50,nM,,12.0,CHEMBL1808,Homo sapiens,Angiotensin-converting enzyme,9606,,,I50,nM,UO_0000065,,12.0
,,301085,[],CHEMBL648283,In vitro inhibitory activity against angiotensin converting enzyme (ACE) in rat was determined,B,,,BAO_0000190,BAO_0000019,assay format,O=C(N[C@H]1CCCN2CCC[C@@H](C(=O)O)N2C1=O)[C@@H](S)Cc1ccccc1,,,CHEMBL1127958,Bioorg Med Chem Lett,1994,"{'bei': '20.68', 'le': '0.41', 'lle': '7.00', 'sei': '9.00'}",CHEMBL65545,,CHEMBL65545,8.10,0,http://www.openphacts.org/units/Nanomolar,110739,=,1,1,=,,IC50,nM,,8.0,CHEMBL1808,Homo sapiens,Angiotensin-converting enzyme,9606,,,I50,nM,UO_0000065,,8.0
,,303427,[],CHEMBL648283,In vitro inhibitory activity against angiotensin converting enzyme (ACE) in rat was determined,B,,,BAO_0000190,BAO_0000019,assay format,O=C(O)CN1NCCC[C@H](NC(=O)[C@@H](S)Cc2ccccc2)C1=O,,,CHEMBL1127958,Bioorg Med Chem Lett,1994,"{'bei': '20.55', 'le': '0.41', 'lle': '7.00', 'sei': '7.31'}",CHEMBL417034,,CHEMBL417034,7.22,0,http://www.openphacts.org/units/Nanomolar,110743,=,1,1,=,,IC50,nM,,60.0,CHEMBL1808,Homo sapiens,Angiotensin-converting enzyme,9606,,,I50,nM,UO_0000065,,60.0
,,304574,[],CHEMBL645287,In vitro inhibitory activity against Angiotensin I converting enzyme,B,,,BAO_0000190,BAO_0000357,single protein format,C[C@H](NC(=O)[C@@H](N)Cc1ccccc1)C(=O)N1CCC[C@H]1C(=O)O,,,CHEMBL1122972,J Med Chem,1985,"{'bei': '17.56', 'le': '0.33', 'lle': '5.71', 'sei': '5.19'}",CHEMBL28361,,CHEMBL28361,5.85,1,http://www.openphacts.org/units/Nanomolar,266077,=,1,1,=,,IC50,nM,,1400.0,CHEMBL1808,Homo sapiens,Angiotensin-converting enzyme,9606,,,I50,M,UO_0000065,,0.0000014
,,304575,[],CHEMBL645287,In vitro inhibitory activity against Angiotensin I converting enzyme,B,,,BAO_0000190,BAO_0000357,single protein format,CC(NC(C(=O)O)C1CCCN1C(=O)NCC(=O)O)C(=O)N1CCCC1C(=O)O,,,CHEMBL1122972,J Med Chem,1985,"{'bei': '19.84', 'le': '0.39', 'lle': '9.47', 'sei': '4.66'}",CHEMBL342373,,CHEMBL342373,8.22,0,http://www.openphacts.org/units/Nanomolar,266069,=,1,1,=,,IC50,nM,,6.0,CHEMBL1808,Homo sapiens,Angiotensin-converting enzyme,9606,,,I50,nM,UO_0000065,,6.0
,,305856,[],CHEMBL645287,In vitro inhibitory activity against Angiotensin I converting enzyme,B,,,BAO_0000190,BAO_0000357,single protein format,C[C@H](N[C@@H](C(=O)O)[C@H](Cc1ccccc1)NC(=O)c1ccccc1)C(=O)N1CCC[C@H]1C(=O)O,,,CHEMBL1122972,J Med Chem,1985,"{'bei': '12.52', 'le': '0.24', 'lle': '4.32', 'sei': '4.30'}",CHEMBL2111942,,CHEMBL2111942,5.85,0,http://www.openphacts.org/units/Nanomolar,266075,=,1,1,=,,IC50,nM,,1400.0,CHEMBL1808,Homo sapiens,Angiotensin-converting enzyme,9606,,,I50,nM,UO_0000065,,1400.0
,,307966,[],CHEMBL645288,Compound tested in vitro for inhibition of Angiotensin I converting enzyme,B,,,BAO_0000190,BAO_0000357,single protein format,CCOC(=O)[C@H](CCc1ccccc1)N[C@@H](C)C(=O)N1CCC[C@H]1C(=O)O,,,CHEMBL1124532,J Med Chem,1989,"{'bei': '15.66', 'le': '0.30', 'lle': '4.30', 'sei': '6.14'}",CHEMBL578,ENALAPRIL,CHEMBL578,5.89,0,http://www.openphacts.org/units/Nanomolar,67194,=,1,1,=,,IC50,nM,,1273.0,CHEMBL1808,Homo sapiens,Angiotensin-converting enzyme,9606,,,IC50,nM,UO_0000065,,1273.0
,,308478,[],CHEMBL645287,In vitro inhibitory activity against Angiotensin I converting enzyme,B,,,BAO_0000190,BAO_0000357,single protein format,CC(NC(C(=O)O)C1CCCN1C(=O)NC(CCCCN)C(=O)N1C(=O)CCC1C(=O)O)C(=O)N1CCCC1C(=O)O,,,CHEMBL1122972,J Med Chem,1985,"{'bei': '13.53', 'le': '0.26', 'lle': '9.30', 'sei': '3.36'}",CHEMBL434617,,CHEMBL434617,8.07,0,http://www.openphacts.org/units/Nanomolar,266066,=,1,1,=,,IC50,nM,,8.5,CHEMBL1808,Homo sapiens,Angiotensin-converting enzyme,9606,,,I50,nM,UO_0000065,,8.5
,,313336,[],CHEMBL644698,Compound was tested for its inhibitory potency against Angiotensin I converting enzyme,B,,,BAO_0000190,BAO_0000357,single protein format,CCOC(=O)[C@H](CCc1ccccc1)N[C@@H](C)C(=O)N1CCC[C@H]1C(=O)O,,,CHEMBL1125229,J Med Chem,1991,"{'bei': '18.21', 'le': '0.35', 'lle': '5.25', 'sei': '7.14'}",CHEMBL578,ENALAPRIL,CHEMBL578,6.85,1,http://www.openphacts.org/units/Nanomolar,290027,=,1,1,=,,IC50,nM,,140.0,CHEMBL1808,Homo sapiens,Angiotensin-converting enzyme,9606,,,IC50,nM,UO_0000065,,140.0
,,313843,[],CHEMBL645287,In vitro inhibitory activity against Angiotensin I converting enzyme,B,,,BAO_0000190,BAO_0000357,single protein format,C[C@H](N[C@@H](CCc1ccccc1)C(=O)O)C(=O)N1CCC[C@H]1C(=O)O,,,CHEMBL1122972,J Med Chem,1985,"{'bei': '25.61', 'le': '0.49', 'lle': '7.79', 'sei': '8.34'}",CHEMBL577,ENALAPRILAT ANHYDROUS,CHEMBL577,8.92,0,http://www.openphacts.org/units/Nanomolar,266064,=,1,1,=,,IC50,nM,,1.2,CHEMBL1808,Homo sapiens,Angiotensin-converting enzyme,9606,,,I50,nM,UO_0000065,,1.2
,,314771,[],CHEMBL644700,Compound was tested for its inhibitory potency against angiotensin I converting enzyme.,B,,,BAO_0000190,BAO_0000357,single protein format,C[C@H](N[C@@H](CCc1ccccc1)C(=O)O)C(=O)N1CCC[C@H]1C(=O)O,Potential transcription error,"Values appear to be an order of magnitude different from previously reported, so units may be incorrect",CHEMBL1125229,J Med Chem,1991,,CHEMBL577,ENALAPRILAT ANHYDROUS,CHEMBL577,,1,http://www.openphacts.org/units/Nanomolar,290031,=,1,1,=,,IC50,nM,,3.1,CHEMBL1808,Homo sapiens,Angiotensin-converting enzyme,9606,,,IC50,nM,UO_0000065,,3.1
,,315077,[],CHEMBL645287,In vitro inhibitory activity against Angiotensin I converting enzyme,B,,,BAO_0000190,BAO_0000357,single protein format,CC(NC(C(=O)O)C1CCCN1C(=O)NC(Cc1ccccc1)C(=O)O)C(=O)N1CCCC1C(=O)O,,,CHEMBL1122972,J Med Chem,1985,"{'bei': '16.39', 'le': '0.31', 'lle': '7.91', 'sei': '4.68'}",CHEMBL136312,,CHEMBL136312,8.27,0,http://www.openphacts.org/units/Nanomolar,266068,=,1,1,=,,IC50,nM,,5.4,CHEMBL1808,Homo sapiens,Angiotensin-converting enzyme,9606,,,I50,nM,UO_0000065,,5.4
,,315870,[],CHEMBL645288,Compound tested in vitro for inhibition of Angiotensin I converting enzyme,B,,,BAO_0000190,BAO_0000357,single protein format,C[C@H](N[C@@H](CCc1ccccc1)C(=O)O)C(=O)N1CC2(C[C@H]1C(=O)O)SCCS2,,,CHEMBL1124532,J Med Chem,1989,"{'bei': '20.74', 'le': '0.43', 'lle': '7.19', 'sei': '8.51'}",CHEMBL579,SPIRAPRILAT,CHEMBL579,9.10,0,http://www.openphacts.org/units/Nanomolar,67193,=,1,1,=,,IC50,nM,,0.8,CHEMBL1808,Homo sapiens,Angiotensin-converting enzyme,9606,,,IC50,nM,UO_0000065,,0.8
,,316272,[],CHEMBL645287,In vitro inhibitory activity against Angiotensin I converting enzyme,B,,,BAO_0000190,BAO_0000357,single protein format,C[C@H](N[C@H](C(=O)O)[C@H](Cc1ccccc1)NC(=O)c1ccccc1)C(=O)N1CCC[C@H]1C(=O)O,,,CHEMBL1122972,J Med Chem,1985,"{'bei': '17.35', 'le': '0.33', 'lle': '6.58', 'sei': '5.96'}",CHEMBL2112769,,CHEMBL2112769,8.11,0,http://www.openphacts.org/units/Nanomolar,266060,=,1,1,=,,IC50,nM,,7.7,CHEMBL1808,Homo sapiens,Angiotensin-converting enzyme,9606,,,I50,nM,UO_0000065,,7.7
,,318762,[],CHEMBL645287,In vitro inhibitory activity against Angiotensin I converting enzyme,B,,,BAO_0000190,BAO_0000357,single protein format,C[C@H](N[C@H](C[C@H](Cc1ccccc1)NC(=O)c1ccccc1)C(=O)O)C(=O)N1CCC[C@H]1C(=O)O,,,CHEMBL1122972,J Med Chem,1985,"{'bei': '17.27', 'le': '0.32', 'lle': '6.40', 'sei': '6.11'}",CHEMBL2111940,,CHEMBL2111940,8.32,0,http://www.openphacts.org/units/Nanomolar,266071,=,1,1,=,,IC50,nM,,4.8,CHEMBL1808,Homo sapiens,Angiotensin-converting enzyme,9606,,,I50,nM,UO_0000065,,4.8
,,320805,[],CHEMBL644700,Compound was tested for its inhibitory potency against angiotensin I converting enzyme.,B,,,BAO_0000190,BAO_0000357,single protein format,CCOC(=O)[C@H](CCc1ccccc1)N[C@@H](C)C(=O)N1Cc2ccccc2C[C@H]1C(=O)O,,,CHEMBL1125229,J Med Chem,1991,"{'bei': '18.43', 'le': '0.34', 'lle': '5.51', 'sei': '8.42'}",CHEMBL1592,QUINAPRIL,CHEMBL1592,8.08,1,http://www.openphacts.org/units/Nanomolar,290029,=,1,1,=,,IC50,nM,,8.3,CHEMBL1808,Homo sapiens,Angiotensin-converting enzyme,9606,,,IC50,nM,UO_0000065,,8.3
,,326124,[],CHEMBL645287,In vitro inhibitory activity against Angiotensin I converting enzyme,B,,,BAO_0000190,BAO_0000357,single protein format,C[C@H](CS)C(=O)N1CCC[C@H]1C(=O)O,,,CHEMBL1122972,J Med Chem,1985,"{'bei': '35.43', 'le': '0.75', 'lle': '7.07', 'sei': '13.36'}",CHEMBL1560,CAPTOPRIL,CHEMBL1560,7.70,1,http://www.openphacts.org/units/Nanomolar,266063,=,1,1,=,,IC50,nM,,20.0,CHEMBL1808,Homo sapiens,Angiotensin-converting enzyme,9606,,,I50,nM,UO_0000065,,20.0
,,327429,[],CHEMBL645287,In vitro inhibitory activity against Angiotensin I converting enzyme,B,,,BAO_0000190,BAO_0000357,single protein format,O=C(CCC(=O)N1CCCC1C(=O)O)CCc1ccccc1,Outside typical range,"Values for this activity type are unusually large/small, so may not be accurate",CHEMBL1122972,J Med Chem,1985,,CHEMBL139523,,CHEMBL139523,,0,http://www.openphacts.org/units/Nanomolar,266059,=,1,1,=,,IC50,nM,,2600000.0,CHEMBL1808,Homo sapiens,Angiotensin-converting enzyme,9606,,,I50,M,UO_0000065,,0.0026
,,327430,[],CHEMBL645287,In vitro inhibitory activity against Angiotensin I converting enzyme,B,,,BAO_0000190,BAO_0000357,single protein format,C[C@H](N[C@@H](CNC(=O)c1ccccc1)C(=O)O)C(=O)N1CCC[C@H]1C(=O)O,,,CHEMBL1122972,J Med Chem,1985,"{'bei': '20.59', 'le': '0.39', 'lle': '7.85', 'sei': '5.71'}",CHEMBL2112767,,CHEMBL2112767,7.77,0,http://www.openphacts.org/units/Nanomolar,266076,=,1,1,=,,IC50,nM,,17.0,CHEMBL1808,Homo sapiens,Angiotensin-converting enzyme,9606,,,I50,nM,UO_0000065,,17.0
,,328951,[],CHEMBL645287,In vitro inhibitory activity against Angiotensin I converting enzyme,B,,,BAO_0000190,BAO_0000357,single protein format,C[C@H](NC(=O)[C@H](Cc1ccccc1)NC(=O)c1ccccc1)C(=O)N1CCC[C@H]1C(=O)O,,,CHEMBL1122972,J Med Chem,1985,"{'bei': '12.73', 'le': '0.24', 'lle': '3.96', 'sei': '4.81'}",CHEMBL2370854,,CHEMBL2370854,5.57,0,http://www.openphacts.org/units/Nanomolar,266058,=,1,1,=,,IC50,nM,,2700.0,CHEMBL1808,Homo sapiens,Angiotensin-converting enzyme,9606,,,I50,M,UO_0000065,,0.0000027
,,328952,[],CHEMBL645287,In vitro inhibitory activity against Angiotensin I converting enzyme,B,,,BAO_0000190,BAO_0000357,single protein format,C[C@H](NC(=O)[C@H](Cc1ccccc1)NC(=O)[C@H](CCCCN)NC(=O)[C@@H]1CCC(=O)N1)C(=O)N1CCC[C@H]1C(=O)O,,,CHEMBL1122972,J Med Chem,1985,"{'bei': '12.75', 'le': '0.24', 'lle': '8.11', 'sei': '3.65'}",CHEMBL2370850,,CHEMBL2370850,7.30,0,http://www.openphacts.org/units/Nanomolar,266073,=,1,1,=,,IC50,nM,,50.0,CHEMBL1808,Homo sapiens,Angiotensin-converting enzyme,9606,,,I50,M,UO_0000065,,5E-8
,,332829,[],CHEMBL645287,In vitro inhibitory activity against Angiotensin I converting enzyme,B,,,BAO_0000190,BAO_0000357,single protein format,C[C@H](NC(=O)CCc1ccccc1)C(=O)N1CCC[C@H]1C(=O)O,Outside typical range,"Values for this activity type are unusually large/small, so may not be accurate",CHEMBL1122972,J Med Chem,1985,,CHEMBL2370859,,CHEMBL2370859,,0,http://www.openphacts.org/units/Nanomolar,266057,=,1,1,=,,IC50,nM,,330000.0,CHEMBL1808,Homo sapiens,Angiotensin-converting enzyme,9606,,,I50,M,UO_0000065,,0.00033
,,332831,[],CHEMBL645287,In vitro inhibitory activity against Angiotensin I converting enzyme,B,,,BAO_0000190,BAO_0000357,single protein format,CC(NC(C(=O)O)C1CCCN1C(=O)c1ccccc1)C(=O)N1CCCC1C(=O)O,,,CHEMBL1122972,J Med Chem,1985,"{'bei': '20.45', 'le': '0.39', 'lle': '7.74', 'sei': '6.71'}",CHEMBL335997,,CHEMBL335997,8.54,0,http://www.openphacts.org/units/Nanomolar,266062,=,1,1,=,,IC50,nM,,2.9,CHEMBL1808,Homo sapiens,Angiotensin-converting enzyme,9606,,,I50,nM,UO_0000065,,2.9
,,333748,[],CHEMBL645288,Compound tested in vitro for inhibition of Angiotensin I converting enzyme,B,,,BAO_0000190,BAO_0000357,single protein format,C[C@H](CS)C(=O)N1CCC[C@H]1C(=O)O,,,CHEMBL1124532,J Med Chem,1989,"{'bei': '36.31', 'le': '0.77', 'lle': '7.26', 'sei': '13.69'}",CHEMBL1560,CAPTOPRIL,CHEMBL1560,7.89,1,http://www.openphacts.org/units/Nanomolar,67195,=,1,1,=,,IC50,nM,,12.9,CHEMBL1808,Homo sapiens,Angiotensin-converting enzyme,9606,,,IC50,nM,UO_0000065,,12.9
,,337981,[],CHEMBL645287,In vitro inhibitory activity against Angiotensin I converting enzyme,B,,,BAO_0000190,BAO_0000357,single protein format,C[C@H](N[C@@H](C[C@H](Cc1ccccc1)NC(=O)c1ccccc1)C(=O)O)C(=O)N1CCC[C@H]1C(=O)O,,,CHEMBL1122972,J Med Chem,1985,"{'bei': '17.70', 'le': '0.33', 'lle': '6.60', 'sei': '6.26'}",CHEMBL2112768,,CHEMBL2112768,8.52,0,http://www.openphacts.org/units/Nanomolar,266074,=,1,1,=,,IC50,nM,,3.0,CHEMBL1808,Homo sapiens,Angiotensin-converting enzyme,9606,,,I50,nM,UO_0000065,,3.0
,,338795,[],CHEMBL645288,Compound tested in vitro for inhibition of Angiotensin I converting enzyme,B,,,BAO_0000190,BAO_0000357,single protein format,NCCCC[C@H](N[C@@H](CCc1ccccc1)C(=O)O)C(=O)N1CC2(C[C@H]1C(=O)O)SCCS2,,,CHEMBL1124532,J Med Chem,1989,"{'bei': '18.76', 'le': '0.38', 'lle': '7.28', 'sei': '7.00'}",CHEMBL295690,,CHEMBL295690,9.30,0,http://www.openphacts.org/units/Nanomolar,67191,=,1,1,=,,IC50,nM,,0.5,CHEMBL1808,Homo sapiens,Angiotensin-converting enzyme,9606,,,IC50,nM,UO_0000065,,0.5
,,339241,[],CHEMBL645287,In vitro inhibitory activity against Angiotensin I converting enzyme,B,,,BAO_0000190,BAO_0000357,single protein format,CC(NC(C(=O)O)C1CCCN1C(=O)NC(Cc1ccccc1)C(=O)NC(Cc1ccccc1)C(=O)O)C(=O)N1CCCC1C(=O)O,,,CHEMBL1122972,J Med Chem,1985,"{'bei': '13.10', 'le': '0.25', 'lle': '7.45', 'sei': '4.15'}",CHEMBL263460,,CHEMBL263460,8.54,0,http://www.openphacts.org/units/Nanomolar,266067,=,1,1,=,,IC50,nM,,2.9,CHEMBL1808,Homo sapiens,Angiotensin-converting enzyme,9606,,,I50,nM,UO_0000065,,2.9
,,340664,[],CHEMBL645287,In vitro inhibitory activity against Angiotensin I converting enzyme,B,,,BAO_0000190,BAO_0000357,single protein format,CC(=O)N1CCCC1C(NC(C)C(=O)N1CCCC1C(=O)O)C(=O)O,,,CHEMBL1122972,J Med Chem,1985,"{'bei': '22.59', 'le': '0.44', 'lle': '8.53', 'sei': '6.31'}",CHEMBL342652,,CHEMBL342652,8.03,0,http://www.openphacts.org/units/Nanomolar,266070,=,1,1,=,,IC50,nM,,9.4,CHEMBL1808,Homo sapiens,Angiotensin-converting enzyme,9606,,,I50,nM,UO_0000065,,9.4
,,341825,[],CHEMBL645287,In vitro inhibitory activity against Angiotensin I converting enzyme,B,,,BAO_0000190,BAO_0000357,single protein format,C[C@H](NC(CNC(=O)c1ccccc1)C(=O)O)C(=O)N1CCC[C@H]1C(=O)O,,,CHEMBL1122972,J Med Chem,1985,"{'bei': '19.60', 'le': '0.37', 'lle': '7.48', 'sei': '5.44'}",CHEMBL2111941,,CHEMBL2111941,7.40,0,http://www.openphacts.org/units/Nanomolar,266072,=,1,1,=,,IC50,nM,,40.0,CHEMBL1808,Homo sapiens,Angiotensin-converting enzyme,9606,,,I50,nM,UO_0000065,,40.0
,,341826,[],CHEMBL645287,In vitro inhibitory activity against Angiotensin I converting enzyme,B,,,BAO_0000190,BAO_0000357,single protein format,C[C@H](N[C@H](C(=O)O)[C@@H]1CCCN1)C(=O)N1CCC[C@H]1C(=O)O,,,CHEMBL1122972,J Med Chem,1985,"{'bei': '19.64', 'le': '0.38', 'lle': '6.90', 'sei': '5.17'}",CHEMBL3037879,,CHEMBL3037879,6.16,0,http://www.openphacts.org/units/Nanomolar,266061,=,1,1,=,,IC50,nM,,700.0,CHEMBL1808,Homo sapiens,Angiotensin-converting enzyme,9606,,,I50,nM,UO_0000065,,700.0
,,342597,[],CHEMBL645288,Compound tested in vitro for inhibition of Angiotensin I converting enzyme,B,,,BAO_0000190,BAO_0000357,single protein format,CCOC(=O)[C@H](CCc1ccccc1)N[C@@H](CCCCN)C(=O)N1CC2(C[C@H]1C(=O)O)SCCS2,,,CHEMBL1124532,J Med Chem,1989,"{'bei': '12.79', 'le': '0.26', 'lle': '4.20', 'sei': '5.49'}",CHEMBL415881,,CHEMBL415881,6.70,0,http://www.openphacts.org/units/Nanomolar,67189,=,1,1,=,,IC50,nM,,200.0,CHEMBL1808,Homo sapiens,Angiotensin-converting enzyme,9606,,,IC50,nM,UO_0000065,,200.0
,,343794,[],CHEMBL645288,Compound tested in vitro for inhibition of Angiotensin I converting enzyme,B,,,BAO_0000190,BAO_0000357,single protein format,C[C@H](N[C@@H](CCc1ccccc1)C(=O)O)C(=O)N1CCC[C@H]1C(=O)O,,,CHEMBL1124532,J Med Chem,1989,"{'bei': '24.64', 'le': '0.47', 'lle': '7.46', 'sei': '8.03'}",CHEMBL577,ENALAPRILAT ANHYDROUS,CHEMBL577,8.59,0,http://www.openphacts.org/units/Nanomolar,67196,=,1,1,=,,IC50,nM,,2.6,CHEMBL1808,Homo sapiens,Angiotensin-converting enzyme,9606,,,IC50,nM,UO_0000065,,2.6
,,343897,[],CHEMBL644699,Compound was tested for its inhibitory potency against angiotensin I converting enzyme,B,,,BAO_0000190,BAO_0000357,single protein format,C[C@H](N[C@@H](CCc1ccccc1)C(=O)O)C(=O)N1Cc2ccccc2C[C@H]1C(=O)O,,,CHEMBL1125229,J Med Chem,1991,"{'bei': '20.80', 'le': '0.39', 'lle': '6.45', 'sei': '7.98'}",CHEMBL1733,QUINAPRILAT,CHEMBL1733,8.54,1,http://www.openphacts.org/units/Nanomolar,290030,=,1,1,=,,IC50,nM,,2.9,CHEMBL1808,Homo sapiens,Angiotensin-converting enzyme,9606,,,IC50,nM,UO_0000065,,2.9
,,344305,[],CHEMBL645287,In vitro inhibitory activity against Angiotensin I converting enzyme,B,,,BAO_0000190,BAO_0000357,single protein format,O=C(N[C@@H](Cc1ccccc1)C(=O)CCC(=O)N1CCC[C@H]1C(=O)O)c1ccccc1,,,CHEMBL1122972,J Med Chem,1985,"{'bei': '18.75', 'le': '0.35', 'lle': '5.47', 'sei': '7.63'}",CHEMBL435360,,CHEMBL435360,7.92,0,http://www.openphacts.org/units/Nanomolar,266065,=,1,1,=,,IC50,nM,,12.0,CHEMBL1808,Homo sapiens,Angiotensin-converting enzyme,9606,,,I50,M,UO_0000065,,1.2E-8
,,347016,[],CHEMBL648350,Inhibition of guinea pig angiotensin I converting enzyme,B,,,BAO_0000190,BAO_0000357,single protein format,CCOC(=O)C(CCc1ccccc1)NC(C)C(=O)N1Cc2ccccc2CC1C(=O)OCC,,,CHEMBL1123237,J Med Chem,1986,"{'bei': '13.62', 'le': '0.26', 'lle': '3.31', 'sei': '7.48'}",CHEMBL412893,,CHEMBL412893,6.36,0,http://www.openphacts.org/units/Nanomolar,101961,=,1,1,=,,IC50,nM,,440.0,CHEMBL1808,Homo sapiens,Angiotensin-converting enzyme,9606,,,IC50,uM,UO_0000065,,0.44
,,347019,[],CHEMBL648350,Inhibition of guinea pig angiotensin I converting enzyme,B,,,BAO_0000190,BAO_0000357,single protein format,CC(NC(CCc1ccccc1)C(=O)O)C(=O)N1Cc2ccccc2C1C(=O)O,,,CHEMBL1123237,J Med Chem,1986,"{'bei': '21.46', 'le': '0.40', 'lle': '6.29', 'sei': '7.96'}",CHEMBL58480,,CHEMBL58480,8.51,0,http://www.openphacts.org/units/Nanomolar,101987,=,1,1,=,,IC50,nM,,3.1,CHEMBL1808,Homo sapiens,Angiotensin-converting enzyme,9606,,,IC50,uM,UO_0000065,,0.0031
,,347039,[],CHEMBL648350,Inhibition of guinea pig angiotensin I converting enzyme,B,,,BAO_0000190,BAO_0000357,single protein format,CCOC(=O)[C@H](CCc1ccccc1)N[C@@H](C)C(=O)N1CCC[C@H]1C(=O)O,,,CHEMBL1123237,J Med Chem,1986,"{'bei': '18.21', 'le': '0.35', 'lle': '5.25', 'sei': '7.14'}",CHEMBL578,ENALAPRIL,CHEMBL578,6.85,1,http://www.openphacts.org/units/Nanomolar,101967,=,1,1,=,,IC50,nM,,140.0,CHEMBL1808,Homo sapiens,Angiotensin-converting enzyme,9606,,,IC50,uM,UO_0000065,,0.14
,,348319,[],CHEMBL648350,Inhibition of guinea pig angiotensin I converting enzyme,B,,,BAO_0000190,BAO_0000357,single protein format,COc1cc2c(cc1OC)CN(C(=O)C(C)NC(CCc1ccccc1)C(=O)O)C(C(=O)O)C2,,,CHEMBL1123237,J Med Chem,1986,"{'bei': '18.11', 'le': '0.34', 'lle': '6.41', 'sei': '6.80'}",CHEMBL58042,,CHEMBL58042,8.52,0,http://www.openphacts.org/units/Nanomolar,101981,=,1,1,=,,IC50,nM,,3.0,CHEMBL1808,Homo sapiens,Angiotensin-converting enzyme,9606,,,IC50,uM,UO_0000065,,0.003
,,349677,[],CHEMBL648350,Inhibition of guinea pig angiotensin I converting enzyme,B,,,BAO_0000190,BAO_0000357,single protein format,CC(CS)C(=O)N1Cc2ccccc2C1C(=O)O,,,CHEMBL1123237,J Med Chem,1986,"{'bei': '18.29', 'le': '0.37', 'lle': '3.13', 'sei': '8.43'}",CHEMBL62203,,CHEMBL62203,4.85,0,http://www.openphacts.org/units/Nanomolar,101986,=,1,1,=,,IC50,nM,,14000.0,CHEMBL1808,Homo sapiens,Angiotensin-converting enzyme,9606,,,IC50,uM,UO_0000065,,14.0
,,351144,[],CHEMBL648350,Inhibition of guinea pig angiotensin I converting enzyme,B,,,BAO_0000190,BAO_0000357,single protein format,CCOC(=O)[C@H](CCc1ccccc1)N[C@@H](C)C(=O)N1Cc2cc(OC)c(OC)cc2C[C@H]1C(=O)O,,,CHEMBL1123237,J Med Chem,1986,"{'bei': '14.54', 'le': '0.28', 'lle': '4.67', 'sei': '6.34'}",CHEMBL1165,MOEXIPRIL,CHEMBL1165,7.25,0,http://www.openphacts.org/units/Nanomolar,101989,=,1,1,=,,IC50,nM,,56.0,CHEMBL1808,Homo sapiens,Angiotensin-converting enzyme,9606,,,IC50,uM,UO_0000065,,0.056
,,355464,[],CHEMBL648350,Inhibition of guinea pig angiotensin I converting enzyme,B,,,BAO_0000190,BAO_0000357,single protein format,CCOC(=O)C(CCc1ccccc1)NC(C)C(=O)N1Cc2cc(OC)c(OC)cc2CC1C(=O)OCc1ccccc1,,,CHEMBL1123237,J Med Chem,1986,"{'bei': '11.08', 'le': '0.21', 'lle': '2.28', 'sei': '6.31'}",CHEMBL58340,,CHEMBL58340,6.52,0,http://www.openphacts.org/units/Nanomolar,101984,=,1,1,=,,IC50,nM,,300.0,CHEMBL1808,Homo sapiens,Angiotensin-converting enzyme,9606,,,IC50,uM,UO_0000065,,0.3
,NT,356914,[],CHEMBL648350,Inhibition of guinea pig angiotensin I converting enzyme,B,,,BAO_0000190,BAO_0000357,single protein format,CC(=O)SCCC(=O)N1Cc2ccccc2C1C(=O)OC(C)(C)C,,,CHEMBL1123237,J Med Chem,1986,,CHEMBL59401,,CHEMBL59401,,0,http://www.openphacts.org/units/Nanomolar,101969,,1,0,,,IC50,nM,,,CHEMBL1808,Homo sapiens,Angiotensin-converting enzyme,9606,,,IC50,uM,UO_0000065,,
,,356915,[],CHEMBL648350,Inhibition of guinea pig angiotensin I converting enzyme,B,,,BAO_0000190,BAO_0000357,single protein format,CCOC(=O)[C@@H](CCc1ccccc1)N[C@@H](C)C(=O)N1Cc2cc(OC)c(OC)cc2C[C@H]1C(=O)O,,,CHEMBL1123237,J Med Chem,1986,"{'bei': '11.95', 'le': '0.23', 'lle': '3.38', 'sei': '5.21'}",CHEMBL2115075,,CHEMBL2115075,5.96,0,http://www.openphacts.org/units/Nanomolar,101982,=,1,1,=,,IC50,nM,,1100.0,CHEMBL1808,Homo sapiens,Angiotensin-converting enzyme,9606,,,IC50,uM,UO_0000065,,1.1
,,356918,[],CHEMBL648350,Inhibition of guinea pig angiotensin I converting enzyme,B,,,BAO_0000190,BAO_0000357,single protein format,C[C@H](N[C@@H](CCc1ccccc1)C(=O)O)C(=O)N1Cc2ccccc2C[C@H]1C(=O)O,,,CHEMBL1123237,J Med Chem,1986,"{'bei': '20.84', 'le': '0.39', 'lle': '6.46', 'sei': '8.00'}",CHEMBL1733,QUINAPRILAT,CHEMBL1733,8.55,0,http://www.openphacts.org/units/Nanomolar,101977,=,1,1,=,,IC50,nM,,2.8,CHEMBL1808,Homo sapiens,Angiotensin-converting enzyme,9606,,,IC50,uM,UO_0000065,,0.0028
,,358296,[],CHEMBL648350,Inhibition of guinea pig angiotensin I converting enzyme,B,,,BAO_0000190,BAO_0000357,single protein format,CC(=O)SCC(C)C(=O)N1Cc2ccccc2C1C(=O)O,,,CHEMBL1123237,J Med Chem,1986,"{'bei': '15.03', 'le': '0.30', 'lle': '2.55', 'sei': '6.19'}",CHEMBL57200,,CHEMBL57200,4.62,0,http://www.openphacts.org/units/Nanomolar,101971,=,1,1,=,,IC50,nM,,24000.0,CHEMBL1808,Homo sapiens,Angiotensin-converting enzyme,9606,,,IC50,uM,UO_0000065,,24.0
,,360943,[],CHEMBL648350,Inhibition of guinea pig angiotensin I converting enzyme,B,,,BAO_0000190,BAO_0000357,single protein format,C[C@H](N[C@@H](CCc1ccccc1)C(=O)O)C(=O)N1CCC[C@H]1C(=O)O,,,CHEMBL1123237,J Med Chem,1986,"{'bei': '24.74', 'le': '0.47', 'lle': '7.49', 'sei': '8.06'}",CHEMBL577,ENALAPRILAT ANHYDROUS,CHEMBL577,8.62,0,http://www.openphacts.org/units/Nanomolar,101968,=,1,1,=,,IC50,nM,,2.4,CHEMBL1808,Homo sapiens,Angiotensin-converting enzyme,9606,,,IC50,uM,UO_0000065,,0.0024
,,369622,[],CHEMBL648350,Inhibition of guinea pig angiotensin I converting enzyme,B,,,BAO_0000190,BAO_0000357,single protein format,CCOC(=O)C(CCc1ccccc1)NC(C)C(=O)N1Cc2cc(OC)c(OC)cc2CC1C(=O)OCC,,,CHEMBL1123237,J Med Chem,1986,"{'bei': '11.93', 'le': '0.23', 'lle': '3.22', 'sei': '6.08'}",CHEMBL60702,,CHEMBL60702,6.28,0,http://www.openphacts.org/units/Nanomolar,101990,=,1,1,=,,IC50,nM,,520.0,CHEMBL1808,Homo sapiens,Angiotensin-converting enzyme,9606,,,IC50,uM,UO_0000065,,0.52
,,369623,[],CHEMBL648350,Inhibition of guinea pig angiotensin I converting enzyme,B,,,BAO_0000190,BAO_0000357,single protein format,CC(NC(CCc1ccccc1)C(=O)O)C(=O)N1CCc2ccccc2C1C(=O)O,,,CHEMBL1123237,J Med Chem,1986,"{'bei': '20.07', 'le': '0.37', 'lle': '5.98', 'sei': '7.70'}",CHEMBL61811,,CHEMBL61811,8.24,0,http://www.openphacts.org/units/Nanomolar,101963,=,1,1,=,,IC50,nM,,5.8,CHEMBL1808,Homo sapiens,Angiotensin-converting enzyme,9606,,,IC50,uM,UO_0000065,,0.0058
,,370919,[],CHEMBL648350,Inhibition of guinea pig angiotensin I converting enzyme,B,,,BAO_0000190,BAO_0000357,single protein format,CCOC(=O)C(CCc1ccccc1)N(C)C(C)C(=O)N1Cc2ccccc2CC1C(=O)O,,,CHEMBL1123237,J Med Chem,1986,,CHEMBL291552,,CHEMBL291552,,0,http://www.openphacts.org/units/Nanomolar,101988,>,1,1,>,,IC50,nM,,10000.0,CHEMBL1808,Homo sapiens,Angiotensin-converting enzyme,9606,,,IC50,uM,UO_0000065,,10.0
,,372401,[],CHEMBL648350,Inhibition of guinea pig angiotensin I converting enzyme,B,,,BAO_0000190,BAO_0000357,single protein format,CC(CS)C(=O)N1CCc2ccccc2C1,,,CHEMBL1123237,J Med Chem,1986,"{'bei': '18.35', 'le': '0.37', 'lle': '2.18', 'sei': '21.26'}",CHEMBL59354,,CHEMBL59354,4.32,0,http://www.openphacts.org/units/Nanomolar,101966,=,1,1,=,,IC50,nM,,48000.0,CHEMBL1808,Homo sapiens,Angiotensin-converting enzyme,9606,,,IC50,uM,UO_0000065,,48.0
,,373966,[],CHEMBL648350,Inhibition of guinea pig angiotensin I converting enzyme,B,,,BAO_0000190,BAO_0000357,single protein format,CCOC(=O)[C@@H](CCc1ccccc1)N[C@@H](C)C(=O)N1Cc2ccccc2C[C@H]1C(=O)O,,,CHEMBL1123237,J Med Chem,1986,"{'bei': '15.28', 'le': '0.29', 'lle': '4.13', 'sei': '6.98'}",CHEMBL2114322,,CHEMBL2114322,6.70,0,http://www.openphacts.org/units/Nanomolar,101983,=,1,1,=,,IC50,nM,,200.0,CHEMBL1808,Homo sapiens,Angiotensin-converting enzyme,9606,,,IC50,uM,UO_0000065,,0.2
,,375311,[],CHEMBL648350,Inhibition of guinea pig angiotensin I converting enzyme,B,,,BAO_0000190,BAO_0000357,single protein format,C[C@H](CS)C(=O)N1CCC[C@H]1C(=O)O,,,CHEMBL1123237,J Med Chem,1986,"{'bei': '36.29', 'le': '0.77', 'lle': '7.26', 'sei': '13.69'}",CHEMBL1560,CAPTOPRIL,CHEMBL1560,7.89,0,http://www.openphacts.org/units/Nanomolar,101975,=,1,1,=,,IC50,nM,,13.0,CHEMBL1808,Homo sapiens,Angiotensin-converting enzyme,9606,,,IC50,uM,UO_0000065,,0.013
,,376655,[],CHEMBL648350,Inhibition of guinea pig angiotensin I converting enzyme,B,,,BAO_0000190,BAO_0000357,single protein format,CCOC(=O)[C@H](CCc1ccccc1)N[C@@H](C)C(=O)N1Cc2ccccc2C[C@H]1C(=O)O,,,CHEMBL1123237,J Med Chem,1986,"{'bei': '18.43', 'le': '0.34', 'lle': '5.51', 'sei': '8.42'}",CHEMBL1592,QUINAPRIL,CHEMBL1592,8.08,1,http://www.openphacts.org/units/Nanomolar,101991,=,1,1,=,,IC50,nM,,8.3,CHEMBL1808,Homo sapiens,Angiotensin-converting enzyme,9606,,,IC50,uM,UO_0000065,,0.0083
,,376672,[],CHEMBL648350,Inhibition of guinea pig angiotensin I converting enzyme,B,,,BAO_0000190,BAO_0000357,single protein format,CC(=O)SCC(C)C(=O)N1CCc2ccccc2C1C(=O)O,,,CHEMBL1123237,J Med Chem,1986,,CHEMBL57201,,CHEMBL57201,,0,http://www.openphacts.org/units/Nanomolar,101972,>,1,1,>,,IC50,nM,,100000.0,CHEMBL1808,Homo sapiens,Angiotensin-converting enzyme,9606,,,IC50,uM,UO_0000065,,100.0
,,376673,[],CHEMBL648350,Inhibition of guinea pig angiotensin I converting enzyme,B,,,BAO_0000190,BAO_0000357,single protein format,CC(=O)SCC(C)C(=O)N1Cc2ccccc2CC1C(=O)O,,,CHEMBL1123237,J Med Chem,1986,"{'bei': '21.43', 'le': '0.43', 'lle': '4.95', 'sei': '9.22'}",CHEMBL58720,,CHEMBL58720,6.89,0,http://www.openphacts.org/units/Nanomolar,101980,=,1,1,=,,IC50,nM,,130.0,CHEMBL1808,Homo sapiens,Angiotensin-converting enzyme,9606,,,IC50,uM,UO_0000065,,0.13
,,378061,[],CHEMBL648350,Inhibition of guinea pig angiotensin I converting enzyme,B,,,BAO_0000190,BAO_0000357,single protein format,CCOC(=O)[C@H](CCc1ccccc1)N[C@@H](C)C(=O)N1Cc2ccccc2C[C@@H]1C(=O)O,,,CHEMBL1123237,J Med Chem,1986,"{'bei': '11.89', 'le': '0.22', 'lle': '2.64', 'sei': '5.44'}",CHEMBL2115288,,CHEMBL2115288,5.21,0,http://www.openphacts.org/units/Nanomolar,101976,=,1,1,=,,IC50,nM,,6100.0,CHEMBL1808,Homo sapiens,Angiotensin-converting enzyme,9606,,,IC50,uM,UO_0000065,,6.1
,,382384,[],CHEMBL648350,Inhibition of guinea pig angiotensin I converting enzyme,B,,,BAO_0000190,BAO_0000357,single protein format,CC(CS)C(=O)N1CCc2ccccc2C1C(=O)O,,,CHEMBL1123237,J Med Chem,1986,"{'bei': '15.17', 'le': '0.30', 'lle': '2.48', 'sei': '7.35'}",CHEMBL61916,,CHEMBL61916,4.24,0,http://www.openphacts.org/units/Nanomolar,101985,=,1,1,=,,IC50,nM,,58000.0,CHEMBL1808,Homo sapiens,Angiotensin-converting enzyme,9606,,,IC50,uM,UO_0000065,,58.0
,,382387,[],CHEMBL648350,Inhibition of guinea pig angiotensin I converting enzyme,B,,,BAO_0000190,BAO_0000357,single protein format,CC(=O)SCC(C)C(=O)N1CCc2ccccc2C1,,,CHEMBL1123237,J Med Chem,1986,"{'bei': '15.54', 'le': '0.31', 'lle': '1.82', 'sei': '11.53'}",CHEMBL57202,,CHEMBL57202,4.31,0,http://www.openphacts.org/units/Nanomolar,101973,=,1,1,=,,IC50,nM,,49000.0,CHEMBL1808,Homo sapiens,Angiotensin-converting enzyme,9606,,,IC50,uM,UO_0000065,,49.0
,,383718,[],CHEMBL648350,Inhibition of guinea pig angiotensin I converting enzyme,B,,,BAO_0000190,BAO_0000357,single protein format,CCOC(=O)[C@H](CCc1ccccc1)N[C@@H](C)C(=O)N1Cc2ccccc2[C@H]1C(=O)O,,,CHEMBL1123237,J Med Chem,1986,"{'bei': '17.33', 'le': '0.32', 'lle': '4.66', 'sei': '7.67'}",CHEMBL2115478,,CHEMBL2115478,7.36,0,http://www.openphacts.org/units/Nanomolar,101962,=,1,1,=,,IC50,nM,,44.0,CHEMBL1808,Homo sapiens,Angiotensin-converting enzyme,9606,,,IC50,uM,UO_0000065,,0.044
,,386682,[],CHEMBL648350,Inhibition of guinea pig angiotensin I converting enzyme,B,,,BAO_0000190,BAO_0000357,single protein format,CCOC(=O)[C@H](CCc1ccccc1)N[C@@H](C)C(=O)N1Cc2ccccc2[C@@H]1C(=O)O,,,CHEMBL1123237,J Med Chem,1986,,CHEMBL2115076,,CHEMBL2115076,,0,http://www.openphacts.org/units/Nanomolar,101979,>,1,1,>,,IC50,nM,,1000.0,CHEMBL1808,Homo sapiens,Angiotensin-converting enzyme,9606,,,IC50,uM,UO_0000065,,1.0
,,388383,[],CHEMBL648350,Inhibition of guinea pig angiotensin I converting enzyme,B,,,BAO_0000190,BAO_0000357,single protein format,O=C(O)C1c2ccccc2CN1C(=O)CCS,,,CHEMBL1123237,J Med Chem,1986,"{'bei': '16.86', 'le': '0.34', 'lle': '2.77', 'sei': '7.35'}",CHEMBL417226,,CHEMBL417226,4.24,0,http://www.openphacts.org/units/Nanomolar,101965,=,1,1,=,,IC50,nM,,58000.0,CHEMBL1808,Homo sapiens,Angiotensin-converting enzyme,9606,,,IC50,uM,UO_0000065,,58.0
,,388390,[],CHEMBL648350,Inhibition of guinea pig angiotensin I converting enzyme,B,,,BAO_0000190,BAO_0000357,single protein format,CC(=O)SCCC(=O)N1Cc2ccccc2C1C(=O)O,,,CHEMBL1123237,J Med Chem,1986,"{'bei': '15.88', 'le': '0.32', 'lle': '2.84', 'sei': '6.24'}",CHEMBL61137,,CHEMBL61137,4.66,0,http://www.openphacts.org/units/Nanomolar,101970,=,1,1,=,,IC50,nM,,22000.0,CHEMBL1808,Homo sapiens,Angiotensin-converting enzyme,9606,,,IC50,uM,UO_0000065,,22.0
,,389735,[],CHEMBL648350,Inhibition of guinea pig angiotensin I converting enzyme,B,,,BAO_0000190,BAO_0000357,single protein format,CC(CS)C(=O)N1Cc2ccccc2CC1C(=O)O,,,CHEMBL1123237,J Med Chem,1986,"{'bei': '27.72', 'le': '0.56', 'lle': '6.15', 'sei': '13.44'}",CHEMBL279737,,CHEMBL279737,7.75,0,http://www.openphacts.org/units/Nanomolar,101964,=,1,1,=,,IC50,nM,,18.0,CHEMBL1808,Homo sapiens,Angiotensin-converting enzyme,9606,,,IC50,uM,UO_0000065,,0.018
,,389754,[],CHEMBL648350,Inhibition of guinea pig angiotensin I converting enzyme,B,,,BAO_0000190,BAO_0000357,single protein format,CCOC(=O)[C@H](CCc1ccccc1)N[C@@H](C)C(=O)N1Cc2cc(OC)c(OC)cc2C[C@@H]1C(=O)O,,,CHEMBL1123237,J Med Chem,1986,"{'bei': '8.11', 'le': '0.15', 'lle': '1.47', 'sei': '3.54'}",CHEMBL3350318,,CHEMBL3350318,4.05,0,http://www.openphacts.org/units/Nanomolar,101978,=,1,1,=,,IC50,nM,,90000.0,CHEMBL1808,Homo sapiens,Angiotensin-converting enzyme,9606,,,IC50,uM,UO_0000065,,90.0
,,432015,[],CHEMBL858254,Biological activity was measured against Angiotensin I converting enzyme,B,,,BAO_0000190,BAO_0000357,single protein format,C[C@H](N)C(=O)N[C@@H](Cc1ccccc1)C(=O)O,Outside typical range,"Values for this activity type are unusually large/small, so may not be accurate",CHEMBL1128468,J Med Chem,1995,,CHEMBL57338,,CHEMBL57338,,0,http://www.openphacts.org/units/Nanomolar,167359,=,1,1,=,,IC50,nM,,190546.07,CHEMBL1808,Homo sapiens,Angiotensin-converting enzyme,9606,,,Log 1/IC50,,UO_0000065,,3.72
,,432016,[],CHEMBL858254,Biological activity was measured against Angiotensin I converting enzyme,B,,,BAO_0000190,BAO_0000357,single protein format,NCCCC[C@H](N)C(=O)NCC(=O)O,Outside typical range,"Values for this activity type are unusually large/small, so may not be accurate",CHEMBL1128468,J Med Chem,1995,,CHEMBL91561,,CHEMBL91561,,0,http://www.openphacts.org/units/Nanomolar,167427,=,1,1,=,,IC50,nM,,3235936.57,CHEMBL1808,Homo sapiens,Angiotensin-converting enzyme,9606,,,Log 1/IC50,,UO_0000065,,2.49
,,432017,[],CHEMBL858254,Biological activity was measured against Angiotensin I converting enzyme,B,,,BAO_0000190,BAO_0000357,single protein format,NCC(=O)NCC(=O)O,Outside typical range,"Values for this activity type are unusually large/small, so may not be accurate",CHEMBL1128468,J Med Chem,1995,,CHEMBL292467,,CHEMBL292467,,0,http://www.openphacts.org/units/Nanomolar,167369,=,1,1,=,,IC50,nM,,7244359.6,CHEMBL1808,Homo sapiens,Angiotensin-converting enzyme,9606,,,Log 1/IC50,,UO_0000065,,2.14
,,432869,[],CHEMBL644703,Inhibitory concentration (isomer A) against Angiotensin I converting enzyme,B,,,BAO_0000190,BAO_0000357,single protein format,O=C(O)CN1CCCCCC(NC(CCc2ccccc2)C(=O)O)C1=O,,,CHEMBL1123398,J Med Chem,1986,"{'bei': '15.92', 'le': '0.30', 'lle': '4.25', 'sei': '5.40'}",CHEMBL86518,,CHEMBL86518,5.77,0,http://www.openphacts.org/units/Nanomolar,158674,=,1,1,=,,IC50,nM,,1700.0,CHEMBL1808,Homo sapiens,Angiotensin-converting enzyme,9606,,,IC50,M,UO_0000065,,0.0000017
,,432870,[],CHEMBL644704,Inhibitory concentration (isomer B) against Angiotensin I converting enzyme,B,,,BAO_0000190,BAO_0000357,single protein format,O=C(O)CN1CCCCCC(NC(CCc2ccccc2)C(=O)O)C1=O,,,CHEMBL1123398,J Med Chem,1986,"{'bei': '22.95', 'le': '0.44', 'lle': '6.80', 'sei': '7.78'}",CHEMBL86518,,CHEMBL86518,8.32,0,http://www.openphacts.org/units/Nanomolar,158674,=,1,1,=,,IC50,nM,,4.8,CHEMBL1808,Homo sapiens,Angiotensin-converting enzyme,9606,,,IC50,M,UO_0000065,,4.8E-9
,,433411,[],CHEMBL858254,Biological activity was measured against Angiotensin I converting enzyme,B,,,BAO_0000190,BAO_0000357,single protein format,CC[C@H](C)[C@H](N)C(=O)N[C@@H](Cc1ccc(O)cc1)C(=O)O,,,CHEMBL1128468,J Med Chem,1995,"{'bei': '18.45', 'le': '0.35', 'lle': '4.55', 'sei': '4.82'}",CHEMBL91090,,CHEMBL91090,5.43,1,http://www.openphacts.org/units/Nanomolar,167441,=,1,1,=,,IC50,nM,,3715.35,CHEMBL1808,Homo sapiens,Angiotensin-converting enzyme,9606,,,Log 1/IC50,,UO_0000065,,5.43
,,433412,[],CHEMBL858254,Biological activity was measured against Angiotensin I converting enzyme,B,,,BAO_0000190,BAO_0000357,single protein format,CC[C@H](C)[C@H](N)C(=O)N1CCC[C@@H]1C(=O)O,Outside typical range,"Values for this activity type are unusually large/small, so may not be accurate",CHEMBL1128468,J Med Chem,1995,,CHEMBL94119,,CHEMBL94119,,0,http://www.openphacts.org/units/Nanomolar,167361,=,1,1,=,,IC50,nM,,128824.96,CHEMBL1808,Homo sapiens,Angiotensin-converting enzyme,9606,,,Log 1/IC50,,UO_0000065,,3.89
,,434608,[],CHEMBL858254,Biological activity was measured against Angiotensin I converting enzyme,B,,,BAO_0000190,BAO_0000357,single protein format,NCCCC[C@H](NC(=O)CN)C(=O)O,Outside typical range,"Values for this activity type are unusually large/small, so may not be accurate",CHEMBL1128468,J Med Chem,1995,,CHEMBL420061,,CHEMBL420061,,0,http://www.openphacts.org/units/Nanomolar,167424,=,1,1,=,,IC50,nM,,5370317.96,CHEMBL1808,Homo sapiens,Angiotensin-converting enzyme,9606,,,Log 1/IC50,,UO_0000065,,2.27
,,434621,[],CHEMBL858254,Biological activity was measured against Angiotensin I converting enzyme,B,,,BAO_0000190,BAO_0000357,single protein format,CC(C)[C@H](N)C(=O)N[C@@H](Cc1ccc(O)cc1)C(=O)O,,,CHEMBL1128468,J Med Chem,1995,"{'bei': '16.62', 'le': '0.32', 'lle': '4.17', 'sei': '4.14'}",CHEMBL90069,,CHEMBL90069,4.66,0,http://www.openphacts.org/units/Nanomolar,167372,=,1,1,=,,IC50,nM,,21877.62,CHEMBL1808,Homo sapiens,Angiotensin-converting enzyme,9606,,,Log 1/IC50,,UO_0000065,,4.66
,,437113,[],CHEMBL858254,Biological activity was measured against Angiotensin I converting enzyme,B,,,BAO_0000190,BAO_0000357,single protein format,C[C@H](N)C(=O)N1CCC[C@@H]1C(=O)O,Outside typical range,"Values for this activity type are unusually large/small, so may not be accurate",CHEMBL1128468,J Med Chem,1995,,CHEMBL327608,,CHEMBL327608,,0,http://www.openphacts.org/units/Nanomolar,167440,=,1,1,=,,IC50,nM,,229086.77,CHEMBL1808,Homo sapiens,Angiotensin-converting enzyme,9606,,,Log 1/IC50,,UO_0000065,,3.64
,,437114,[],CHEMBL858254,Biological activity was measured against Angiotensin I converting enzyme,B,,,BAO_0000190,BAO_0000357,single protein format,CC(C)[C@H](N)C(=O)N1CCC[C@H]1C(=O)O,Outside typical range,"Values for this activity type are unusually large/small, so may not be accurate",CHEMBL1128468,J Med Chem,1995,,CHEMBL439762,,CHEMBL439762,,1,http://www.openphacts.org/units/Nanomolar,167439,=,1,1,=,,IC50,nM,,416869.38,CHEMBL1808,Homo sapiens,Angiotensin-converting enzyme,9606,,,Log 1/IC50,,UO_0000065,,3.38
,,437115,[],CHEMBL858254,Biological activity was measured against Angiotensin I converting enzyme,B,,,BAO_0000190,BAO_0000357,single protein format,NCC(=O)N1CCC[C@H]1C(=O)O,Outside typical range,"Values for this activity type are unusually large/small, so may not be accurate",CHEMBL1128468,J Med Chem,1995,,CHEMBL80548,GLYCYL PROLINE,CHEMBL80548,,1,http://www.openphacts.org/units/Nanomolar,167438,=,1,1,=,,IC50,nM,,446683.59,CHEMBL1808,Homo sapiens,Angiotensin-converting enzyme,9606,,,Log 1/IC50,,UO_0000065,,3.35
,,437116,[],CHEMBL858254,Biological activity was measured against Angiotensin I converting enzyme,B,,,BAO_0000190,BAO_0000357,single protein format,CC[C@H](C)[C@H](N)C(=O)N[C@@H](Cc1ccccc1)C(=O)O,Outside typical range,"Values for this activity type are unusually large/small, so may not be accurate",CHEMBL1128468,J Med Chem,1995,,CHEMBL91330,,CHEMBL91330,,0,http://www.openphacts.org/units/Nanomolar,167436,=,1,1,=,,IC50,nM,,933254.3,CHEMBL1808,Homo sapiens,Angiotensin-converting enzyme,9606,,,Log 1/IC50,,UO_0000065,,3.03
,,437131,[],CHEMBL858254,Biological activity was measured against Angiotensin I converting enzyme,B,,,BAO_0000190,BAO_0000357,single protein format,NCC(=O)N[C@@H](Cc1cnc[nH]1)C(=O)O,Outside typical range,"Values for this activity type are unusually large/small, so may not be accurate",CHEMBL1128468,J Med Chem,1995,,CHEMBL93127,,CHEMBL93127,,0,http://www.openphacts.org/units/Nanomolar,167381,=,1,1,=,,IC50,nM,,3090295.43,CHEMBL1808,Homo sapiens,Angiotensin-converting enzyme,9606,,,Log 1/IC50,,UO_0000065,,2.51
,,438465,[],CHEMBL858254,Biological activity was measured against Angiotensin I converting enzyme,B,,,BAO_0000190,BAO_0000357,single protein format,C[C@H](NC(=O)[C@@H](N)CCC(=O)O)C(=O)O,Outside typical range,"Values for this activity type are unusually large/small, so may not be accurate",CHEMBL1128468,J Med Chem,1995,,CHEMBL90074,,CHEMBL90074,,0,http://www.openphacts.org/units/Nanomolar,167375,=,1,1,=,,IC50,nM,,10000000.0,CHEMBL1808,Homo sapiens,Angiotensin-converting enzyme,9606,,,Log 1/IC50,,UO_0000065,,2.0
,Not Active,439286,[],CHEMBL644706,Inhibitory concentration against Angiotensin I converting enzyme; IA is Inactive with 0% inhibition at 3.3 x 10e-4;,B,,,BAO_0000190,BAO_0000357,single protein format,NC1CCN(CC(=O)O)C1=O,,,CHEMBL1123398,J Med Chem,1986,,CHEMBL315579,,CHEMBL315579,,0,http://www.openphacts.org/units/Nanomolar,158666,,1,0,,,IC50,nM,,,CHEMBL1808,Homo sapiens,Angiotensin-converting enzyme,9606,,,IC50,M,UO_0000065,,
,,439511,[],CHEMBL648286,In vitro inhibition against angiotensin converting enzyme (ACE),B,,,BAO_0000190,BAO_0000357,single protein format,C[C@H](CS)C(=O)N1C[C@H](NC(=O)C(CS)Cc2ccccc2)C[C@H]1C(=O)O,,,CHEMBL1152063,Bioorg Med Chem Lett,1994,"{'bei': '18.86', 'le': '0.39', 'lle': '6.23', 'sei': '8.93'}",CHEMBL91623,,CHEMBL91623,7.75,0,http://www.openphacts.org/units/Nanomolar,164130,=,1,1,=,,IC50,nM,,18.0,CHEMBL1808,Homo sapiens,Angiotensin-converting enzyme,9606,,,IC50,nM,UO_0000065,,18.0
,,439779,[],CHEMBL858254,Biological activity was measured against Angiotensin I converting enzyme,B,,,BAO_0000190,BAO_0000357,single protein format,CC(C)C[C@H](N)C(=O)N[C@@H](C)C(=O)O,Outside typical range,"Values for this activity type are unusually large/small, so may not be accurate",CHEMBL1128468,J Med Chem,1995,,CHEMBL541207,LEU-ALA,CHEMBL541207,,0,http://www.openphacts.org/units/Nanomolar,167415,=,1,1,=,,IC50,nM,,309029.54,CHEMBL1808,Homo sapiens,Angiotensin-converting enzyme,9606,,,Log 1/IC50,,UO_0000065,,3.51
,,442511,[],CHEMBL858254,Biological activity was measured against Angiotensin I converting enzyme,B,,,BAO_0000190,BAO_0000357,single protein format,C[C@@H](O)[C@H](NC(=O)CN)C(=O)O,Outside typical range,"Values for this activity type are unusually large/small, so may not be accurate",CHEMBL1128468,J Med Chem,1995,,CHEMBL420983,,CHEMBL420983,,0,http://www.openphacts.org/units/Nanomolar,167423,=,1,1,=,,IC50,nM,,5754399.37,CHEMBL1808,Homo sapiens,Angiotensin-converting enzyme,9606,,,Log 1/IC50,,UO_0000065,,2.24
,,443782,[],CHEMBL858254,Biological activity was measured against Angiotensin I converting enzyme,B,,,BAO_0000190,BAO_0000357,single protein format,CC(C)[C@H](NC(=O)CN)C(=O)O,Outside typical range,"Values for this activity type are unusually large/small, so may not be accurate",CHEMBL1128468,J Med Chem,1995,,CHEMBL56035,,CHEMBL56035,,0,http://www.openphacts.org/units/Nanomolar,167425,=,1,1,=,,IC50,nM,,4570881.9,CHEMBL1808,Homo sapiens,Angiotensin-converting enzyme,9606,,,Log 1/IC50,,UO_0000065,,2.34
,,444941,[],CHEMBL648286,In vitro inhibition against angiotensin converting enzyme (ACE),B,,,BAO_0000190,BAO_0000357,single protein format,C[C@H](N[C@@H](CCc1ccccc1)C(=O)O)C(=O)N1C[C@@H](NC(=O)NC(CS)Cc2ccccc2)C[C@H]1C(=O)O,,,CHEMBL1152063,Bioorg Med Chem Lett,1994,"{'bei': '13.23', 'le': '0.26', 'lle': '5.43', 'sei': '4.98'}",CHEMBL329801,,CHEMBL329801,7.37,0,http://www.openphacts.org/units/Nanomolar,164132,=,1,1,=,,IC50,nM,,43.0,CHEMBL1808,Homo sapiens,Angiotensin-converting enzyme,9606,,,IC50,nM,UO_0000065,,43.0
,,445140,[],CHEMBL858254,Biological activity was measured against Angiotensin I converting enzyme,B,,,BAO_0000190,BAO_0000357,single protein format,N[C@@H](Cc1ccc(O)cc1)C(=O)NCC(=O)O,Outside typical range,"Values for this activity type are unusually large/small, so may not be accurate",CHEMBL1128468,J Med Chem,1995,,CHEMBL89956,,CHEMBL89956,,0,http://www.openphacts.org/units/Nanomolar,167382,=,1,1,=,,IC50,nM,,1995262.31,CHEMBL1808,Homo sapiens,Angiotensin-converting enzyme,9606,,,Log 1/IC50,,UO_0000065,,2.7
,,446090,[],CHEMBL644703,Inhibitory concentration (isomer A) against Angiotensin I converting enzyme,B,,,BAO_0000190,BAO_0000357,single protein format,O=C(O)CN1CCCCC(NC(CCc2ccccc2)C(=O)O)C1=O,,,CHEMBL1123398,J Med Chem,1986,"{'bei': '17.67', 'le': '0.34', 'lle': '5.02', 'sei': '5.76'}",CHEMBL85175,,CHEMBL85175,6.16,0,http://www.openphacts.org/units/Nanomolar,158664,=,1,1,=,,IC50,nM,,700.0,CHEMBL1808,Homo sapiens,Angiotensin-converting enzyme,9606,,,IC50,M,UO_0000065,,7E-7
,,446091,[],CHEMBL644704,Inhibitory concentration (isomer B) against Angiotensin I converting enzyme,B,,,BAO_0000190,BAO_0000357,single protein format,O=C(O)CN1CCCCC(NC(CCc2ccccc2)C(=O)O)C1=O,,,CHEMBL1123398,J Med Chem,1986,"{'bei': '22.16', 'le': '0.42', 'lle': '6.59', 'sei': '7.22'}",CHEMBL85175,,CHEMBL85175,7.72,0,http://www.openphacts.org/units/Nanomolar,158664,=,1,1,=,,IC50,nM,,19.0,CHEMBL1808,Homo sapiens,Angiotensin-converting enzyme,9606,,,IC50,M,UO_0000065,,1.9E-8
,,446096,[],CHEMBL644704,Inhibitory concentration (isomer B) against Angiotensin I converting enzyme,B,,,BAO_0000190,BAO_0000357,single protein format,O=C(O)CN1CCCCC[C@H](N[C@@H](CCc2ccccc2)C(=O)O)C1=O,,,CHEMBL1123398,J Med Chem,1986,"{'bei': '24.00', 'le': '0.46', 'lle': '7.18', 'sei': '8.13'}",CHEMBL2114219,,CHEMBL2114219,8.70,0,http://www.openphacts.org/units/Nanomolar,158668,=,1,1,=,,IC50,nM,,2.0,CHEMBL1808,Homo sapiens,Angiotensin-converting enzyme,9606,,,IC50,M,UO_0000065,,2E-9
,,446350,[],CHEMBL648286,In vitro inhibition against angiotensin converting enzyme (ACE),B,,,BAO_0000190,BAO_0000357,single protein format,C[C@H](N[C@@H](CCc1ccccc1)C(=O)O)C(=O)N1C[C@H](NC(=O)C(CS)Cc2ccccc2)C[C@H]1C(=O)O,,,CHEMBL1152063,Bioorg Med Chem Lett,1994,"{'bei': '12.18', 'le': '0.24', 'lle': '4.59', 'sei': '4.85'}",CHEMBL88328,,CHEMBL88328,6.60,0,http://www.openphacts.org/units/Nanomolar,164133,=,1,1,=,,IC50,nM,,253.0,CHEMBL1808,Homo sapiens,Angiotensin-converting enzyme,9606,,,IC50,nM,UO_0000065,,253.0
,,446647,[],CHEMBL858254,Biological activity was measured against Angiotensin I converting enzyme,B,,,BAO_0000190,BAO_0000357,single protein format,CC(C)C[C@H](NC(=O)CN)C(=O)O,Outside typical range,"Values for this activity type are unusually large/small, so may not be accurate",CHEMBL1128468,J Med Chem,1995,,CHEMBL56119,,CHEMBL56119,,0,http://www.openphacts.org/units/Nanomolar,167430,=,1,1,=,,IC50,nM,,2511886.43,CHEMBL1808,Homo sapiens,Angiotensin-converting enzyme,9606,,,Log 1/IC50,,UO_0000065,,2.6
,,447914,[],CHEMBL858254,Biological activity was measured against Angiotensin I converting enzyme,B,,,BAO_0000190,BAO_0000357,single protein format,CSCC[C@H](NC(=O)CN)C(=O)O,Outside typical range,"Values for this activity type are unusually large/small, so may not be accurate",CHEMBL1128468,J Med Chem,1995,,CHEMBL330552,,CHEMBL330552,,0,http://www.openphacts.org/units/Nanomolar,167432,=,1,1,=,,IC50,nM,,1412537.54,CHEMBL1808,Homo sapiens,Angiotensin-converting enzyme,9606,,,Log 1/IC50,,UO_0000065,,2.85
,,447915,[],CHEMBL858254,Biological activity was measured against Angiotensin I converting enzyme,B,,,BAO_0000190,BAO_0000357,single protein format,C[C@H](N)C(=O)NCC(=O)O,Outside typical range,"Values for this activity type are unusually large/small, so may not be accurate",CHEMBL1128468,J Med Chem,1995,,CHEMBL94250,,CHEMBL94250,,0,http://www.openphacts.org/units/Nanomolar,167429,=,1,1,=,,IC50,nM,,2511886.43,CHEMBL1808,Homo sapiens,Angiotensin-converting enzyme,9606,,,Log 1/IC50,,UO_0000065,,2.6
,,447916,[],CHEMBL858254,Biological activity was measured against Angiotensin I converting enzyme,B,,,BAO_0000190,BAO_0000357,single protein format,N[C@@H](CO)C(=O)NCC(=O)O,Outside typical range,"Values for this activity type are unusually large/small, so may not be accurate",CHEMBL1128468,J Med Chem,1995,,CHEMBL90610,,CHEMBL90610,,0,http://www.openphacts.org/units/Nanomolar,167419,=,1,1,=,,IC50,nM,,8511380.38,CHEMBL1808,Homo sapiens,Angiotensin-converting enzyme,9606,,,Log 1/IC50,,UO_0000065,,2.07
,,447917,[],CHEMBL858254,Biological activity was measured against Angiotensin I converting enzyme,B,,,BAO_0000190,BAO_0000357,single protein format,NCC(=O)N[C@@H](CC(=O)O)C(=O)O,Outside typical range,"Values for this activity type are unusually large/small, so may not be accurate",CHEMBL1128468,J Med Chem,1995,,CHEMBL91392,,CHEMBL91392,,0,http://www.openphacts.org/units/Nanomolar,167418,=,1,1,=,,IC50,nM,,9120108.39,CHEMBL1808,Homo sapiens,Angiotensin-converting enzyme,9606,,,Log 1/IC50,,UO_0000065,,2.04
,,448699,[],CHEMBL644705,Inhibitory concentration against Angiotensin I converting enzyme,B,,,BAO_0000190,BAO_0000357,single protein format,C[C@H](N)C(=O)N1CCC[C@H]1C(=O)O,,,CHEMBL1123398,J Med Chem,1986,"{'bei': '23.50', 'le': '0.46', 'lle': '4.97', 'sei': '5.23'}",CHEMBL414828,,CHEMBL414828,4.38,0,http://www.openphacts.org/units/Nanomolar,158669,=,1,1,=,,IC50,nM,,42000.0,CHEMBL1808,Homo sapiens,Angiotensin-converting enzyme,9606,,,IC50,M,UO_0000065,,0.000042
,,449139,[],CHEMBL858254,Biological activity was measured against Angiotensin I converting enzyme,B,,,BAO_0000190,BAO_0000357,single protein format,C[C@H](O)[C@H](N)C(=O)NCC(=O)O,Outside typical range,"Values for this activity type are unusually large/small, so may not be accurate",CHEMBL1128468,J Med Chem,1995,,CHEMBL328594,,CHEMBL328594,,0,http://www.openphacts.org/units/Nanomolar,167379,=,1,1,=,,IC50,nM,,10000000.0,CHEMBL1808,Homo sapiens,Angiotensin-converting enzyme,9606,,,Log 1/IC50,,UO_0000065,,2.0
,,450054,[],CHEMBL644705,Inhibitory concentration against Angiotensin I converting enzyme,B,,,BAO_0000190,BAO_0000357,single protein format,NC1CCCN(CC(=O)O)C1=O,Outside typical range,"Values for this activity type are unusually large/small, so may not be accurate",CHEMBL1123398,J Med Chem,1986,,CHEMBL314707,,CHEMBL314707,,0,http://www.openphacts.org/units/Nanomolar,158672,=,1,1,=,,IC50,nM,,1700000.0,CHEMBL1808,Homo sapiens,Angiotensin-converting enzyme,9606,,,IC50,M,UO_0000065,,0.0017
,,450255,[],CHEMBL648286,In vitro inhibition against angiotensin converting enzyme (ACE),B,,,BAO_0000190,BAO_0000357,single protein format,C[C@H](N[C@@H](CCc1ccccc1)C(=O)O)C(=O)N1C[C@H](OC(=O)NC(CS)Cc2ccccc2)C[C@H]1C(=O)O,,,CHEMBL1152063,Bioorg Med Chem Lett,1994,"{'bei': '11.29', 'le': '0.22', 'lle': '3.93', 'sei': '4.33'}",CHEMBL422419,,CHEMBL422419,6.30,0,http://www.openphacts.org/units/Nanomolar,164131,=,1,1,=,,IC50,nM,,506.0,CHEMBL1808,Homo sapiens,Angiotensin-converting enzyme,9606,,,IC50,nM,UO_0000065,,506.0
,,450519,[],CHEMBL858254,Biological activity was measured against Angiotensin I converting enzyme,B,,,BAO_0000190,BAO_0000357,single protein format,C[C@H](N)C(=O)N[C@@H](C)C(=O)O,Outside typical range,"Values for this activity type are unusually large/small, so may not be accurate",CHEMBL1128468,J Med Chem,1995,,CHEMBL17697,,CHEMBL17697,,0,http://www.openphacts.org/units/Nanomolar,167412,=,1,1,=,,IC50,nM,,616595.0,CHEMBL1808,Homo sapiens,Angiotensin-converting enzyme,9606,,,Log 1/IC50,,UO_0000065,,3.21
,,451237,[],CHEMBL644703,Inhibitory concentration (isomer A) against Angiotensin I converting enzyme,B,,,BAO_0000190,BAO_0000357,single protein format,O=C(O)CN1CCCC(NC(CCc2ccccc2)C(=O)O)C1=O,,,CHEMBL1123398,J Med Chem,1986,"{'bei': '19.04', 'le': '0.36', 'lle': '5.63', 'sei': '5.95'}",CHEMBL314706,,CHEMBL314706,6.37,0,http://www.openphacts.org/units/Nanomolar,158675,=,1,1,=,,IC50,nM,,430.0,CHEMBL1808,Homo sapiens,Angiotensin-converting enzyme,9606,,,IC50,M,UO_0000065,,4.3E-7
,,451238,[],CHEMBL644704,Inhibitory concentration (isomer B) against Angiotensin I converting enzyme,B,,,BAO_0000190,BAO_0000357,single protein format,O=C(O)CN1CCCC(NC(CCc2ccccc2)C(=O)O)C1=O,,,CHEMBL1123398,J Med Chem,1986,"{'bei': '17.25', 'le': '0.33', 'lle': '5.03', 'sei': '5.40'}",CHEMBL314706,,CHEMBL314706,5.77,0,http://www.openphacts.org/units/Nanomolar,158675,=,1,1,=,,IC50,nM,,1700.0,CHEMBL1808,Homo sapiens,Angiotensin-converting enzyme,9606,,,IC50,M,UO_0000065,,0.0000017
,,451239,[],CHEMBL644705,Inhibitory concentration against Angiotensin I converting enzyme,B,,,BAO_0000190,BAO_0000357,single protein format,NC1CCCCCN(CC(=O)O)C1=O,Outside typical range,"Values for this activity type are unusually large/small, so may not be accurate",CHEMBL1123398,J Med Chem,1986,,CHEMBL84966,,CHEMBL84966,,0,http://www.openphacts.org/units/Nanomolar,158670,=,1,1,=,,IC50,nM,,440000.0,CHEMBL1808,Homo sapiens,Angiotensin-converting enzyme,9606,,,IC50,M,UO_0000065,,0.00044
,,451727,[],CHEMBL858254,Biological activity was measured against Angiotensin I converting enzyme,B,,,BAO_0000190,BAO_0000357,single protein format,C[C@H](NC(=O)[C@@H](N)CCCCN)C(=O)O,Outside typical range,"Values for this activity type are unusually large/small, so may not be accurate",CHEMBL1128468,J Med Chem,1995,,CHEMBL93178,,CHEMBL93178,,0,http://www.openphacts.org/units/Nanomolar,167414,=,1,1,=,,IC50,nM,,380189.4,CHEMBL1808,Homo sapiens,Angiotensin-converting enzyme,9606,,,Log 1/IC50,,UO_0000065,,3.42
,,453035,[],CHEMBL858254,Biological activity was measured against Angiotensin I converting enzyme,B,,,BAO_0000190,BAO_0000357,single protein format,NCC(=O)N[C@@H](CCC(N)=O)C(=O)O,Outside typical range,"Values for this activity type are unusually large/small, so may not be accurate",CHEMBL1128468,J Med Chem,1995,,CHEMBL330038,,CHEMBL330038,,0,http://www.openphacts.org/units/Nanomolar,167421,=,1,1,=,,IC50,nM,,7079457.84,CHEMBL1808,Homo sapiens,Angiotensin-converting enzyme,9606,,,Log 1/IC50,,UO_0000065,,2.15
,,453036,[],CHEMBL858254,Biological activity was measured against Angiotensin I converting enzyme,B,,,BAO_0000190,BAO_0000357,single protein format,C[C@H](NC(=O)[C@@H](N)CC(=O)O)C(=O)O,Outside typical range,"Values for this activity type are unusually large/small, so may not be accurate",CHEMBL1128468,J Med Chem,1995,,CHEMBL17503,,CHEMBL17503,,0,http://www.openphacts.org/units/Nanomolar,167411,=,1,1,=,,IC50,nM,,3801893.96,CHEMBL1808,Homo sapiens,Angiotensin-converting enzyme,9606,,,Log 1/IC50,,UO_0000065,,2.42
,,454404,[],CHEMBL858254,Biological activity was measured against Angiotensin I converting enzyme,B,,,BAO_0000190,BAO_0000357,single protein format,NCC(=O)N[C@@H](Cc1ccccc1)C(=O)O,Outside typical range,"Values for this activity type are unusually large/small, so may not be accurate",CHEMBL1128468,J Med Chem,1995,,CHEMBL299889,,CHEMBL299889,,0,http://www.openphacts.org/units/Nanomolar,167437,=,1,1,=,,IC50,nM,,630957.34,CHEMBL1808,Homo sapiens,Angiotensin-converting enzyme,9606,,,Log 1/IC50,,UO_0000065,,3.2
,,455778,[],CHEMBL858254,Biological activity was measured against Angiotensin I converting enzyme,B,,,BAO_0000190,BAO_0000357,single protein format,CC[C@H](C)[C@H](N)C(=O)N[C@@H](Cc1c[nH]c2ccccc12)C(=O)O,,,CHEMBL1128468,J Med Chem,1995,"{'bei': '17.96', 'le': '0.34', 'lle': '4.05', 'sei': '5.27'}",CHEMBL56923,,CHEMBL56923,5.70,0,http://www.openphacts.org/units/Nanomolar,167442,=,1,1,=,,IC50,nM,,1995.26,CHEMBL1808,Homo sapiens,Angiotensin-converting enzyme,9606,,,Log 1/IC50,,UO_0000065,,5.7
,,455779,[],CHEMBL858254,Biological activity was measured against Angiotensin I converting enzyme,B,,,BAO_0000190,BAO_0000357,single protein format,NC(N)=NCCC[C@H](N)C(=O)N[C@@H](Cc1ccccc1)C(=O)O,Outside typical range,"Values for this activity type are unusually large/small, so may not be accurate",CHEMBL1128468,J Med Chem,1995,,CHEMBL92255,,CHEMBL92255,,0,http://www.openphacts.org/units/Nanomolar,167365,=,1,1,=,,IC50,nM,,229086.77,CHEMBL1808,Homo sapiens,Angiotensin-converting enzyme,9606,,,Log 1/IC50,,UO_0000065,,3.64
,,455780,[],CHEMBL858254,Biological activity was measured against Angiotensin I converting enzyme,B,,,BAO_0000190,BAO_0000357,single protein format,NCC(=O)N[C@@H](Cc1ccc(O)cc1)C(=O)O,Outside typical range,"Values for this activity type are unusually large/small, so may not be accurate",CHEMBL1128468,J Med Chem,1995,,CHEMBL53400,,CHEMBL53400,,0,http://www.openphacts.org/units/Nanomolar,167358,=,1,1,=,,IC50,nM,,208929.61,CHEMBL1808,Homo sapiens,Angiotensin-converting enzyme,9606,,,Log 1/IC50,,UO_0000065,,3.68
,,455794,[],CHEMBL858254,Biological activity was measured against Angiotensin I converting enzyme,B,,,BAO_0000190,BAO_0000357,single protein format,N[C@@H](Cc1c[nH]c2ccccc12)C(=O)NCC(=O)O,Outside typical range,"Values for this activity type are unusually large/small, so may not be accurate",CHEMBL1128468,J Med Chem,1995,,CHEMBL327588,,CHEMBL327588,,0,http://www.openphacts.org/units/Nanomolar,167370,=,1,1,=,,IC50,nM,,5888436.55,CHEMBL1808,Homo sapiens,Angiotensin-converting enzyme,9606,,,Log 1/IC50,,UO_0000065,,2.23
,,456949,[],CHEMBL858254,Biological activity was measured against Angiotensin I converting enzyme,B,,,BAO_0000190,BAO_0000357,single protein format,C[C@H](N)C(=O)N[C@@H](Cc1c[nH]c2ccccc12)C(=O)O,,,CHEMBL1128468,J Med Chem,1995,"{'bei': '18.16', 'le': '0.34', 'lle': '4.37', 'sei': '4.62'}",CHEMBL91792,,CHEMBL91792,5.00,0,http://www.openphacts.org/units/Nanomolar,167366,=,1,1,=,,IC50,nM,,10000.0,CHEMBL1808,Homo sapiens,Angiotensin-converting enzyme,9606,,,Log 1/IC50,,UO_0000065,,5.0
,,456950,[],CHEMBL858254,Biological activity was measured against Angiotensin I converting enzyme,B,,,BAO_0000190,BAO_0000357,single protein format,NCC(=O)N[C@@H](CCCN=C(N)N)C(=O)O,Outside typical range,"Values for this activity type are unusually large/small, so may not be accurate",CHEMBL1128468,J Med Chem,1995,,CHEMBL96806,,CHEMBL96806,,0,http://www.openphacts.org/units/Nanomolar,167428,=,1,1,=,,IC50,nM,,3235936.57,CHEMBL1808,Homo sapiens,Angiotensin-converting enzyme,9606,,,Log 1/IC50,,UO_0000065,,2.49
,,456951,[],CHEMBL858254,Biological activity was measured against Angiotensin I converting enzyme,B,,,BAO_0000190,BAO_0000357,single protein format,C[C@H](NC(=O)[C@@H](N)Cc1ccc(O)cc1)C(=O)O,Outside typical range,"Values for this activity type are unusually large/small, so may not be accurate",CHEMBL1128468,J Med Chem,1995,,CHEMBL316103,,CHEMBL316103,,0,http://www.openphacts.org/units/Nanomolar,167413,=,1,1,=,,IC50,nM,,457088.19,CHEMBL1808,Homo sapiens,Angiotensin-converting enzyme,9606,,,Log 1/IC50,,UO_0000065,,3.34
,,457017,[],CHEMBL858254,Biological activity was measured against Angiotensin I converting enzyme,B,,,BAO_0000190,BAO_0000357,single protein format,CSCC[C@H](N)C(=O)NCC(=O)O,Outside typical range,"Values for this activity type are unusually large/small, so may not be accurate",CHEMBL1128468,J Med Chem,1995,,CHEMBL90972,,CHEMBL90972,,0,http://www.openphacts.org/units/Nanomolar,167371,=,1,1,=,,IC50,nM,,4786300.92,CHEMBL1808,Homo sapiens,Angiotensin-converting enzyme,9606,,,Log 1/IC50,,UO_0000065,,2.32
,,458038,[],CHEMBL644703,Inhibitory concentration (isomer A) against Angiotensin I converting enzyme,B,,,BAO_0000190,BAO_0000357,single protein format,O=C(O)CN1CCC(NC(CCc2ccccc2)C(=O)O)C1=O,,,CHEMBL1123398,J Med Chem,1986,"{'bei': '15.36', 'le': '0.29', 'lle': '4.57', 'sei': '4.60'}",CHEMBL86891,,CHEMBL86891,4.92,0,http://www.openphacts.org/units/Nanomolar,158663,=,1,1,=,,IC50,nM,,12000.0,CHEMBL1808,Homo sapiens,Angiotensin-converting enzyme,9606,,,IC50,M,UO_0000065,,0.000012
,,458039,[],CHEMBL644704,Inhibitory concentration (isomer B) against Angiotensin I converting enzyme,B,,,BAO_0000190,BAO_0000357,single protein format,O=C(O)CN1CCC(NC(CCc2ccccc2)C(=O)O)C1=O,,,CHEMBL1123398,J Med Chem,1986,"{'bei': '14.74', 'le': '0.28', 'lle': '4.37', 'sei': '4.41'}",CHEMBL86891,,CHEMBL86891,4.72,0,http://www.openphacts.org/units/Nanomolar,158663,=,1,1,=,,IC50,nM,,19000.0,CHEMBL1808,Homo sapiens,Angiotensin-converting enzyme,9606,,,IC50,M,UO_0000065,,0.000019
,,458255,[],CHEMBL648286,In vitro inhibition against angiotensin converting enzyme (ACE),B,,,BAO_0000190,BAO_0000357,single protein format,C[C@H](N[C@@H](CCc1ccccc1)C(=O)O)C(=O)N1C[C@@H](NC(=O)C(CS)Cc2ccccc2)C[C@H]1C(=O)O,,,CHEMBL1152063,Bioorg Med Chem Lett,1994,"{'bei': '13.62', 'le': '0.27', 'lle': '5.37', 'sei': '5.42'}",CHEMBL312918,,CHEMBL312918,7.38,0,http://www.openphacts.org/units/Nanomolar,164134,=,1,1,=,,IC50,nM,,42.0,CHEMBL1808,Homo sapiens,Angiotensin-converting enzyme,9606,,,IC50,nM,UO_0000065,,42.0
,,459119,[],CHEMBL644704,Inhibitory concentration (isomer B) against Angiotensin I converting enzyme,B,,,BAO_0000190,BAO_0000357,single protein format,O=C(O)CN1CCCCC[C@@H](N[C@H](CCc2ccccc2)C(=O)O)C1=O,,,CHEMBL1123398,J Med Chem,1986,"{'bei': '19.41', 'le': '0.37', 'lle': '5.52', 'sei': '6.58'}",CHEMBL3350294,,CHEMBL3350294,7.04,0,http://www.openphacts.org/units/Nanomolar,158667,=,1,1,=,,IC50,nM,,92.0,CHEMBL1808,Homo sapiens,Angiotensin-converting enzyme,9606,,,IC50,M,UO_0000065,,9.2E-8
,,459348,[],CHEMBL648285,In vitro inhibition against angiotensin converting enzyme (ACE),B,,,BAO_0000190,BAO_0000224,protein format,CCOC(=O)[C@H](CCc1ccccc1)N[C@@H](C)C(=O)N1CCC[C@H]1C(=O)O,Potential transcription error,"Values appear to be an order of magnitude different from previously reported, so units may be incorrect",CHEMBL1152063,Bioorg Med Chem Lett,1994,,CHEMBL578,ENALAPRIL,CHEMBL578,,1,http://www.openphacts.org/units/Nanomolar,164138,=,1,1,=,,IC50,nM,,1.2,CHEMBL1808,Homo sapiens,Angiotensin-converting enzyme,9606,,,IC50,nM,UO_0000065,,1.2
,,459569,[],CHEMBL858254,Biological activity was measured against Angiotensin I converting enzyme,B,,,BAO_0000190,BAO_0000357,single protein format,C[C@H](N)C(=O)N[C@@H](Cc1ccc(O)cc1)C(=O)O,,,CHEMBL1128468,J Med Chem,1995,"{'bei': '16.09', 'le': '0.31', 'lle': '4.21', 'sei': '3.60'}",CHEMBL94016,,CHEMBL94016,4.06,0,http://www.openphacts.org/units/Nanomolar,167362,=,1,1,=,,IC50,nM,,87096.36,CHEMBL1808,Homo sapiens,Angiotensin-converting enzyme,9606,,,Log 1/IC50,,UO_0000065,,4.06
,,459570,[],CHEMBL858254,Biological activity was measured against Angiotensin I converting enzyme,B,,,BAO_0000190,BAO_0000357,single protein format,CC[C@H](C)[C@H](NC(=O)CN)C(=O)O,Outside typical range,"Values for this activity type are unusually large/small, so may not be accurate",CHEMBL1128468,J Med Chem,1995,,CHEMBL55433,,CHEMBL55433,,0,http://www.openphacts.org/units/Nanomolar,167433,=,1,1,=,,IC50,nM,,1202264.43,CHEMBL1808,Homo sapiens,Angiotensin-converting enzyme,9606,,,Log 1/IC50,,UO_0000065,,2.92
,,460637,[],CHEMBL648286,In vitro inhibition against angiotensin converting enzyme (ACE),B,,,BAO_0000190,BAO_0000357,single protein format,C[C@H](CS)C(=O)N1C[C@@H](NC(=O)C(CS)Cc2ccc(-c3ccccc3)cc2)C[C@H]1C(=O)O,,,CHEMBL1152063,Bioorg Med Chem Lett,1994,"{'bei': '12.65', 'le': '0.25', 'lle': '2.98', 'sei': '7.10'}",CHEMBL89547,,CHEMBL89547,6.16,0,http://www.openphacts.org/units/Nanomolar,164136,=,1,1,=,,IC50,nM,,696.0,CHEMBL1808,Homo sapiens,Angiotensin-converting enzyme,9606,,,IC50,nM,UO_0000065,,696.0
,,460899,[],CHEMBL858254,Biological activity was measured against Angiotensin I converting enzyme,B,,,BAO_0000190,BAO_0000357,single protein format,CC(C)[C@H](N)C(=O)N[C@@H](Cc1c[nH]c2ccccc12)C(=O)O,,,CHEMBL1128468,J Med Chem,1995,"{'bei': '19.12', 'le': '0.36', 'lle': '4.54', 'sei': '5.36'}",CHEMBL91777,VALYLTRYPTOPHAN,CHEMBL91777,5.80,1,http://www.openphacts.org/units/Nanomolar,167443,=,1,1,=,,IC50,nM,,1584.89,CHEMBL1808,Homo sapiens,Angiotensin-converting enzyme,9606,,,Log 1/IC50,,UO_0000065,,5.8
,,460938,[],CHEMBL858254,Biological activity was measured against Angiotensin I converting enzyme,B,,,BAO_0000190,BAO_0000357,single protein format,NC(N)=NCCC[C@H](N)C(=O)N[C@@H](Cc1c[nH]c2ccccc12)C(=O)O,,,CHEMBL1128468,J Med Chem,1995,"{'bei': '13.32', 'le': '0.25', 'lle': '5.14', 'sei': '2.78'}",CHEMBL91160,,CHEMBL91160,4.80,0,http://www.openphacts.org/units/Nanomolar,167383,=,1,1,=,,IC50,nM,,15848.93,CHEMBL1808,Homo sapiens,Angiotensin-converting enzyme,9606,,,Log 1/IC50,,UO_0000065,,4.8
,,461693,[],CHEMBL644703,Inhibitory concentration (isomer A) against Angiotensin I converting enzyme,B,,,BAO_0000190,BAO_0000357,single protein format,O=C(O)CN1CCCCCCC(NC(CCc2ccccc2)C(=O)O)C1=O,,,CHEMBL1123398,J Med Chem,1986,"{'bei': '15.64', 'le': '0.30', 'lle': '3.98', 'sei': '5.50'}",CHEMBL86915,,CHEMBL86915,5.89,0,http://www.openphacts.org/units/Nanomolar,158665,=,1,1,=,,IC50,nM,,1300.0,CHEMBL1808,Homo sapiens,Angiotensin-converting enzyme,9606,,,IC50,M,UO_0000065,,0.0000013
,,461694,[],CHEMBL644704,Inhibitory concentration (isomer B) against Angiotensin I converting enzyme,B,,,BAO_0000190,BAO_0000357,single protein format,O=C(O)CN1CCCCCCC(NC(CCc2ccccc2)C(=O)O)C1=O,,,CHEMBL1123398,J Med Chem,1986,"{'bei': '21.49', 'le': '0.41', 'lle': '6.18', 'sei': '7.57'}",CHEMBL86915,,CHEMBL86915,8.09,0,http://www.openphacts.org/units/Nanomolar,158665,=,1,1,=,,IC50,nM,,8.1,CHEMBL1808,Homo sapiens,Angiotensin-converting enzyme,9606,,,IC50,M,UO_0000065,,8.1E-9
,,462155,[],CHEMBL858254,Biological activity was measured against Angiotensin I converting enzyme,B,,,BAO_0000190,BAO_0000357,single protein format,CC(C)[C@H](N)C(=O)N[C@@H](Cc1ccccc1)C(=O)O,,,CHEMBL1128468,J Med Chem,1995,"{'bei': '16.19', 'le': '0.31', 'lle': '3.50', 'sei': '4.63'}",CHEMBL8486,MDL-28170,CHEMBL8486,4.28,0,http://www.openphacts.org/units/Nanomolar,167363,=,1,1,=,,IC50,nM,,52480.75,CHEMBL1808,Homo sapiens,Angiotensin-converting enzyme,9606,,,Log 1/IC50,,UO_0000065,,4.28
,,462163,[],CHEMBL858254,Biological activity was measured against Angiotensin I converting enzyme,B,,,BAO_0000190,BAO_0000357,single protein format,NCC(=O)N[C@@H](CCC(=O)O)C(=O)O,Outside typical range,"Values for this activity type are unusually large/small, so may not be accurate",CHEMBL1128468,J Med Chem,1995,,CHEMBL314532,,CHEMBL314532,,0,http://www.openphacts.org/units/Nanomolar,167380,=,1,1,=,,IC50,nM,,5370317.96,CHEMBL1808,Homo sapiens,Angiotensin-converting enzyme,9606,,,Log 1/IC50,,UO_0000065,,2.27
,,463137,[],CHEMBL648286,In vitro inhibition against angiotensin converting enzyme (ACE),B,,,BAO_0000190,BAO_0000357,single protein format,C[C@H](CS)C(=O)N1C[C@@H](NC(=O)C(CS)Cc2ccccc2)C[C@H]1C(=O)O,,,CHEMBL1152063,Bioorg Med Chem Lett,1994,"{'bei': '17.20', 'le': '0.36', 'lle': '5.55', 'sei': '8.14'}",CHEMBL328327,,CHEMBL328327,7.06,0,http://www.openphacts.org/units/Nanomolar,164137,=,1,1,=,,IC50,nM,,87.0,CHEMBL1808,Homo sapiens,Angiotensin-converting enzyme,9606,,,IC50,nM,UO_0000065,,87.0
,,463425,[],CHEMBL858254,Biological activity was measured against Angiotensin I converting enzyme,B,,,BAO_0000190,BAO_0000357,single protein format,N=C(N)NCCC[C@H](NC(=O)[C@@H](N)Cc1ccccc1)C(=O)O,Outside typical range,"Values for this activity type are unusually large/small, so may not be accurate",CHEMBL1128468,J Med Chem,1995,,CHEMBL291636,,CHEMBL291636,,0,http://www.openphacts.org/units/Nanomolar,167377,=,1,1,=,,IC50,nM,,912010.84,CHEMBL1808,Homo sapiens,Angiotensin-converting enzyme,9606,,,Log 1/IC50,,UO_0000065,,3.04
,,463426,[],CHEMBL858254,Biological activity was measured against Angiotensin I converting enzyme,B,,,BAO_0000190,BAO_0000357,single protein format,N[C@@H](CC(=O)O)C(=O)NCC(=O)O,Outside typical range,"Values for this activity type are unusually large/small, so may not be accurate",CHEMBL1128468,J Med Chem,1995,,CHEMBL421171,,CHEMBL421171,,0,http://www.openphacts.org/units/Nanomolar,167367,=,1,1,=,,IC50,nM,,14125375.45,CHEMBL1808,Homo sapiens,Angiotensin-converting enzyme,9606,,,Log 1/IC50,,UO_0000065,,1.85
,,464488,[],CHEMBL648285,In vitro inhibition against angiotensin converting enzyme (ACE),B,,,BAO_0000190,BAO_0000224,protein format,C[C@H](CS)C(=O)N1CCC[C@H]1C(=O)O,,,CHEMBL1152063,Bioorg Med Chem Lett,1994,"{'bei': '35.15', 'le': '0.75', 'lle': '7.01', 'sei': '13.26'}",CHEMBL1560,CAPTOPRIL,CHEMBL1560,7.64,1,http://www.openphacts.org/units/Nanomolar,164129,=,1,1,=,,IC50,nM,,23.0,CHEMBL1808,Homo sapiens,Angiotensin-converting enzyme,9606,,,IC50,nM,UO_0000065,,23.0
,,464489,[],CHEMBL648286,In vitro inhibition against angiotensin converting enzyme (ACE),B,,,BAO_0000190,BAO_0000357,single protein format,C[C@H](CS)C(=O)N1C[C@@H](NC(=O)NC(CS)Cc2ccccc2)C[C@H]1C(=O)O,,,CHEMBL1152063,Bioorg Med Chem Lett,1994,"{'bei': '16.05', 'le': '0.33', 'lle': '5.38', 'sei': '6.92'}",CHEMBL330316,,CHEMBL330316,6.83,0,http://www.openphacts.org/units/Nanomolar,164135,=,1,1,=,,IC50,nM,,147.0,CHEMBL1808,Homo sapiens,Angiotensin-converting enzyme,9606,,,IC50,nM,UO_0000065,,147.0
,,464680,[],CHEMBL858254,Biological activity was measured against Angiotensin I converting enzyme,B,,,BAO_0000190,BAO_0000357,single protein format,NCC(=O)N[C@@H](Cc1c[nH]c2ccccc12)C(=O)O,,,CHEMBL1128468,J Med Chem,1995,"{'bei': '17.30', 'le': '0.32', 'lle': '4.28', 'sei': '4.18'}",CHEMBL299759,,CHEMBL299759,4.52,0,http://www.openphacts.org/units/Nanomolar,167364,=,1,1,=,,IC50,nM,,30199.52,CHEMBL1808,Homo sapiens,Angiotensin-converting enzyme,9606,,,Log 1/IC50,,UO_0000065,,4.52
,,464681,[],CHEMBL858254,Biological activity was measured against Angiotensin I converting enzyme,B,,,BAO_0000190,BAO_0000357,single protein format,C[C@H](NC(=O)CN)C(=O)O,Outside typical range,"Values for this activity type are unusually large/small, so may not be accurate",CHEMBL1128468,J Med Chem,1995,,CHEMBL91241,,CHEMBL91241,,0,http://www.openphacts.org/units/Nanomolar,167431,=,1,1,=,,IC50,nM,,1995262.31,CHEMBL1808,Homo sapiens,Angiotensin-converting enzyme,9606,,,Log 1/IC50,,UO_0000065,,2.7
,,464682,[],CHEMBL858254,Biological activity was measured against Angiotensin I converting enzyme,B,,,BAO_0000190,BAO_0000357,single protein format,N[C@@H](Cc1c[nH]cn1)C(=O)NCC(=O)O,Outside typical range,"Values for this activity type are unusually large/small, so may not be accurate",CHEMBL1128468,J Med Chem,1995,,CHEMBL90452,,CHEMBL90452,,0,http://www.openphacts.org/units/Nanomolar,167422,=,1,1,=,,IC50,nM,,6309573.44,CHEMBL1808,Homo sapiens,Angiotensin-converting enzyme,9606,,,Log 1/IC50,,UO_0000065,,2.2
,,464704,[],CHEMBL858254,Biological activity was measured against Angiotensin I converting enzyme,B,,,BAO_0000190,BAO_0000357,single protein format,CC(C)C[C@H](NC(=O)[C@@H](N)Cc1c[nH]cn1)C(=O)O,Outside typical range,"Values for this activity type are unusually large/small, so may not be accurate",CHEMBL1128468,J Med Chem,1995,,CHEMBL90260,,CHEMBL90260,,0,http://www.openphacts.org/units/Nanomolar,167376,=,1,1,=,,IC50,nM,,3235936.57,CHEMBL1808,Homo sapiens,Angiotensin-converting enzyme,9606,,,Log 1/IC50,,UO_0000065,,2.49
,,465564,[],CHEMBL644705,Inhibitory concentration against Angiotensin I converting enzyme,B,,,BAO_0000190,BAO_0000357,single protein format,NC1CCCCN(CC(=O)O)C1=O,Outside typical range,"Values for this activity type are unusually large/small, so may not be accurate",CHEMBL1123398,J Med Chem,1986,,CHEMBL316374,,CHEMBL316374,,0,http://www.openphacts.org/units/Nanomolar,158671,=,1,1,=,,IC50,nM,,480000.0,CHEMBL1808,Homo sapiens,Angiotensin-converting enzyme,9606,,,IC50,M,UO_0000065,,0.00048
,,466031,[],CHEMBL858254,Biological activity was measured against Angiotensin I converting enzyme,B,,,BAO_0000190,BAO_0000357,single protein format,NC(=O)CC[C@H](N)C(=O)NCC(=O)O,Outside typical range,"Values for this activity type are unusually large/small, so may not be accurate",CHEMBL1128468,J Med Chem,1995,,CHEMBL90670,,CHEMBL90670,,0,http://www.openphacts.org/units/Nanomolar,167420,=,1,1,=,,IC50,nM,,7413102.41,CHEMBL1808,Homo sapiens,Angiotensin-converting enzyme,9606,,,Log 1/IC50,,UO_0000065,,2.13
,,466044,[],CHEMBL858254,Biological activity was measured against Angiotensin I converting enzyme,B,,,BAO_0000190,BAO_0000357,single protein format,C[C@H](NC(=O)[C@@H](N)CCCN=C(N)N)C(=O)O,Outside typical range,"Values for this activity type are unusually large/small, so may not be accurate",CHEMBL1128468,J Med Chem,1995,,CHEMBL328471,,CHEMBL328471,,0,http://www.openphacts.org/units/Nanomolar,167378,=,1,1,=,,IC50,nM,,457088.19,CHEMBL1808,Homo sapiens,Angiotensin-converting enzyme,9606,,,Log 1/IC50,,UO_0000065,,3.34
,,467358,[],CHEMBL858254,Biological activity was measured against Angiotensin I converting enzyme,B,,,BAO_0000190,BAO_0000357,single protein format,CC(C)C[C@H](N)C(=O)NCC(=O)O,Outside typical range,"Values for this activity type are unusually large/small, so may not be accurate",CHEMBL1128468,J Med Chem,1995,,CHEMBL55711,,CHEMBL55711,,0,http://www.openphacts.org/units/Nanomolar,167368,=,1,1,=,,IC50,nM,,8709635.9,CHEMBL1808,Homo sapiens,Angiotensin-converting enzyme,9606,,,Log 1/IC50,,UO_0000065,,2.06
,,468735,[],CHEMBL858254,Biological activity was measured against Angiotensin I converting enzyme,B,,,BAO_0000190,BAO_0000357,single protein format,N[C@@H](CCC(=O)O)C(=O)NCC(=O)O,Outside typical range,"Values for this activity type are unusually large/small, so may not be accurate",CHEMBL1128468,J Med Chem,1995,,CHEMBL421361,,CHEMBL421361,,0,http://www.openphacts.org/units/Nanomolar,167417,=,1,1,=,,IC50,nM,,10000000.0,CHEMBL1808,Homo sapiens,Angiotensin-converting enzyme,9606,,,Log 1/IC50,,UO_0000065,,2.0
,,470167,[],CHEMBL858254,Biological activity was measured against Angiotensin I converting enzyme,B,,,BAO_0000190,BAO_0000357,single protein format,NC(N)=NCCC[C@H](N)C(=O)N1CCC[C@@H]1C(=O)O,Outside typical range,"Values for this activity type are unusually large/small, so may not be accurate",CHEMBL1128468,J Med Chem,1995,,CHEMBL90575,,CHEMBL90575,,0,http://www.openphacts.org/units/Nanomolar,167360,=,1,1,=,,IC50,nM,,181970.09,CHEMBL1808,Homo sapiens,Angiotensin-converting enzyme,9606,,,Log 1/IC50,,UO_0000065,,3.74
,,470168,[],CHEMBL858254,Biological activity was measured against Angiotensin I converting enzyme,B,,,BAO_0000190,BAO_0000357,single protein format,CC(C)[C@H](N)C(=O)NCC(=O)O,Outside typical range,"Values for this activity type are unusually large/small, so may not be accurate",CHEMBL1128468,J Med Chem,1995,,CHEMBL301546,VAL-GLY,CHEMBL301546,,0,http://www.openphacts.org/units/Nanomolar,167435,=,1,1,=,,IC50,nM,,1096478.2,CHEMBL1808,Homo sapiens,Angiotensin-converting enzyme,9606,,,Log 1/IC50,,UO_0000065,,2.96
,,470169,[],CHEMBL858254,Biological activity was measured against Angiotensin I converting enzyme,B,,,BAO_0000190,BAO_0000357,single protein format,CC[C@H](C)[C@H](N)C(=O)NCC(=O)O,Outside typical range,"Values for this activity type are unusually large/small, so may not be accurate",CHEMBL1128468,J Med Chem,1995,,CHEMBL301979,,CHEMBL301979,,0,http://www.openphacts.org/units/Nanomolar,167434,=,1,1,=,,IC50,nM,,1202264.43,CHEMBL1808,Homo sapiens,Angiotensin-converting enzyme,9606,,,Log 1/IC50,,UO_0000065,,2.92
,,470170,[],CHEMBL858254,Biological activity was measured against Angiotensin I converting enzyme,B,,,BAO_0000190,BAO_0000357,single protein format,NCC(=O)N[C@@H](CO)C(=O)O,Outside typical range,"Values for this activity type are unusually large/small, so may not be accurate",CHEMBL1128468,J Med Chem,1995,,CHEMBL90973,,CHEMBL90973,,0,http://www.openphacts.org/units/Nanomolar,167426,=,1,1,=,,IC50,nM,,3801893.96,CHEMBL1808,Homo sapiens,Angiotensin-converting enzyme,9606,,,Log 1/IC50,,UO_0000065,,2.42
,,471546,[],CHEMBL858254,Biological activity was measured against Angiotensin I converting enzyme,B,,,BAO_0000190,BAO_0000357,single protein format,O=C(O)CNC(=O)[C@@H]1CCCN1,Outside typical range,"Values for this activity type are unusually large/small, so may not be accurate",CHEMBL1128468,J Med Chem,1995,,CHEMBL59426,,CHEMBL59426,,0,http://www.openphacts.org/units/Nanomolar,167416,=,1,1,=,,IC50,nM,,16982436.52,CHEMBL1808,Homo sapiens,Angiotensin-converting enzyme,9606,,,Log 1/IC50,,UO_0000065,,1.77
,,472509,[],CHEMBL644705,Inhibitory concentration against Angiotensin I converting enzyme,B,,,BAO_0000190,BAO_0000357,single protein format,C[C@H](N[C@@H](CCc1ccccc1)C(=O)O)C(=O)N1CCC[C@H]1C(=O)O,,,CHEMBL1123398,J Med Chem,1986,"{'bei': '25.61', 'le': '0.49', 'lle': '7.79', 'sei': '8.34'}",CHEMBL577,ENALAPRILAT ANHYDROUS,CHEMBL577,8.92,1,http://www.openphacts.org/units/Nanomolar,158673,=,1,1,=,,IC50,nM,,1.2,CHEMBL1808,Homo sapiens,Angiotensin-converting enzyme,9606,,,IC50,M,UO_0000065,,1.2E-9
,,481878,[],CHEMBL648683,In vitro inhibition of Angiotensin I converting enzyme in Hog plasma,B,,,BAO_0000190,BAO_0000366,cell-free format,CCOC(=O)[C@H](CCc1ccccc1)N[C@@H](C)C(=O)N1CCC[C@H]1C(=O)O,,,CHEMBL1124790,J Med Chem,1990,"{'bei': '15.73', 'le': '0.30', 'lle': '4.32', 'sei': '6.17'}",CHEMBL578,ENALAPRIL,CHEMBL578,5.92,0,http://www.openphacts.org/units/Nanomolar,67986,=,1,1,=,,IC50,nM,,1200.0,CHEMBL1808,Homo sapiens,Angiotensin-converting enzyme,9606,,,IC50,uM,UO_0000065,,1.2
,,503632,[],CHEMBL644577,Compound was evaluated for inhibition of porcine plasma Angiotensin I converting enzyme by using fluorometric assay,B,,,BAO_0000190,BAO_0000357,single protein format,C[C@H](CS)C(=O)N1CCC[C@H]1C(=O)O,,,CHEMBL1122914,J Med Chem,1985,"{'bei': '30.02', 'le': '0.64', 'lle': '5.89', 'sei': '11.32'}",CHEMBL1560,CAPTOPRIL,CHEMBL1560,6.52,1,http://www.openphacts.org/units/Nanomolar,7193,=,1,1,=,,IC50,nM,,300.0,CHEMBL1808,Homo sapiens,Angiotensin-converting enzyme,9606,,,I 50,nM,UO_0000065,,300.0
,,504740,[],CHEMBL644577,Compound was evaluated for inhibition of porcine plasma Angiotensin I converting enzyme by using fluorometric assay,B,,,BAO_0000190,BAO_0000357,single protein format,NCCCCC(NC(=O)C1CCC1)C(=O)NC(Cc1ccccc1)C(=O)CCC(=O)N1CCCC1C(=O)O.O=C(O)C(F)(F)F,,,CHEMBL1122914,J Med Chem,1985,"{'bei': '15.43', 'le': '0.29', 'lle': '6.60', 'sei': '5.13'}",CHEMBL274550,,CHEMBL357534,8.15,0,http://www.openphacts.org/units/Nanomolar,7192,=,1,1,=,,IC50,nM,,7.0,CHEMBL1808,Homo sapiens,Angiotensin-converting enzyme,9606,,,I 50,nM,UO_0000065,,7.0
,,504786,[],CHEMBL644577,Compound was evaluated for inhibition of porcine plasma Angiotensin I converting enzyme by using fluorometric assay,B,,,BAO_0000190,BAO_0000357,single protein format,CC(CC(=O)C(Cc1ccccc1)NC(=O)C(CCCCN)NC(=O)C1CCC1)C(=O)N1CCCC1C(=O)O.O=C(O)C(F)(F)F,,,CHEMBL1122914,J Med Chem,1985,"{'bei': '15.71', 'le': '0.30', 'lle': '6.72', 'sei': '5.36'}",CHEMBL10521,,CHEMBL1177996,8.52,0,http://www.openphacts.org/units/Nanomolar,7189,=,1,1,=,,IC50,nM,,3.0,CHEMBL1808,Homo sapiens,Angiotensin-converting enzyme,9606,,,I 50,nM,UO_0000065,,3.0
,,508522,[],CHEMBL644577,Compound was evaluated for inhibition of porcine plasma Angiotensin I converting enzyme by using fluorometric assay,B,,,BAO_0000190,BAO_0000357,single protein format,O=C(N[C@@H](Cc1ccccc1)C(=O)CCC(=O)N1CCC[C@H]1C(=O)O)c1ccccc1,,,CHEMBL1122914,J Med Chem,1985,"{'bei': '16.94', 'le': '0.32', 'lle': '4.70', 'sei': '6.89'}",CHEMBL435360,,CHEMBL435360,7.16,1,http://www.openphacts.org/units/Nanomolar,7194,=,1,1,=,,IC50,nM,,70.0,CHEMBL1808,Homo sapiens,Angiotensin-converting enzyme,9606,,,I 50,nM,UO_0000065,,70.0
,,509302,[],CHEMBL648683,In vitro inhibition of Angiotensin I converting enzyme in Hog plasma,B,,,BAO_0000190,BAO_0000366,cell-free format,C[C@H](N[C@@H](CCc1ccccc1)C(=O)O)C(=O)N1CCC[C@H]1C(=O)O,,,CHEMBL1124790,J Med Chem,1990,"{'bei': '25.61', 'le': '0.49', 'lle': '7.79', 'sei': '8.34'}",CHEMBL577,ENALAPRILAT ANHYDROUS,CHEMBL577,8.92,1,http://www.openphacts.org/units/Nanomolar,67985,=,1,1,=,,IC50,nM,,1.2,CHEMBL1808,Homo sapiens,Angiotensin-converting enzyme,9606,,,IC50,uM,UO_0000065,,0.0012
,,510485,[],CHEMBL648683,In vitro inhibition of Angiotensin I converting enzyme in Hog plasma,B,,,BAO_0000190,BAO_0000366,cell-free format,C[C@H](CS)C(=O)N1CCC[C@H]1C(=O)O,,,CHEMBL1124790,J Med Chem,1990,"{'bei': '34.99', 'le': '0.74', 'lle': '6.97', 'sei': '13.20'}",CHEMBL1560,CAPTOPRIL,CHEMBL1560,7.60,0,http://www.openphacts.org/units/Nanomolar,67987,=,1,1,=,,IC50,nM,,25.0,CHEMBL1808,Homo sapiens,Angiotensin-converting enzyme,9606,,,IC50,uM,UO_0000065,,0.025
,,513126,[],CHEMBL646945,Inhibition of angiotensin I converting enzyme in silico,B,,,BAO_0000190,BAO_0000357,single protein format,CC(C)CCC(NC(C)C(=O)N1CCCC1C(=O)O)C(=O)O,,,CHEMBL1130169,J Med Chem,1997,"{'bei': '25.77', 'le': '0.50', 'lle': '7.17', 'sei': '7.57'}",CHEMBL108606,,CHEMBL108606,8.10,0,http://www.openphacts.org/units/Nanomolar,202273,=,1,1,=,,IC50,nM,,7.943,CHEMBL1808,Homo sapiens,Angiotensin-converting enzyme,9606,,,-Log IC50,,UO_0000065,,8.1
,,516999,[],CHEMBL646945,Inhibition of angiotensin I converting enzyme in silico,B,,,BAO_0000190,BAO_0000357,single protein format,CC(NC(CCC(=O)Nc1ccc(I)cc1)C(=O)O)C(=O)N1CCCC1C(=O)O,,,CHEMBL1130169,J Med Chem,1997,"{'bei': '17.59', 'le': '0.43', 'lle': '7.58', 'sei': '6.69'}",CHEMBL110925,,CHEMBL110925,9.10,0,http://www.openphacts.org/units/Nanomolar,202266,=,1,1,=,,IC50,nM,,0.7943,CHEMBL1808,Homo sapiens,Angiotensin-converting enzyme,9606,,,-Log IC50,,UO_0000065,,9.1
,,519624,[],CHEMBL646945,Inhibition of angiotensin I converting enzyme in silico,B,,,BAO_0000190,BAO_0000357,single protein format,CC(NC(=O)C1CCCCC1S)C(=O)N1CCCC1C(=O)O,,,CHEMBL1130169,J Med Chem,1997,"{'bei': '24.36', 'le': '0.50', 'lle': '6.94', 'sei': '9.23'}",CHEMBL107700,,CHEMBL107700,8.00,0,http://www.openphacts.org/units/Nanomolar,202268,=,1,1,=,,IC50,nM,,10.0,CHEMBL1808,Homo sapiens,Angiotensin-converting enzyme,9606,,,-Log IC50,,UO_0000065,,8.0
,,520869,[],CHEMBL646945,Inhibition of angiotensin I converting enzyme in silico,B,,,BAO_0000190,BAO_0000357,single protein format,CC1(CS)C(=O)N2CCCC(C(=O)O)N2C1=O,,,CHEMBL1130169,J Med Chem,1997,"{'bei': '21.29', 'le': '0.44', 'lle': '5.74', 'sei': '7.06'}",CHEMBL105790,,CHEMBL105790,5.50,0,http://www.openphacts.org/units/Nanomolar,202261,=,1,1,=,,IC50,nM,,3162.28,CHEMBL1808,Homo sapiens,Angiotensin-converting enzyme,9606,,,-Log IC50,,UO_0000065,,5.5
,,522179,[],CHEMBL646945,Inhibition of angiotensin I converting enzyme in silico,B,,,BAO_0000190,BAO_0000357,single protein format,O=C(O)C1CCCN1C(=O)C1CCCC1S,,,CHEMBL1130169,J Med Chem,1997,"{'bei': '28.36', 'le': '0.59', 'lle': '5.74', 'sei': '11.98'}",CHEMBL321012,,CHEMBL321012,6.90,0,http://www.openphacts.org/units/Nanomolar,202272,=,1,1,=,,IC50,nM,,125.89,CHEMBL1808,Homo sapiens,Angiotensin-converting enzyme,9606,,,-Log IC50,,UO_0000065,,6.9
,,526041,[],CHEMBL646945,Inhibition of angiotensin I converting enzyme in silico,B,,,BAO_0000190,BAO_0000357,single protein format,O=C(O)CN1C(=O)C(NC(CCc2ccccc2)C(=O)O)CCc2ccccc21,,,CHEMBL1130169,J Med Chem,1997,"{'bei': '20.18', 'le': '0.38', 'lle': '5.91', 'sei': '7.48'}",CHEMBL80906,,CHEMBL80906,8.00,0,http://www.openphacts.org/units/Nanomolar,202281,=,1,1,=,,IC50,nM,,10.0,CHEMBL1808,Homo sapiens,Angiotensin-converting enzyme,9606,,,-Log IC50,,UO_0000065,,8.0
,,526042,[],CHEMBL646945,Inhibition of angiotensin I converting enzyme in silico,B,,,BAO_0000190,BAO_0000357,single protein format,NCCCCC(NC(CCc1ccccc1)C(=O)O)C(=O)N1CCCC1C(=O)O,,,CHEMBL1130169,J Med Chem,1997,"{'bei': '20.72', 'le': '0.40', 'lle': '7.16', 'sei': '6.32'}",CHEMBL105890,,CHEMBL105890,8.40,0,http://www.openphacts.org/units/Nanomolar,202269,=,1,1,=,,IC50,nM,,3.981,CHEMBL1808,Homo sapiens,Angiotensin-converting enzyme,9606,,,-Log IC50,,UO_0000065,,8.4
,,527391,[],CHEMBL646945,Inhibition of angiotensin I converting enzyme in silico,B,,,BAO_0000190,BAO_0000357,single protein format,O=C(O)CNC(=O)C(CS)Cc1ccccc1,,,CHEMBL1130169,J Med Chem,1997,"{'bei': '25.66', 'le': '0.52', 'lle': '5.52', 'sei': '9.79'}",CHEMBL10247,THIORPHAN,CHEMBL10247,6.50,0,http://www.openphacts.org/units/Nanomolar,202274,=,1,1,=,,IC50,nM,,316.23,CHEMBL1808,Homo sapiens,Angiotensin-converting enzyme,9606,,,-Log IC50,,UO_0000065,,6.5
,,527392,[],CHEMBL646945,Inhibition of angiotensin I converting enzyme in silico,B,,,BAO_0000190,BAO_0000357,single protein format,CC(OP(=O)(O)C(CCc1ccccc1)NC(=O)c1ccccc1)C(=O)N1CCCC1C(=O)O,,,CHEMBL1130169,J Med Chem,1997,"{'bei': '15.15', 'le': '0.30', 'lle': '4.36', 'sei': '5.55'}",CHEMBL109178,,CHEMBL109178,7.40,0,http://www.openphacts.org/units/Nanomolar,202278,=,1,1,=,,IC50,nM,,39.81,CHEMBL1808,Homo sapiens,Angiotensin-converting enzyme,9606,,,-Log IC50,,UO_0000065,,7.4
,,528716,[],CHEMBL646945,Inhibition of angiotensin I converting enzyme in silico,B,,,BAO_0000190,BAO_0000357,single protein format,C[C@H](N[C@@H](CCc1ccccc1)C(=O)O)C(=O)N1CCC[C@H]1C(=O)O,,,CHEMBL1130169,J Med Chem,1997,"{'bei': '24.11', 'le': '0.46', 'lle': '7.27', 'sei': '7.85'}",CHEMBL577,ENALAPRILAT ANHYDROUS,CHEMBL577,8.40,0,http://www.openphacts.org/units/Nanomolar,202284,=,1,1,=,,IC50,nM,,3.981,CHEMBL1808,Homo sapiens,Angiotensin-converting enzyme,9606,,,-Log IC50,,UO_0000065,,8.4
,,530182,[],CHEMBL646945,Inhibition of angiotensin I converting enzyme in silico,B,,,BAO_0000190,BAO_0000357,single protein format,O=C(O)CCc1cc(O)c2n(c1=O)C(C(=O)O)CC2,,,CHEMBL1130169,J Med Chem,1997,"{'bei': '28.06', 'le': '0.54', 'lle': '7.36', 'sei': '6.42'}",CHEMBL107635,,CHEMBL107635,7.50,0,http://www.openphacts.org/units/Nanomolar,202258,=,1,1,=,,IC50,nM,,31.62,CHEMBL1808,Homo sapiens,Angiotensin-converting enzyme,9606,,,-Log IC50,,UO_0000065,,7.5
,,530183,[],CHEMBL646945,Inhibition of angiotensin I converting enzyme in silico,B,,,BAO_0000190,BAO_0000357,single protein format,O=C(NC(Cc1ccccc1)C(=O)CCC(=O)N1CCCC1C(=O)O)c1ccccc1,,,CHEMBL1130169,J Med Chem,1997,"{'bei': '18.94', 'le': '0.35', 'lle': '5.55', 'sei': '7.71'}",CHEMBL10465,,CHEMBL10465,8.00,0,http://www.openphacts.org/units/Nanomolar,202288,=,1,1,=,,IC50,nM,,10.0,CHEMBL1808,Homo sapiens,Angiotensin-converting enzyme,9606,,,-Log IC50,,UO_0000065,,8.0
,,530184,[],CHEMBL646945,Inhibition of angiotensin I converting enzyme in silico,B,,,BAO_0000190,BAO_0000357,single protein format,CC(NP(=O)(O)CCc1ccccc1)C(=O)N1CCCC1C(=O)O,,,CHEMBL1130169,J Med Chem,1997,"{'bei': '21.45', 'le': '0.43', 'lle': '6.13', 'sei': '7.11'}",CHEMBL62955,,CHEMBL62955,7.60,0,http://www.openphacts.org/units/Nanomolar,202286,=,1,1,=,,IC50,nM,,25.12,CHEMBL1808,Homo sapiens,Angiotensin-converting enzyme,9606,,,-Log IC50,,UO_0000065,,7.6
,,531517,[],CHEMBL646945,Inhibition of angiotensin I converting enzyme in silico,B,,,BAO_0000190,BAO_0000357,single protein format,CC(NC(CCc1cccc2ccccc12)C(=O)O)C(=O)N1CCCC1C(=O)O,,,CHEMBL1130169,J Med Chem,1997,"{'bei': '21.33', 'le': '0.40', 'lle': '6.22', 'sei': '7.95'}",CHEMBL105971,,CHEMBL105971,8.50,0,http://www.openphacts.org/units/Nanomolar,202267,=,1,1,=,,IC50,nM,,3.162,CHEMBL1808,Homo sapiens,Angiotensin-converting enzyme,9606,,,-Log IC50,,UO_0000065,,8.5
,,534176,[],CHEMBL646945,Inhibition of angiotensin I converting enzyme in silico,B,,,BAO_0000190,BAO_0000357,single protein format,CC(C)CC(NP(=O)(O)OC1OC(C)C(O)C(O)C1O)C(=O)NC(Cc1c[nH]c2ccccc12)C(=O)O,,,CHEMBL1130169,J Med Chem,1997,"{'bei': '15.27', 'le': '0.31', 'lle': '8.07', 'sei': '3.94'}",CHEMBL41289,,CHEMBL41289,8.30,0,http://www.openphacts.org/units/Nanomolar,202277,=,1,1,=,,IC50,nM,,5.012,CHEMBL1808,Homo sapiens,Angiotensin-converting enzyme,9606,,,-Log IC50,,UO_0000065,,8.3
,,535532,[],CHEMBL646945,Inhibition of angiotensin I converting enzyme in silico,B,,,BAO_0000190,BAO_0000357,single protein format,O=C(O)C1CCCN2C(=O)CC(CS)C(=O)N12,,,CHEMBL1130169,J Med Chem,1997,"{'bei': '26.71', 'le': '0.55', 'lle': '7.14', 'sei': '8.86'}",CHEMBL325544,,CHEMBL325544,6.90,0,http://www.openphacts.org/units/Nanomolar,202262,=,1,1,=,,IC50,nM,,125.89,CHEMBL1808,Homo sapiens,Angiotensin-converting enzyme,9606,,,-Log IC50,,UO_0000065,,6.9
,,535533,[],CHEMBL646945,Inhibition of angiotensin I converting enzyme in silico,B,,,BAO_0000190,BAO_0000357,single protein format,CC(NP(=O)(O)O)C(=O)C1CCCC1C(=O)O,,,CHEMBL1130169,J Med Chem,1997,"{'bei': '31.30', 'le': '0.67', 'lle': '8.17', 'sei': '6.70'}",CHEMBL110870,,CHEMBL110870,8.30,0,http://www.openphacts.org/units/Nanomolar,202257,=,1,1,=,,IC50,nM,,5.012,CHEMBL1808,Homo sapiens,Angiotensin-converting enzyme,9606,,,-Log IC50,,UO_0000065,,8.3
,,538248,[],CHEMBL646945,Inhibition of angiotensin I converting enzyme in silico,B,,,BAO_0000190,BAO_0000357,single protein format,O=C(O)C1CC2(CN1C(=O)CP(=O)(O)CCCCc1ccccc1)SCCS2,,,CHEMBL1130169,J Med Chem,1997,"{'bei': '17.81', 'le': '0.39', 'lle': '4.76', 'sei': '8.32'}",CHEMBL108988,,CHEMBL108988,7.90,0,http://www.openphacts.org/units/Nanomolar,202279,=,1,1,=,,IC50,nM,,12.59,CHEMBL1808,Homo sapiens,Angiotensin-converting enzyme,9606,,,-Log IC50,,UO_0000065,,7.9
,,539425,[],CHEMBL646945,Inhibition of angiotensin I converting enzyme in silico,B,,,BAO_0000190,BAO_0000357,single protein format,CC(CS)C(=O)N1C(=O)CCC1C(=O)O,,,CHEMBL1130169,J Med Chem,1997,"{'bei': '32.43', 'le': '0.68', 'lle': '7.35', 'sei': '10.04'}",CHEMBL110375,,CHEMBL110375,7.50,0,http://www.openphacts.org/units/Nanomolar,202283,=,1,1,=,,IC50,nM,,31.62,CHEMBL1808,Homo sapiens,Angiotensin-converting enzyme,9606,,,-Log IC50,,UO_0000065,,7.5
,,543398,[],CHEMBL646945,Inhibition of angiotensin I converting enzyme in silico,B,,,BAO_0000190,BAO_0000357,single protein format,CC1CCCC(NC(CCc2ccccc2)C(=O)O)C(=O)N1CC(=O)O,,,CHEMBL1130169,J Med Chem,1997,"{'bei': '22.07', 'le': '0.42', 'lle': '6.48', 'sei': '7.48'}",CHEMBL110439,,CHEMBL110439,8.00,0,http://www.openphacts.org/units/Nanomolar,202280,=,1,1,=,,IC50,nM,,10.0,CHEMBL1808,Homo sapiens,Angiotensin-converting enzyme,9606,,,-Log IC50,,UO_0000065,,8.0
,,543399,[],CHEMBL646945,Inhibition of angiotensin I converting enzyme in silico,B,,,BAO_0000190,BAO_0000357,single protein format,O=C(O)CC(=O)NC(CS)Cc1ccccc1,Outside typical range,"Values for this activity type are unusually large/small, so may not be accurate",CHEMBL1130169,J Med Chem,1997,,CHEMBL38405,,CHEMBL38405,,0,http://www.openphacts.org/units/Nanomolar,202276,=,1,1,=,,IC50,nM,,1000000000.0,CHEMBL1808,Homo sapiens,Angiotensin-converting enzyme,9606,,,-Log IC50,,UO_0000065,,0.0
,,543400,[],CHEMBL646945,Inhibition of angiotensin I converting enzyme in silico,B,,,BAO_0000190,BAO_0000357,single protein format,O=C(O)C1CCC(=O)N1CCCS,Outside typical range,"Values for this activity type are unusually large/small, so may not be accurate",CHEMBL1130169,J Med Chem,1997,,CHEMBL323051,,CHEMBL323051,,0,http://www.openphacts.org/units/Nanomolar,202275,=,1,1,=,,IC50,nM,,1000000000.0,CHEMBL1808,Homo sapiens,Angiotensin-converting enzyme,9606,,,-Log IC50,,UO_0000065,,0.0
,,547371,[],CHEMBL646945,Inhibition of angiotensin I converting enzyme in silico,B,,,BAO_0000190,BAO_0000357,single protein format,C[C@H](CS)C(=O)N1CCC[C@H]1C(=O)O,,,CHEMBL1130169,J Med Chem,1997,"{'bei': '32.68', 'le': '0.69', 'lle': '6.47', 'sei': '12.32'}",CHEMBL1560,CAPTOPRIL,CHEMBL1560,7.10,0,http://www.openphacts.org/units/Nanomolar,202285,=,1,1,=,,IC50,nM,,79.43,CHEMBL1808,Homo sapiens,Angiotensin-converting enzyme,9606,,,-Log IC50,,UO_0000065,,7.1
,,548622,[],CHEMBL646945,Inhibition of angiotensin I converting enzyme in silico,B,,,BAO_0000190,BAO_0000357,single protein format,O=C(O)C(CCc1ccccc1)NC1CCCC2SCC(C(=O)O)N2C1=O,,,CHEMBL1130169,J Med Chem,1997,"{'bei': '22.17', 'le': '0.44', 'lle': '7.13', 'sei': '8.14'}",CHEMBL322266,,CHEMBL322266,8.70,0,http://www.openphacts.org/units/Nanomolar,202282,=,1,1,=,,IC50,nM,,1.995,CHEMBL1808,Homo sapiens,Angiotensin-converting enzyme,9606,,,-Log IC50,,UO_0000065,,8.7
,,549590,[],CHEMBL646945,Inhibition of angiotensin I converting enzyme in silico,B,,,BAO_0000190,BAO_0000357,single protein format,O=C(O)C1CCCN1C(=O)C1CCC1S,,,CHEMBL1130169,J Med Chem,1997,"{'bei': '29.66', 'le': '0.62', 'lle': '6.03', 'sei': '11.80'}",CHEMBL106193,,CHEMBL106193,6.80,0,http://www.openphacts.org/units/Nanomolar,202271,=,1,1,=,,IC50,nM,,158.49,CHEMBL1808,Homo sapiens,Angiotensin-converting enzyme,9606,,,-Log IC50,,UO_0000065,,6.8
,,549591,[],CHEMBL646945,Inhibition of angiotensin I converting enzyme in silico,B,,,BAO_0000190,BAO_0000357,single protein format,O=C(SC1CCCC1C(=O)N1CCCC1C(=O)O)c1ccccc1,,,CHEMBL1130169,J Med Chem,1997,"{'bei': '20.72', 'le': '0.41', 'lle': '4.40', 'sei': '9.64'}",CHEMBL111578,,CHEMBL111578,7.20,0,http://www.openphacts.org/units/Nanomolar,202270,=,1,1,=,,IC50,nM,,63.1,CHEMBL1808,Homo sapiens,Angiotensin-converting enzyme,9606,,,-Log IC50,,UO_0000065,,7.2
,,550793,[],CHEMBL646945,Inhibition of angiotensin I converting enzyme in silico,B,,,BAO_0000190,BAO_0000357,single protein format,O=C(O)Cn1c(=O)n2n(c1=O)C(C(=O)O)C=CC2,,,CHEMBL1130169,J Med Chem,1997,"{'bei': '33.31', 'le': '0.64', 'lle': '10.41', 'sei': '6.88'}",CHEMBL326902,,CHEMBL326902,8.50,0,http://www.openphacts.org/units/Nanomolar,202287,=,1,1,=,,IC50,nM,,3.162,CHEMBL1808,Homo sapiens,Angiotensin-converting enzyme,9606,,,-Log IC50,,UO_0000065,,8.5
,,553289,[],CHEMBL646945,Inhibition of angiotensin I converting enzyme in silico,B,,,BAO_0000190,BAO_0000357,single protein format,O=C(O)C1C=CCn2c(=O)n(CS)c(=O)n21,,,CHEMBL1130169,J Med Chem,1997,"{'bei': '23.02', 'le': '0.48', 'lle': '6.71', 'sei': '6.49'}",CHEMBL322291,,CHEMBL322291,5.60,0,http://www.openphacts.org/units/Nanomolar,202263,=,1,1,=,,IC50,nM,,2511.89,CHEMBL1808,Homo sapiens,Angiotensin-converting enzyme,9606,,,-Log IC50,,UO_0000065,,5.6
,,553290,[],CHEMBL646945,Inhibition of angiotensin I converting enzyme in silico,B,,,BAO_0000190,BAO_0000357,single protein format,CC(CS)C(=O)N1c2ccccc2CC1C(=O)O,,,CHEMBL1130169,J Med Chem,1997,"{'bei': '29.77', 'le': '0.60', 'lle': '6.31', 'sei': '13.71'}",CHEMBL23849,,CHEMBL23849,7.90,0,http://www.openphacts.org/units/Nanomolar,202260,=,1,1,=,,IC50,nM,,12.59,CHEMBL1808,Homo sapiens,Angiotensin-converting enzyme,9606,,,-Log IC50,,UO_0000065,,7.9
,,553291,[],CHEMBL646945,Inhibition of angiotensin I converting enzyme in silico,B,,,BAO_0000190,BAO_0000357,single protein format,O=C(O)C1CSC(c2ccccc2O)N1C(=O)CCS,,,CHEMBL1130169,J Med Chem,1997,"{'bei': '24.57', 'le': '0.53', 'lle': '5.96', 'sei': '9.89'}",CHEMBL110444,,CHEMBL110444,7.70,0,http://www.openphacts.org/units/Nanomolar,202259,=,1,1,=,,IC50,nM,,19.95,CHEMBL1808,Homo sapiens,Angiotensin-converting enzyme,9606,,,-Log IC50,,UO_0000065,,7.7
,,553805,[],CHEMBL646967,Inhibitory concentration was evaluated by inhibiting 50% of Angiotensin I Converting Enzyme activity using 50 uM N-Cbz-Phe-His-Leu as substrate,B,,,BAO_0000190,BAO_0000357,single protein format,CC(C)C(C(=O)NC(Cc1ccc(O)cc1)C(=O)O)C(S)CCc1ccccc1,,,CHEMBL1126948,J Med Chem,1993,"{'bei': '12.87', 'le': '0.25', 'lle': '1.64', 'sei': '6.17'}",CHEMBL172787,,CHEMBL172787,5.35,0,http://www.openphacts.org/units/Nanomolar,342926,=,1,1,=,,IC50,nM,,4500.0,CHEMBL1808,Homo sapiens,Angiotensin-converting enzyme,9606,,,IC50,uM,UO_0000065,,4.5
,Not Determined,554671,[],CHEMBL644701,In vitro inhibitory activity against Angiotensin I converting enzyme,B,,,BAO_0000190,BAO_0000357,single protein format,CCOC(=O)[C@H](CSCc1ccccc1)N[C@H]1CCc2ccccc2N(CC(=O)O)C1=O,,,CHEMBL1122836,J Med Chem,1985,,CHEMBL40963,,CHEMBL40963,,0,http://www.openphacts.org/units/Nanomolar,67266,,1,0,,,IC50,nM,,,CHEMBL1808,Homo sapiens,Angiotensin-converting enzyme,9606,,,IC50,nM,UO_0000065,,
,,555030,[],CHEMBL646967,Inhibitory concentration was evaluated by inhibiting 50% of Angiotensin I Converting Enzyme activity using 50 uM N-Cbz-Phe-His-Leu as substrate,B,,,BAO_0000190,BAO_0000357,single protein format,CC(C)C[C@@H](S)[C@H](Cc1ccccc1)C(=O)N[C@@H](C)C(=O)O,,,CHEMBL1126948,J Med Chem,1993,"{'bei': '16.39', 'le': '0.33', 'lle': '2.52', 'sei': '7.98'}",CHEMBL174237,,CHEMBL174237,5.30,0,http://www.openphacts.org/units/Nanomolar,342925,=,1,1,=,,IC50,nM,,5000.0,CHEMBL1808,Homo sapiens,Angiotensin-converting enzyme,9606,,,IC50,uM,UO_0000065,,5.0
,,556121,[],CHEMBL648692,Inhibitory concentration was evaluated by Inhibiting 50% of Angiotensin I converting enzyme activity using 50 uM N-Cbz-Phe-His-Leu as substrate,B,,,BAO_0000190,BAO_0000357,single protein format,CCCCC(NC(=O)C(Cc1ccccc1)C(C)S)C(=O)NC(Cc1ccc(O)cc1)C(=O)O,,,CHEMBL1126948,J Med Chem,1993,"{'bei': '10.72', 'le': '0.21', 'lle': '1.85', 'sei': '4.51'}",CHEMBL174066,,CHEMBL174066,5.21,0,http://www.openphacts.org/units/Nanomolar,342939,=,1,1,=,,IC50,nM,,6100.0,CHEMBL1808,Homo sapiens,Angiotensin-converting enzyme,9606,,,IC50,uM,UO_0000065,,6.1
,,557081,[],CHEMBL644701,In vitro inhibitory activity against Angiotensin I converting enzyme,B,,,BAO_0000190,BAO_0000357,single protein format,CCC[C@H](N[C@H]1CCc2ccccc2N(CC(=O)O)C1=O)C(=O)O,,,CHEMBL1122836,J Med Chem,1985,"{'bei': '24.59', 'le': '0.47', 'lle': '6.96', 'sei': '7.69'}",CHEMBL44139,,CHEMBL44139,8.22,0,http://www.openphacts.org/units/Nanomolar,67272,=,1,1,=,,IC50,nM,,6.0,CHEMBL1808,Homo sapiens,Angiotensin-converting enzyme,9606,,,IC50,nM,UO_0000065,,6.0
,,557391,[],CHEMBL648692,Inhibitory concentration was evaluated by Inhibiting 50% of Angiotensin I converting enzyme activity using 50 uM N-Cbz-Phe-His-Leu as substrate,B,,,BAO_0000190,BAO_0000357,single protein format,CC(C)CC(S)CC(=O)NC(Cc1ccccc1)C(=O)NC(Cc1ccc(O)cc1)C(=O)O,,,CHEMBL1126948,J Med Chem,1993,"{'bei': '11.75', 'le': '0.23', 'lle': '2.58', 'sei': '4.80'}",CHEMBL367174,,CHEMBL367174,5.55,0,http://www.openphacts.org/units/Nanomolar,342938,=,1,1,=,,IC50,nM,,2800.0,CHEMBL1808,Homo sapiens,Angiotensin-converting enzyme,9606,,,IC50,uM,UO_0000065,,2.8
,Not Determined,558298,[],CHEMBL644701,In vitro inhibitory activity against Angiotensin I converting enzyme,B,,,BAO_0000190,BAO_0000357,single protein format,CCOC(=O)[C@H](CCCCNC(=O)c1ccccc1)N[C@H]1CCc2ccccc2N(CC(=O)O)C1=O,,,CHEMBL1122836,J Med Chem,1985,,CHEMBL288370,,CHEMBL288370,,0,http://www.openphacts.org/units/Nanomolar,67268,,1,0,,,IC50,nM,,,CHEMBL1808,Homo sapiens,Angiotensin-converting enzyme,9606,,,IC50,nM,UO_0000065,,
,Not Determined,559503,[],CHEMBL644701,In vitro inhibitory activity against Angiotensin I converting enzyme,B,,,BAO_0000190,BAO_0000357,single protein format,CCOC(=O)[C@H](COCc1ccccc1)N[C@H]1CCc2ccccc2N(CC(=O)O)C1=O,,,CHEMBL1122836,J Med Chem,1985,,CHEMBL287921,,CHEMBL287921,,0,http://www.openphacts.org/units/Nanomolar,67267,,1,0,,,IC50,nM,,,CHEMBL1808,Homo sapiens,Angiotensin-converting enzyme,9606,,,IC50,nM,UO_0000065,,
,,560615,[],CHEMBL644701,In vitro inhibitory activity against Angiotensin I converting enzyme,B,,,BAO_0000190,BAO_0000357,single protein format,O=C(O)CN1C(=O)[C@@H](N[C@@H](CSCc2ccccc2)C(=O)O)CCc2ccccc21,,,CHEMBL1122836,J Med Chem,1985,"{'bei': '19.92', 'le': '0.39', 'lle': '6.14', 'sei': '7.98'}",CHEMBL289267,,CHEMBL289267,8.54,0,http://www.openphacts.org/units/Nanomolar,67280,=,1,1,=,,IC50,nM,,2.9,CHEMBL1808,Homo sapiens,Angiotensin-converting enzyme,9606,,,IC50,nM,UO_0000065,,2.9
,,561947,[],CHEMBL648692,Inhibitory concentration was evaluated by Inhibiting 50% of Angiotensin I converting enzyme activity using 50 uM N-Cbz-Phe-His-Leu as substrate,B,,,BAO_0000190,BAO_0000357,single protein format,CC(C)C(NC(=O)C(Cc1ccccc1)C(C)S)C(=O)NC(Cc1ccc(O)cc1)C(=O)O,,,CHEMBL1126948,J Med Chem,1993,"{'bei': '12.45', 'le': '0.24', 'lle': '3.07', 'sei': '5.09'}",CHEMBL176960,,CHEMBL176960,5.89,0,http://www.openphacts.org/units/Nanomolar,342937,=,1,1,=,,IC50,nM,,1300.0,CHEMBL1808,Homo sapiens,Angiotensin-converting enzyme,9606,,,IC50,uM,UO_0000065,,1.3
,,562914,[],CHEMBL644701,In vitro inhibitory activity against Angiotensin I converting enzyme,B,,,BAO_0000190,BAO_0000357,single protein format,O=C(O)CN1C(=O)[C@@H](N[C@@H](CSc2ccccc2)C(=O)O)CCc2ccccc21,,,CHEMBL1122836,J Med Chem,1985,"{'bei': '20.26', 'le': '0.40', 'lle': '6.15', 'sei': '7.85'}",CHEMBL38613,,CHEMBL38613,8.40,0,http://www.openphacts.org/units/Nanomolar,67263,=,1,1,=,,IC50,nM,,4.0,CHEMBL1808,Homo sapiens,Angiotensin-converting enzyme,9606,,,IC50,nM,UO_0000065,,4.0
,,563221,[],CHEMBL646967,Inhibitory concentration was evaluated by inhibiting 50% of Angiotensin I Converting Enzyme activity using 50 uM N-Cbz-Phe-His-Leu as substrate,B,,,BAO_0000190,BAO_0000357,single protein format,O=C(O)C(Cc1ccc(O)cc1)NC(=O)C(Cc1ccccc1)C(S)CCc1ccccc1,,,CHEMBL1126948,J Med Chem,1993,"{'bei': '12.50', 'le': '0.24', 'lle': '1.51', 'sei': '6.69'}",CHEMBL175110,,CHEMBL175110,5.80,0,http://www.openphacts.org/units/Nanomolar,342932,=,1,1,=,,IC50,nM,,1600.0,CHEMBL1808,Homo sapiens,Angiotensin-converting enzyme,9606,,,IC50,uM,UO_0000065,,1.6
,,564110,[],CHEMBL644701,In vitro inhibitory activity against Angiotensin I converting enzyme,B,,,BAO_0000190,BAO_0000357,single protein format,CCOC(=O)[C@H](CCCCN)N[C@H]1CCc2ccccc2N(CC(=O)O)C1=O,,,CHEMBL1122836,J Med Chem,1985,"{'bei': '18.90', 'le': '0.36', 'lle': '6.33', 'sei': '6.07'}",CHEMBL417169,,CHEMBL417169,7.40,0,http://www.openphacts.org/units/Nanomolar,67282,=,1,1,=,,IC50,nM,,40.0,CHEMBL1808,Homo sapiens,Angiotensin-converting enzyme,9606,,,IC50,nM,UO_0000065,,40.0
,Not Determined,566384,[],CHEMBL644701,In vitro inhibitory activity against Angiotensin I converting enzyme,B,,,BAO_0000190,BAO_0000357,single protein format,CCOC(=O)[C@H](CCSC)N[C@H]1CCc2ccccc2N(CC(=O)O)C1=O,,,CHEMBL1122836,J Med Chem,1985,,CHEMBL41081,,CHEMBL41081,,0,http://www.openphacts.org/units/Nanomolar,67275,,1,0,,,IC50,nM,,,CHEMBL1808,Homo sapiens,Angiotensin-converting enzyme,9606,,,IC50,nM,UO_0000065,,
,,566712,[],CHEMBL648692,Inhibitory concentration was evaluated by Inhibiting 50% of Angiotensin I converting enzyme activity using 50 uM N-Cbz-Phe-His-Leu as substrate,B,,,BAO_0000190,BAO_0000357,single protein format,O=C(O)CNC(=O)C(CS)Cc1ccccc1,,,CHEMBL1126948,J Med Chem,1993,"{'bei': '27.06', 'le': '0.55', 'lle': '5.87', 'sei': '10.32'}",CHEMBL10247,THIORPHAN,CHEMBL10247,6.85,0,http://www.openphacts.org/units/Nanomolar,342935,=,1,1,=,,IC50,nM,,140.0,CHEMBL1808,Homo sapiens,Angiotensin-converting enzyme,9606,,,IC50,uM,UO_0000065,,0.14
,,566737,[],CHEMBL646967,Inhibitory concentration was evaluated by inhibiting 50% of Angiotensin I Converting Enzyme activity using 50 uM N-Cbz-Phe-His-Leu as substrate,B,,,BAO_0000190,BAO_0000357,single protein format,CC(C)CC(S)C(Cc1ccccc1)C(=O)NC(Cc1ccc(O)cc1)C(=O)O,,,CHEMBL1126948,J Med Chem,1993,"{'bei': '14.80', 'le': '0.29', 'lle': '2.44', 'sei': '7.10'}",CHEMBL171850,,CHEMBL171850,6.15,0,http://www.openphacts.org/units/Nanomolar,342930,=,1,1,=,,IC50,nM,,710.0,CHEMBL1808,Homo sapiens,Angiotensin-converting enzyme,9606,,,IC50,uM,UO_0000065,,0.71
,Not Determined,567581,[],CHEMBL644701,In vitro inhibitory activity against Angiotensin I converting enzyme,B,,,BAO_0000190,BAO_0000357,single protein format,CCOC(=O)[C@H](CSc1ccccc1)N[C@H]1CCc2ccccc2N(CC(=O)O)C1=O,,,CHEMBL1122836,J Med Chem,1985,,CHEMBL40535,,CHEMBL40535,,0,http://www.openphacts.org/units/Nanomolar,67265,,1,0,,,IC50,nM,,,CHEMBL1808,Homo sapiens,Angiotensin-converting enzyme,9606,,,IC50,nM,UO_0000065,,
,,568972,[],CHEMBL644701,In vitro inhibitory activity against Angiotensin I converting enzyme,B,,,BAO_0000190,BAO_0000357,single protein format,O=C(O)CN1C(=O)[C@@H](N[C@@H](Cc2ccccc2)C(=O)O)CCc2ccccc21,,,CHEMBL1122836,J Med Chem,1985,"{'bei': '21.10', 'le': '0.39', 'lle': '6.37', 'sei': '7.55'}",CHEMBL290802,,CHEMBL290802,8.07,0,http://www.openphacts.org/units/Nanomolar,67262,=,1,1,=,,IC50,nM,,8.5,CHEMBL1808,Homo sapiens,Angiotensin-converting enzyme,9606,,,IC50,nM,UO_0000065,,8.5
,,568973,[],CHEMBL644701,In vitro inhibitory activity against Angiotensin I converting enzyme,B,,,BAO_0000190,BAO_0000357,single protein format,COC(=O)[C@H](CC(C)C)N[C@H]1CCc2ccccc2N(CC(=O)O)C1=O,,,CHEMBL1122836,J Med Chem,1985,"{'bei': '16.55', 'le': '0.32', 'lle': '4.40', 'sei': '6.25'}",CHEMBL290328,,CHEMBL290328,6.00,0,http://www.openphacts.org/units/Nanomolar,67258,=,1,1,=,,IC50,nM,,1000.0,CHEMBL1808,Homo sapiens,Angiotensin-converting enzyme,9606,,,IC50,nM,UO_0000065,,1000.0
,,570259,[],CHEMBL644701,In vitro inhibitory activity against Angiotensin I converting enzyme,B,,,BAO_0000190,BAO_0000357,single protein format,CCOC(=O)[C@H](Cc1c[nH]c2ccccc12)N[C@H]1CCc2ccccc2N(CC(=O)O)C1=O,,,CHEMBL1122836,J Med Chem,1985,"{'bei': '13.94', 'le': '0.26', 'lle': '3.61', 'sei': '5.61'}",CHEMBL296331,,CHEMBL296331,6.27,0,http://www.openphacts.org/units/Nanomolar,67260,=,1,1,=,,IC50,nM,,540.0,CHEMBL1808,Homo sapiens,Angiotensin-converting enzyme,9606,,,IC50,nM,UO_0000065,,540.0
,,571810,[],CHEMBL648692,Inhibitory concentration was evaluated by Inhibiting 50% of Angiotensin I converting enzyme activity using 50 uM N-Cbz-Phe-His-Leu as substrate,B,,,BAO_0000190,BAO_0000357,single protein format,CCC(C)C(NC(=O)C(Cc1ccccc1)C(C)S)C(=O)NC(Cc1ccc(O)cc1)C(=O)O,,,CHEMBL1126948,J Med Chem,1993,"{'bei': '13.40', 'le': '0.26', 'lle': '3.31', 'sei': '5.64'}",CHEMBL172978,,CHEMBL172978,6.52,0,http://www.openphacts.org/units/Nanomolar,342936,=,1,1,=,,IC50,nM,,300.0,CHEMBL1808,Homo sapiens,Angiotensin-converting enzyme,9606,,,IC50,uM,UO_0000065,,0.3
,,572786,[],CHEMBL644701,In vitro inhibitory activity against Angiotensin I converting enzyme,B,,,BAO_0000190,BAO_0000357,single protein format,CC(C)C[C@H](N[C@H]1CCc2ccccc2N(CC(=O)O)C1=O)C(=O)O,,,CHEMBL1122836,J Med Chem,1985,"{'bei': '21.09', 'le': '0.40', 'lle': '5.84', 'sei': '6.87'}",CHEMBL40806,,CHEMBL40806,7.35,0,http://www.openphacts.org/units/Nanomolar,67259,=,1,1,=,,IC50,nM,,45.0,CHEMBL1808,Homo sapiens,Angiotensin-converting enzyme,9606,,,IC50,nM,UO_0000065,,45.0
,,573129,[],CHEMBL646967,Inhibitory concentration was evaluated by inhibiting 50% of Angiotensin I Converting Enzyme activity using 50 uM N-Cbz-Phe-His-Leu as substrate,B,,,BAO_0000190,BAO_0000357,single protein format,CC(C)CC(S)C(Cc1ccccc1)C(=O)NC(C)C(=O)O,,,CHEMBL1126948,J Med Chem,1993,"{'bei': '15.21', 'le': '0.31', 'lle': '2.14', 'sei': '7.41'}",CHEMBL55286,,CHEMBL55286,4.92,0,http://www.openphacts.org/units/Nanomolar,342931,=,1,1,=,,IC50,nM,,12000.0,CHEMBL1808,Homo sapiens,Angiotensin-converting enzyme,9606,,,IC50,uM,UO_0000065,,12.0
,,576377,[],CHEMBL644701,In vitro inhibitory activity against Angiotensin I converting enzyme,B,,,BAO_0000190,BAO_0000357,single protein format,O=C(O)CN1C(=O)[C@@H](N[C@@H](Cc2c[nH]c3ccccc23)C(=O)O)CCc2ccccc21,,,CHEMBL1122836,J Med Chem,1985,"{'bei': '18.71', 'le': '0.35', 'lle': '5.70', 'sei': '6.43'}",CHEMBL44077,,CHEMBL44077,7.89,0,http://www.openphacts.org/units/Nanomolar,67261,=,1,1,=,,IC50,nM,,13.0,CHEMBL1808,Homo sapiens,Angiotensin-converting enzyme,9606,,,IC50,nM,UO_0000065,,13.0
,,576753,[],CHEMBL646967,Inhibitory concentration was evaluated by inhibiting 50% of Angiotensin I Converting Enzyme activity using 50 uM N-Cbz-Phe-His-Leu as substrate,B,,,BAO_0000190,BAO_0000357,single protein format,CC(C)CC(S)[C@H](Cc1ccccc1)C(=O)N[C@@H](C)C(=O)O,,,CHEMBL1126948,J Med Chem,1993,"{'bei': '16.69', 'le': '0.34', 'lle': '2.62', 'sei': '8.13'}",CHEMBL173919,,CHEMBL173919,5.40,0,http://www.openphacts.org/units/Nanomolar,342928,=,1,1,=,,IC50,nM,,4000.0,CHEMBL1808,Homo sapiens,Angiotensin-converting enzyme,9606,,,IC50,uM,UO_0000065,,4.0
,,577698,[],CHEMBL644701,In vitro inhibitory activity against Angiotensin I converting enzyme,B,,,BAO_0000190,BAO_0000357,single protein format,CCOC(=O)[C@H](CCCCNC(=O)OCc1ccccc1)N[C@H]1CCc2ccccc2N(CC(=O)O)C1=O,,,CHEMBL1122836,J Med Chem,1985,"{'bei': '14.89', 'le': '0.28', 'lle': '4.78', 'sei': '5.83'}",CHEMBL289618,,CHEMBL289618,7.82,0,http://www.openphacts.org/units/Nanomolar,67278,=,1,1,=,,IC50,nM,,15.0,CHEMBL1808,Homo sapiens,Angiotensin-converting enzyme,9606,,,IC50,nM,UO_0000065,,15.0
,,577699,[],CHEMBL644701,In vitro inhibitory activity against Angiotensin I converting enzyme,B,,,BAO_0000190,BAO_0000357,single protein format,CSCC[C@H](N[C@H]1CCc2ccccc2N(CC(=O)O)C1=O)C(=O)O,,,CHEMBL1122836,J Med Chem,1985,"{'bei': '22.34', 'le': '0.45', 'lle': '6.98', 'sei': '7.66'}",CHEMBL416979,,CHEMBL416979,8.19,0,http://www.openphacts.org/units/Nanomolar,67273,=,1,1,=,,IC50,nM,,6.5,CHEMBL1808,Homo sapiens,Angiotensin-converting enzyme,9606,,,IC50,nM,UO_0000065,,6.5
,,578856,[],CHEMBL644701,In vitro inhibitory activity against Angiotensin I converting enzyme,B,,,BAO_0000190,BAO_0000357,single protein format,O=C(O)CN1C(=O)[C@@H](N[C@@H](CCCCNC(=O)OCc2ccccc2)C(=O)O)CCc2ccccc21,,,CHEMBL1122836,J Med Chem,1985,"{'bei': '15.85', 'le': '0.30', 'lle': '5.33', 'sei': '5.43'}",CHEMBL432689,,CHEMBL432689,7.89,0,http://www.openphacts.org/units/Nanomolar,67277,=,1,1,=,,IC50,nM,,13.0,CHEMBL1808,Homo sapiens,Angiotensin-converting enzyme,9606,,,IC50,nM,UO_0000065,,13.0
,,580116,[],CHEMBL644701,In vitro inhibitory activity against Angiotensin I converting enzyme,B,,,BAO_0000190,BAO_0000357,single protein format,O=C(O)CN1C(=O)[C@@H](N[C@@H](COCc2ccccc2)C(=O)O)CCc2ccccc21,,,CHEMBL1122836,J Med Chem,1985,"{'bei': '19.40', 'le': '0.36', 'lle': '6.32', 'sei': '6.89'}",CHEMBL42683,,CHEMBL42683,8.00,0,http://www.openphacts.org/units/Nanomolar,67281,=,1,1,=,,IC50,nM,,10.0,CHEMBL1808,Homo sapiens,Angiotensin-converting enzyme,9606,,,IC50,nM,UO_0000065,,10.0
,,581223,[],CHEMBL644701,In vitro inhibitory activity against Angiotensin I converting enzyme,B,,,BAO_0000190,BAO_0000357,single protein format,CC(C)(C)OC(=O)NCCCC[C@H](N[C@H]1CCc2ccccc2N(CC(=O)O)C1=O)C(=O)O,,,CHEMBL1122836,J Med Chem,1985,"{'bei': '18.12', 'le': '0.35', 'lle': '6.24', 'sei': '5.78'}",CHEMBL40420,,CHEMBL40420,8.40,0,http://www.openphacts.org/units/Nanomolar,67279,=,1,1,=,,IC50,nM,,4.0,CHEMBL1808,Homo sapiens,Angiotensin-converting enzyme,9606,,,IC50,nM,UO_0000065,,4.0
,Not Determined,581224,[],CHEMBL644701,In vitro inhibitory activity against Angiotensin I converting enzyme,B,,,BAO_0000190,BAO_0000357,single protein format,CCOC(=O)[C@H](Cc1ccccc1)N[C@H]1CCc2ccccc2N(CC(=O)O)C1=O,,,CHEMBL1122836,J Med Chem,1985,,CHEMBL290521,,CHEMBL290521,,0,http://www.openphacts.org/units/Nanomolar,67276,,1,0,,,IC50,nM,,,CHEMBL1808,Homo sapiens,Angiotensin-converting enzyme,9606,,,IC50,nM,UO_0000065,,
,,583697,[],CHEMBL644701,In vitro inhibitory activity against Angiotensin I converting enzyme,B,,,BAO_0000190,BAO_0000357,single protein format,O=C(O)CN1C(=O)[C@@H](N[C@@H](CSCCc2ccccc2)C(=O)O)CCc2ccccc21,,,CHEMBL1122836,J Med Chem,1985,"{'bei': '18.43', 'le': '0.36', 'lle': '5.71', 'sei': '7.63'}",CHEMBL42976,,CHEMBL42976,8.15,0,http://www.openphacts.org/units/Nanomolar,67264,=,1,1,=,,IC50,nM,,7.0,CHEMBL1808,Homo sapiens,Angiotensin-converting enzyme,9606,,,IC50,nM,UO_0000065,,7.0
,Not Determined,583698,[],CHEMBL644701,In vitro inhibitory activity against Angiotensin I converting enzyme,B,,,BAO_0000190,BAO_0000357,single protein format,CCC[C@H](N[C@H]1CCc2ccccc2N(CC(=O)O)C1=O)C(=O)OCC,,,CHEMBL1122836,J Med Chem,1985,,CHEMBL41045,,CHEMBL41045,,0,http://www.openphacts.org/units/Nanomolar,67274,,1,0,,,IC50,nM,,,CHEMBL1808,Homo sapiens,Angiotensin-converting enzyme,9606,,,IC50,nM,UO_0000065,,
,,583941,[],CHEMBL648692,Inhibitory concentration was evaluated by Inhibiting 50% of Angiotensin I converting enzyme activity using 50 uM N-Cbz-Phe-His-Leu as substrate,B,,,BAO_0000190,BAO_0000357,single protein format,CC(S)C(Cc1ccccc1)C(=O)NCC(=O)O,,,CHEMBL1126948,J Med Chem,1993,"{'bei': '18.55', 'le': '0.38', 'lle': '3.60', 'sei': '7.47'}",CHEMBL366937,,CHEMBL366937,4.96,0,http://www.openphacts.org/units/Nanomolar,342933,=,1,1,=,,IC50,nM,,11000.0,CHEMBL1808,Homo sapiens,Angiotensin-converting enzyme,9606,,,IC50,uM,UO_0000065,,11.0
,,586197,[],CHEMBL644701,In vitro inhibitory activity against Angiotensin I converting enzyme,B,,,BAO_0000190,BAO_0000357,single protein format,NCCCC[C@H](N[C@H]1CCc2ccccc2N(CC(=O)O)C1=O)C(=O)O,,,CHEMBL1122836,J Med Chem,1985,"{'bei': '22.44', 'le': '0.43', 'lle': '7.56', 'sei': '6.13'}",CHEMBL430554,LIBENZAPRIL,CHEMBL430554,8.15,0,http://www.openphacts.org/units/Nanomolar,67255,=,1,1,=,,IC50,nM,,7.0,CHEMBL1808,Homo sapiens,Angiotensin-converting enzyme,9606,,,IC50,nM,UO_0000065,,7.0
,,586201,[],CHEMBL644701,In vitro inhibitory activity against Angiotensin I converting enzyme,B,,,BAO_0000190,BAO_0000357,single protein format,CCCC[C@H](N[C@H]1CCc2ccccc2N(CC(=O)O)C1=O)C(=O)O,,,CHEMBL1122836,J Med Chem,1985,"{'bei': '23.83', 'le': '0.45', 'lle': '6.65', 'sei': '7.76'}",CHEMBL41985,,CHEMBL41985,8.30,0,http://www.openphacts.org/units/Nanomolar,67257,=,1,1,=,,IC50,nM,,5.0,CHEMBL1808,Homo sapiens,Angiotensin-converting enzyme,9606,,,IC50,nM,UO_0000065,,5.0
,,586202,[],CHEMBL644701,In vitro inhibitory activity against Angiotensin I converting enzyme,B,,,BAO_0000190,BAO_0000357,single protein format,CCCC[C@H](N[C@H]1CCc2ccccc2N(CC(=O)O)C1=O)C(=O)OCC,,,CHEMBL1122836,J Med Chem,1985,"{'bei': '14.84', 'le': '0.28', 'lle': '3.46', 'sei': '5.82'}",CHEMBL40709,,CHEMBL40709,5.58,0,http://www.openphacts.org/units/Nanomolar,67256,=,1,1,=,,IC50,nM,,2600.0,CHEMBL1808,Homo sapiens,Angiotensin-converting enzyme,9606,,,IC50,nM,UO_0000065,,2600.0
,,586515,[],CHEMBL646967,Inhibitory concentration was evaluated by inhibiting 50% of Angiotensin I Converting Enzyme activity using 50 uM N-Cbz-Phe-His-Leu as substrate,B,,,BAO_0000190,BAO_0000357,single protein format,CC(NC(=O)C(Cc1ccccc1)C(S)CCc1ccccc1)C(=O)O,,,CHEMBL1126948,J Med Chem,1993,"{'bei': '14.53', 'le': '0.28', 'lle': '2.03', 'sei': '8.13'}",CHEMBL54601,,CHEMBL54601,5.40,0,http://www.openphacts.org/units/Nanomolar,342924,=,1,1,=,,IC50,nM,,4000.0,CHEMBL1808,Homo sapiens,Angiotensin-converting enzyme,9606,,,IC50,uM,UO_0000065,,4.0
,,586517,[],CHEMBL646967,Inhibitory concentration was evaluated by inhibiting 50% of Angiotensin I Converting Enzyme activity using 50 uM N-Cbz-Phe-His-Leu as substrate,B,,,BAO_0000190,BAO_0000357,single protein format,CC(C)CC(S)CC(=O)NC(Cc1ccccc1)C(=O)O,,,CHEMBL1126948,J Med Chem,1993,"{'bei': '16.16', 'le': '0.33', 'lle': '2.47', 'sei': '7.53'}",CHEMBL173287,,CHEMBL173287,5.00,0,http://www.openphacts.org/units/Nanomolar,342929,=,1,1,=,,IC50,nM,,10000.0,CHEMBL1808,Homo sapiens,Angiotensin-converting enzyme,9606,,,IC50,uM,UO_0000065,,10.0
,,588708,[],CHEMBL644701,In vitro inhibitory activity against Angiotensin I converting enzyme,B,,,BAO_0000190,BAO_0000357,single protein format,CCOC(=O)[C@H](CCc1ccccc1)N[C@@H](C)C(=O)N1CCC[C@H]1C(=O)O,,,CHEMBL1122836,J Med Chem,1985,"{'bei': '22.17', 'le': '0.42', 'lle': '6.75', 'sei': '8.70'}",CHEMBL578,ENALAPRIL,CHEMBL578,8.35,0,http://www.openphacts.org/units/Nanomolar,67269,=,1,1,=,,IC50,nM,,4.5,CHEMBL1808,Homo sapiens,Angiotensin-converting enzyme,9606,,,IC50,nM,UO_0000065,,4.5
,,589093,[],CHEMBL646967,Inhibitory concentration was evaluated by inhibiting 50% of Angiotensin I Converting Enzyme activity using 50 uM N-Cbz-Phe-His-Leu as substrate,B,,,BAO_0000190,BAO_0000357,single protein format,CC(C)C[C@H](S)[C@H](Cc1ccccc1)C(=O)N[C@@H](C)C(=O)O,,,CHEMBL1126948,J Med Chem,1993,"{'bei': '15.46', 'le': '0.31', 'lle': '2.22', 'sei': '7.53'}",CHEMBL2110258,,CHEMBL2110258,5.00,0,http://www.openphacts.org/units/Nanomolar,342927,=,1,1,=,,IC50,nM,,10000.0,CHEMBL1808,Homo sapiens,Angiotensin-converting enzyme,9606,,,IC50,uM,UO_0000065,,10.0
,,591293,[],CHEMBL644701,In vitro inhibitory activity against Angiotensin I converting enzyme,B,,,BAO_0000190,BAO_0000357,single protein format,C[C@H](CS)C(=O)N1CCC[C@H]1C(=O)O,,,CHEMBL1122836,J Med Chem,1985,"{'bei': '36.01', 'le': '0.76', 'lle': '7.19', 'sei': '13.58'}",CHEMBL1560,CAPTOPRIL,CHEMBL1560,7.82,0,http://www.openphacts.org/units/Nanomolar,67270,=,1,1,=,,IC50,nM,,15.0,CHEMBL1808,Homo sapiens,Angiotensin-converting enzyme,9606,,,IC50,nM,UO_0000065,,15.0
,,591668,[],CHEMBL646966,Inhibitory concentration was evaluated by inhibiting 50% of Angiotensin I Converting Enzyme activity using 50 micro M N-Cbz-Phe-His-Leu as substrate,B,,,BAO_0000190,BAO_0000357,single protein format,CC(C)C[C@H](S)[C@@H](Cc1ccccc1)C(=O)N[C@@H](C)C(=O)O,,,CHEMBL1126948,J Med Chem,1993,"{'bei': '14.82', 'le': '0.30', 'lle': '2.01', 'sei': '7.22'}",CHEMBL2110347,,CHEMBL2110347,4.79,0,http://www.openphacts.org/units/Nanomolar,342934,=,1,1,=,,IC50,nM,,16100.0,CHEMBL1808,Homo sapiens,Angiotensin-converting enzyme,9606,,,IC50,uM,UO_0000065,,16.1
,,634528,[],CHEMBL648689,Inhibitory activity against angiotensin I converting enzyme (ACE),B,,,BAO_0000190,BAO_0000357,single protein format,CC1(C)CCCC(NC(=O)[C@@H](S)Cc2ccccc2)C(=O)N1CC(=O)O,,,CHEMBL1133572,J Med Chem,2000,"{'bei': '20.93', 'le': '0.42', 'lle': '6.03', 'sei': '9.13'}",CHEMBL114658,,CHEMBL114658,7.92,0,http://www.openphacts.org/units/Nanomolar,217056,=,1,1,=,,IC50,nM,,12.0,CHEMBL1808,Homo sapiens,Angiotensin-converting enzyme,9606,,,IC50,nM,UO_0000065,,12.0
,,635661,[],CHEMBL648689,Inhibitory activity against angiotensin I converting enzyme (ACE),B,,,BAO_0000190,BAO_0000357,single protein format,CCOC(=O)[C@H](CCc1ccccc1)N[C@@H](C)C(=O)N1[C@H](C(=O)O)C[C@H]2CCCC[C@@H]21,,,CHEMBL1133572,J Med Chem,2000,"{'bei': '20.98', 'le': '0.40', 'lle': '6.26', 'sei': '9.41'}",CHEMBL1519,TRANDOLAPRIL,CHEMBL1519,9.03,0,http://www.openphacts.org/units/Nanomolar,217066,=,1,1,=,,IC50,nM,,0.93,CHEMBL1808,Homo sapiens,Angiotensin-converting enzyme,9606,,,IC50,nM,UO_0000065,,0.93
,,638111,[],CHEMBL648689,Inhibitory activity against angiotensin I converting enzyme (ACE),B,,,BAO_0000190,BAO_0000357,single protein format,CCOC(=O)[C@H](CCc1ccccc1)N[C@@H](C)C(=O)N1Cc2cc(OC)c(OC)cc2C[C@H]1C(=O)O,,,CHEMBL1133572,J Med Chem,2000,"{'bei': '17.22', 'le': '0.33', 'lle': '6.01', 'sei': '7.50'}",CHEMBL1165,MOEXIPRIL,CHEMBL1165,8.59,0,http://www.openphacts.org/units/Nanomolar,217067,=,1,1,=,,IC50,nM,,2.6,CHEMBL1808,Homo sapiens,Angiotensin-converting enzyme,9606,,,IC50,nM,UO_0000065,,2.6
,,640523,[],CHEMBL648689,Inhibitory activity against angiotensin I converting enzyme (ACE),B,,,BAO_0000190,BAO_0000357,single protein format,CCOC(=O)[C@H](CCc1ccccc1)N[C@@H](C)C(=O)N1[C@H](C(=O)O)C[C@@H]2CCC[C@@H]21,,,CHEMBL1133572,J Med Chem,2000,"{'bei': '20.16', 'le': '0.38', 'lle': '6.02', 'sei': '8.75'}",CHEMBL1168,RAMIPRIL,CHEMBL1168,8.40,0,http://www.openphacts.org/units/Nanomolar,217036,=,1,1,=,,IC50,nM,,4.0,CHEMBL1808,Homo sapiens,Angiotensin-converting enzyme,9606,,,IC50,nM,UO_0000065,,4.0
,,646330,[],CHEMBL645455,Compound was tested for its inhibitory activity against Angiotensin I converting enzyme,B,,,BAO_0000190,BAO_0000357,single protein format,CCCC[C@H](CN(O)C=O)C(=O)N[C@H](C(=O)N(C)C)C(C)(C)C,,,CHEMBL1133973,Bioorg Med Chem Lett,2001,,CHEMBL431210,,CHEMBL431210,,0,http://www.openphacts.org/units/Nanomolar,157456,>,1,1,>,,IC50,nM,,100000.0,CHEMBL1808,Homo sapiens,Angiotensin-converting enzyme,9606,,,IC50,nM,UO_0000065,,100000.0
,,647745,[],CHEMBL648689,Inhibitory activity against angiotensin I converting enzyme (ACE),B,,,BAO_0000190,BAO_0000357,single protein format,O=C(O)C(CCc1ccccc1)N[C@@H](Cc1ccccc1)C(=O)NC[C@H](O)C(=O)O,,,CHEMBL1133572,J Med Chem,2000,,CHEMBL113759,,CHEMBL113759,,0,http://www.openphacts.org/units/Nanomolar,217060,>,1,1,>,,IC50,nM,,10000.0,CHEMBL1808,Homo sapiens,Angiotensin-converting enzyme,9606,,,IC50,nM,UO_0000065,,10000.0
,,650072,[],CHEMBL648689,Inhibitory activity against angiotensin I converting enzyme (ACE),B,,,BAO_0000190,BAO_0000357,single protein format,CCOC(=O)[C@H](CCc1ccccc1)N[C@H]1CCc2ccccc2N(CC(=O)O)C1=O,,,CHEMBL1133572,J Med Chem,2000,"{'bei': '20.66', 'le': '0.39', 'lle': '6.20', 'sei': '9.14'}",CHEMBL838,BENAZEPRIL,CHEMBL838,8.77,0,http://www.openphacts.org/units/Nanomolar,217037,=,1,1,=,,IC50,nM,,1.7,CHEMBL1808,Homo sapiens,Angiotensin-converting enzyme,9606,,,IC50,nM,UO_0000065,,1.7
,,651378,[],CHEMBL648689,Inhibitory activity against angiotensin I converting enzyme (ACE),B,,,BAO_0000190,BAO_0000357,single protein format,CCOC(=O)[C@H](CCc1ccccc1)N[C@@H](C)C(=O)N1CCC[C@H]1C(=O)O,,,CHEMBL1133572,J Med Chem,2000,"{'bei': '22.17', 'le': '0.42', 'lle': '6.75', 'sei': '8.70'}",CHEMBL578,ENALAPRIL,CHEMBL578,8.35,1,http://www.openphacts.org/units/Nanomolar,217068,=,1,1,=,,IC50,nM,,4.5,CHEMBL1808,Homo sapiens,Angiotensin-converting enzyme,9606,,,IC50,nM,UO_0000065,,4.5
,,652520,[],CHEMBL648689,Inhibitory activity against angiotensin I converting enzyme (ACE),B,,,BAO_0000190,BAO_0000357,single protein format,O=C(O)CNC(=O)C(CS)Cc1ccccc1,,,CHEMBL1133572,J Med Chem,2000,"{'bei': '23.94', 'le': '0.49', 'lle': '5.09', 'sei': '9.13'}",CHEMBL10247,THIORPHAN,CHEMBL10247,6.07,0,http://www.openphacts.org/units/Nanomolar,217061,=,1,1,=,,IC50,nM,,860.0,CHEMBL1808,Homo sapiens,Angiotensin-converting enzyme,9606,,,IC50,nM,UO_0000065,,860.0
,,652521,[],CHEMBL618671,Inhibitory activity against angiotensin-converting enzyme (ACE).,B,,,BAO_0000190,BAO_0000357,single protein format,O=C(O)CNC(=O)C(CS)Cc1ccccc1,,,CHEMBL1133572,J Med Chem,2000,"{'bei': '27.06', 'le': '0.55', 'lle': '5.87', 'sei': '10.32'}",CHEMBL10247,THIORPHAN,CHEMBL10247,6.85,1,http://www.openphacts.org/units/Nanomolar,217061,=,1,1,=,,IC50,nM,,140.0,CHEMBL1808,Homo sapiens,Angiotensin-converting enzyme,9606,,,IC50,nM,UO_0000065,,140.0
,,652524,[],CHEMBL648689,Inhibitory activity against angiotensin I converting enzyme (ACE),B,,,BAO_0000190,BAO_0000357,single protein format,CCOC(=O)[C@H](CCc1ccccc1)N[C@@H](C)C(=O)N1Cc2ccccc2C[C@H]1C(=O)O,,,CHEMBL1133572,J Med Chem,2000,"{'bei': '18.43', 'le': '0.34', 'lle': '5.51', 'sei': '8.42'}",CHEMBL1592,QUINAPRIL,CHEMBL1592,8.08,1,http://www.openphacts.org/units/Nanomolar,217035,=,1,1,=,,IC50,nM,,8.3,CHEMBL1808,Homo sapiens,Angiotensin-converting enzyme,9606,,,IC50,nM,UO_0000065,,8.3
,Not Determined,654688,[],CHEMBL645456,Compound was tested for its inhibitory activity against Angiotensin I converting enzyme; ND=Not determined,B,,,BAO_0000190,BAO_0000357,single protein format,CCCCC(CN(O)C=O)C(=O)N[C@H](C(=O)N(C)C)C(C)(C)C,,,CHEMBL1133973,Bioorg Med Chem Lett,2001,,CHEMBL84969,,CHEMBL84969,,0,http://www.openphacts.org/units/Nanomolar,157457,,1,0,,,IC50,nM,,,CHEMBL1808,Homo sapiens,Angiotensin-converting enzyme,9606,,,IC50,nM,UO_0000065,,
,,658562,[],CHEMBL648689,Inhibitory activity against angiotensin I converting enzyme (ACE),B,,,BAO_0000190,BAO_0000357,single protein format,NCCCC[C@H](N[C@@H](CCc1ccccc1)C(=O)O)C(=O)N1CCC[C@H]1C(=O)O,,,CHEMBL1133572,J Med Chem,2000,"{'bei': '20.54', 'le': '0.39', 'lle': '7.09', 'sei': '6.26'}",CHEMBL1237,LISINOPRIL ANHYDROUS,CHEMBL1237,8.33,0,http://www.openphacts.org/units/Nanomolar,217038,=,1,1,=,,IC50,nM,,4.7,CHEMBL1808,Homo sapiens,Angiotensin-converting enzyme,9606,,,IC50,nM,UO_0000065,,4.7
,,660927,[],CHEMBL648689,Inhibitory activity against angiotensin I converting enzyme (ACE),B,,,BAO_0000190,BAO_0000357,single protein format,CCC(=O)O[C@@H](O[P@](=O)(CCCCc1ccccc1)CC(=O)N1C[C@H](C2CCCCC2)C[C@H]1C(=O)O)C(C)C,,,CHEMBL1133572,J Med Chem,2000,"{'bei': '15.97', 'le': '0.32', 'lle': '2.88', 'sei': '8.17'}",CHEMBL3039598,FOSINOPRIL,CHEMBL3039598,9.00,0,http://www.openphacts.org/units/Nanomolar,217065,=,1,1,=,,IC50,nM,,1.0,CHEMBL1808,Homo sapiens,Angiotensin-converting enzyme,9606,,,IC50,nM,UO_0000065,,1.0
,,660928,[],CHEMBL648689,Inhibitory activity against angiotensin I converting enzyme (ACE),B,,,BAO_0000190,BAO_0000357,single protein format,C[C@H](CSC(=O)c1ccccc1)C(=O)N1C[C@@H](Sc2ccccc2)C[C@H]1C(=O)O,,,CHEMBL1133572,J Med Chem,2000,"{'bei': '21.88', 'le': '0.44', 'lle': '5.36', 'sei': '12.58'}",CHEMBL331378,ZOFENOPRIL,CHEMBL331378,9.40,0,http://www.openphacts.org/units/Nanomolar,217064,=,1,1,=,,IC50,nM,,0.4,CHEMBL1808,Homo sapiens,Angiotensin-converting enzyme,9606,,,IC50,nM,UO_0000065,,0.4
,,662147,[],CHEMBL648689,Inhibitory activity against angiotensin I converting enzyme (ACE),B,,,BAO_0000190,BAO_0000357,single protein format,CCCCc1nc(Cl)c(CO)n1Cc1ccc(-c2ccccc2-c2nnn[nH]2)cc1,,,CHEMBL1133572,J Med Chem,2000,"{'bei': '18.26', 'le': '0.35', 'lle': '3.45', 'sei': '8.35'}",CHEMBL191,LOSARTAN,CHEMBL191,7.72,0,http://www.openphacts.org/units/Nanomolar,217063,=,1,1,=,,IC50,nM,,19.0,CHEMBL1808,Homo sapiens,Angiotensin-converting enzyme,9606,,,IC50,nM,UO_0000065,,19.0
,,665847,[],CHEMBL645455,Compound was tested for its inhibitory activity against Angiotensin I converting enzyme,B,,,BAO_0000190,BAO_0000357,single protein format,CCCCC[C@H](CC(=O)NO)C(=O)N[C@H](C(=O)N1CCC[C@H]1CO)C(C)C,,,CHEMBL1133973,Bioorg Med Chem Lett,2001,,CHEMBL308333,ACTINONIN,CHEMBL308333,,0,http://www.openphacts.org/units/Nanomolar,157458,>,1,1,>,,IC50,nM,,100000.0,CHEMBL1808,Homo sapiens,Angiotensin-converting enzyme,9606,,,IC50,nM,UO_0000065,,100000.0
,,666079,[],CHEMBL648689,Inhibitory activity against angiotensin I converting enzyme (ACE),B,,,BAO_0000190,BAO_0000357,single protein format,O=C(NC1CCC[C@H]2CCC[C@@H](C(=O)O)N2C1=O)[C@@H](S)Cc1ccccc1,,,CHEMBL1133572,J Med Chem,2000,"{'bei': '21.26', 'le': '0.42', 'lle': '6.27', 'sei': '9.57'}",CHEMBL325056,,CHEMBL325056,8.30,0,http://www.openphacts.org/units/Nanomolar,217057,=,1,1,=,,IC50,nM,,5.0,CHEMBL1808,Homo sapiens,Angiotensin-converting enzyme,9606,,,IC50,nM,UO_0000065,,5.0
,,671163,[],CHEMBL648689,Inhibitory activity against angiotensin I converting enzyme (ACE),B,,,BAO_0000190,BAO_0000357,single protein format,C[C@H](CS)C(=O)N1CCC[C@H]1C(=O)O,,,CHEMBL1133572,J Med Chem,2000,"{'bei': '35.15', 'le': '0.75', 'lle': '7.01', 'sei': '13.26'}",CHEMBL1560,CAPTOPRIL,CHEMBL1560,7.64,1,http://www.openphacts.org/units/Nanomolar,217069,=,1,1,=,,IC50,nM,,23.0,CHEMBL1808,Homo sapiens,Angiotensin-converting enzyme,9606,,,IC50,nM,UO_0000065,,23.0
,,714657,[],CHEMBL648337,Inhibitory activity against angiotensin converting enzyme (ACE),F,,,BAO_0000190,BAO_0000019,assay format,O=C(O)CCn1c(=O)n2n(c1=O)[C@H](C(=O)O)C=CC2,,,CHEMBL1126767,J Med Chem,1993,,CHEMBL310750,,CHEMBL310750,9.00,0,http://www.openphacts.org/units/Nanomolar,141572,=,1,1,=,,IC50,nM,,1.0,CHEMBL1808,Homo sapiens,Angiotensin-converting enzyme,9606,,,pIC50,,UO_0000065,,9.0
,,715452,[],CHEMBL648701,In vitro inhibitory activity against Angiotensin I converting enzyme from unpurified guinea pig serum,B,,,BAO_0000190,BAO_0000357,single protein format,CCOC(=O)[C@H](CCc1ccccc1)N[C@@H](C)C(=O)N1CCC[C@H]1C(=O)O,,,CHEMBL1123106,J Med Chem,1985,"{'bei': '18.21', 'le': '0.35', 'lle': '5.25', 'sei': '7.14'}",CHEMBL578,ENALAPRIL,CHEMBL578,6.85,0,http://www.openphacts.org/units/Nanomolar,33773,=,1,1,=,,IC50,nM,,140.0,CHEMBL1808,Homo sapiens,Angiotensin-converting enzyme,9606,,,IC50,M,UO_0000065,,1.4E-7
,,715922,[],CHEMBL648337,Inhibitory activity against angiotensin converting enzyme (ACE),F,,,BAO_0000190,BAO_0000019,assay format,CSC1(SC)C[C@@H](C(=O)O)N(C(=O)[C@H](CCCCN)OP(=O)(O)CCCCc2ccccc2)C1,,,CHEMBL1126767,J Med Chem,1993,,CHEMBL445561,,CHEMBL445561,8.59,0,http://www.openphacts.org/units/Nanomolar,141569,=,1,1,=,,IC50,nM,,2.57,CHEMBL1808,Homo sapiens,Angiotensin-converting enzyme,9606,,,pIC50,,UO_0000065,,8.59
,,715923,[],CHEMBL648337,Inhibitory activity against angiotensin converting enzyme (ACE),F,,,BAO_0000190,BAO_0000019,assay format,C[C@H](NCCCc1ccccc1)C(=O)N1CCC[C@H]1C(=O)O,,,CHEMBL1126767,J Med Chem,1993,,CHEMBL80147,,CHEMBL80147,5.24,0,http://www.openphacts.org/units/Nanomolar,141682,=,1,1,=,,IC50,nM,,5754.4,CHEMBL1808,Homo sapiens,Angiotensin-converting enzyme,9606,,,pIC50,,UO_0000065,,5.24
,,715924,[],CHEMBL648337,Inhibitory activity against angiotensin converting enzyme (ACE),F,,,BAO_0000190,BAO_0000019,assay format,NC(Cc1ccccc1)C(=O)N[C@H](CCC(=O)N1[C@H](C(=O)O)C[C@@H]2CCCC[C@@H]21)C(=O)O,,,CHEMBL1126767,J Med Chem,1993,,CHEMBL310869,,CHEMBL310869,7.00,0,http://www.openphacts.org/units/Nanomolar,141579,=,1,1,=,,IC50,nM,,100.0,CHEMBL1808,Homo sapiens,Angiotensin-converting enzyme,9606,,,pIC50,,UO_0000065,,7.0
,,715925,[],CHEMBL648337,Inhibitory activity against angiotensin converting enzyme (ACE),F,,,BAO_0000190,BAO_0000019,assay format,CC(S)C(=O)N[C@@H](CS)C(=O)O,Outside typical range,"Values for this activity type are unusually large/small, so may not be accurate",CHEMBL1126767,J Med Chem,1993,,CHEMBL309914,,CHEMBL309914,,0,http://www.openphacts.org/units/Nanomolar,141632,=,1,1,=,,IC50,nM,,537031.8,CHEMBL1808,Homo sapiens,Angiotensin-converting enzyme,9606,,,pIC50,,UO_0000065,,3.27
,,715933,[],CHEMBL648337,Inhibitory activity against angiotensin converting enzyme (ACE),F,,,BAO_0000190,BAO_0000019,assay format,NCCCCC(NC(=O)OCc1ccccc1)C(=O)N[C@H](CCC(=O)N1CCC[C@H]1C(=O)O)C(=O)O,,,CHEMBL1126767,J Med Chem,1993,,CHEMBL420391,,CHEMBL420391,7.92,0,http://www.openphacts.org/units/Nanomolar,141599,=,1,1,=,,IC50,nM,,12.02,CHEMBL1808,Homo sapiens,Angiotensin-converting enzyme,9606,,,pIC50,,UO_0000065,,7.92
,No significant activity,716631,[],CHEMBL884035,In vitro inhibitory activity against Angiotensin I converting enzyme from unpurified guinea pig serum; No significant activity,B,,,BAO_0000190,BAO_0000357,single protein format,CCOC(=O)C(CCc1ccccc1)S(=O)(=O)C(C)C(=O)N1CCC[C@H]1C(=O)O,,,CHEMBL1123106,J Med Chem,1985,,CHEMBL1907753,,CHEMBL1907753,,0,http://www.openphacts.org/units/Nanomolar,33767,,1,0,,,IC50,nM,,,CHEMBL1808,Homo sapiens,Angiotensin-converting enzyme,9606,,,IC50,M,UO_0000065,,
,,717213,[],CHEMBL648337,Inhibitory activity against angiotensin converting enzyme (ACE),F,,,BAO_0000190,BAO_0000019,assay format,O=C(O)[C@@H]1CC2(CN1C(=O)CP(=O)(O)CCCCc1ccccc1)SCCS2,,,CHEMBL1126767,J Med Chem,1993,,CHEMBL277270,,CHEMBL277270,8.40,0,http://www.openphacts.org/units/Nanomolar,141679,=,1,1,=,,IC50,nM,,3.981,CHEMBL1808,Homo sapiens,Angiotensin-converting enzyme,9606,,,pIC50,,UO_0000065,,8.4
,,717214,[],CHEMBL648337,Inhibitory activity against angiotensin converting enzyme (ACE),F,,,BAO_0000190,BAO_0000019,assay format,C[C@H](NP(=O)(O)CCc1ccccc1)C(=O)N1CCC[C@H]1C(=O)O,,,CHEMBL1126767,J Med Chem,1993,,CHEMBL309601,,CHEMBL309601,8.15,0,http://www.openphacts.org/units/Nanomolar,141675,=,1,1,=,,IC50,nM,,7.079,CHEMBL1808,Homo sapiens,Angiotensin-converting enzyme,9606,,,pIC50,,UO_0000065,,8.15
,,717215,[],CHEMBL648337,Inhibitory activity against angiotensin converting enzyme (ACE),F,,,BAO_0000190,BAO_0000019,assay format,O=C(O)CCC(=O)CCS,,,CHEMBL1126767,J Med Chem,1993,,CHEMBL80729,,CHEMBL80729,5.62,0,http://www.openphacts.org/units/Nanomolar,141690,=,1,1,=,,IC50,nM,,2398.83,CHEMBL1808,Homo sapiens,Angiotensin-converting enzyme,9606,,,pIC50,,UO_0000065,,5.62
,,717216,[],CHEMBL648337,Inhibitory activity against angiotensin converting enzyme (ACE),F,,,BAO_0000190,BAO_0000019,assay format,C[C@H](NCC(=O)O)C(=O)N1CCC[C@H]1C(=O)O,,,CHEMBL1126767,J Med Chem,1993,,CHEMBL65423,,CHEMBL65423,5.62,0,http://www.openphacts.org/units/Nanomolar,141685,=,1,1,=,,IC50,nM,,2398.83,CHEMBL1808,Homo sapiens,Angiotensin-converting enzyme,9606,,,pIC50,,UO_0000065,,5.62
,,717235,[],CHEMBL648337,Inhibitory activity against angiotensin converting enzyme (ACE),F,,,BAO_0000190,BAO_0000019,assay format,C[C@H](NC(C(=O)O)C1CCCN1C(=O)c1ccccc1)C(=O)N1CCC[C@H]1C(=O)O,,,CHEMBL1126767,J Med Chem,1993,,CHEMBL312431,,CHEMBL312431,8.54,0,http://www.openphacts.org/units/Nanomolar,141617,=,1,1,=,,IC50,nM,,2.884,CHEMBL1808,Homo sapiens,Angiotensin-converting enzyme,9606,,,pIC50,,UO_0000065,,8.54
,,717236,[],CHEMBL648337,Inhibitory activity against angiotensin converting enzyme (ACE),F,,,BAO_0000190,BAO_0000019,assay format,C[C@H](NC(=O)CCC(=O)O)C(=O)O,Outside typical range,"Values for this activity type are unusually large/small, so may not be accurate",CHEMBL1126767,J Med Chem,1993,,CHEMBL77056,,CHEMBL77056,,0,http://www.openphacts.org/units/Nanomolar,141614,=,1,1,=,,IC50,nM,,1348962.88,CHEMBL1808,Homo sapiens,Angiotensin-converting enzyme,9606,,,pIC50,,UO_0000065,,2.87
,,717237,[],CHEMBL648337,Inhibitory activity against angiotensin converting enzyme (ACE),F,,,BAO_0000190,BAO_0000019,assay format,C[C@H](NC(CCc1ccccc1)C(=O)O)C(=O)N(CC(=O)O)C1Cc2ccccc2C1,,,CHEMBL1126767,J Med Chem,1993,,CHEMBL78341,,CHEMBL78341,7.40,0,http://www.openphacts.org/units/Nanomolar,141606,=,1,1,=,,IC50,nM,,39.81,CHEMBL1808,Homo sapiens,Angiotensin-converting enzyme,9606,,,pIC50,,UO_0000065,,7.4
,,717238,[],CHEMBL648337,Inhibitory activity against angiotensin converting enzyme (ACE),F,,,BAO_0000190,BAO_0000019,assay format,NCCCC[C@H](OP(=O)(O)CCCCc1ccccc1)C(=O)N(CC(=O)O)c1ccc2c(c1)OCO2,,,CHEMBL1126767,J Med Chem,1993,,CHEMBL35561,,CHEMBL35561,9.94,0,http://www.openphacts.org/units/Nanomolar,141584,=,1,1,=,,IC50,nM,,0.1148,CHEMBL1808,Homo sapiens,Angiotensin-converting enzyme,9606,,,pIC50,,UO_0000065,,9.94
,,717989,[],CHEMBL648701,In vitro inhibitory activity against Angiotensin I converting enzyme from unpurified guinea pig serum,B,,,BAO_0000190,BAO_0000357,single protein format,CCOC(=O)C(CCc1ccccc1)SC(C)C(=O)N1Cc2ccccc2C[C@H]1C(=O)O,,,CHEMBL1123106,J Med Chem,1985,"{'bei': '13.91', 'le': '0.27', 'lle': '2.63', 'sei': '7.55'}",CHEMBL1907754,,CHEMBL1907754,6.34,0,http://www.openphacts.org/units/Nanomolar,33775,=,1,1,=,,IC50,nM,,460.0,CHEMBL1808,Homo sapiens,Angiotensin-converting enzyme,9606,,,IC50,M,UO_0000065,,4.6E-7
,,718342,[],CHEMBL648337,Inhibitory activity against angiotensin converting enzyme (ACE),F,,,BAO_0000190,BAO_0000019,assay format,O=C(O)CCC(=O)N[C@@H](Cc1ccccc1)C(=O)O,Outside typical range,"Values for this activity type are unusually large/small, so may not be accurate",CHEMBL1126767,J Med Chem,1993,,CHEMBL80101,,CHEMBL80101,,0,http://www.openphacts.org/units/Nanomolar,141644,=,1,1,=,,IC50,nM,,549540.87,CHEMBL1808,Homo sapiens,Angiotensin-converting enzyme,9606,,,pIC50,,UO_0000065,,3.26
,,718354,[],CHEMBL648337,Inhibitory activity against angiotensin converting enzyme (ACE),F,,,BAO_0000190,BAO_0000019,assay format,NCCCC[C@H](OP(=O)(O)CCCCc1ccccc1)C(=O)N1CCC[C@H]1C(=O)O,,,CHEMBL1126767,J Med Chem,1993,,CHEMBL36503,CERONAPRIL,CHEMBL36503,7.44,0,http://www.openphacts.org/units/Nanomolar,141630,=,1,1,=,,IC50,nM,,36.31,CHEMBL1808,Homo sapiens,Angiotensin-converting enzyme,9606,,,pIC50,,UO_0000065,,7.44
,,718355,[],CHEMBL648337,Inhibitory activity against angiotensin converting enzyme (ACE),F,,,BAO_0000190,BAO_0000019,assay format,Cc1ccc(N(CC(=O)O)C(=O)C(C)N)cc1,,,CHEMBL1126767,J Med Chem,1993,,CHEMBL80240,,CHEMBL80240,5.59,0,http://www.openphacts.org/units/Nanomolar,141608,=,1,1,=,,IC50,nM,,2570.4,CHEMBL1808,Homo sapiens,Angiotensin-converting enzyme,9606,,,pIC50,,UO_0000065,,5.59
,,718356,[],CHEMBL648337,Inhibitory activity against angiotensin converting enzyme (ACE),F,,,BAO_0000190,BAO_0000019,assay format,CCN(C[C@H](CCc1ccccc1)C(=O)O)C(=O)N1Cc2ccccc2C[C@H]1C(=O)O,,,CHEMBL1126767,J Med Chem,1993,,CHEMBL311471,,CHEMBL311471,8.19,0,http://www.openphacts.org/units/Nanomolar,141605,=,1,1,=,,IC50,nM,,6.457,CHEMBL1808,Homo sapiens,Angiotensin-converting enzyme,9606,,,pIC50,,UO_0000065,,8.19
,,719466,[],CHEMBL648337,Inhibitory activity against angiotensin converting enzyme (ACE),F,,,BAO_0000190,BAO_0000019,assay format,C[C@@H](CS)C(=O)N1c2ccccc2C[C@H]1C(=O)O,,,CHEMBL1126767,J Med Chem,1993,,CHEMBL611148,,CHEMBL611148,8.22,0,http://www.openphacts.org/units/Nanomolar,141570,=,1,1,=,,IC50,nM,,6.026,CHEMBL1808,Homo sapiens,Angiotensin-converting enzyme,9606,,,pIC50,,UO_0000065,,8.22
,,719467,[],CHEMBL648337,Inhibitory activity against angiotensin converting enzyme (ACE),F,,,BAO_0000190,BAO_0000019,assay format,O=C(O)[C@@H]1CCCN1C(=O)C1CCCC1S,,,CHEMBL1126767,J Med Chem,1993,,CHEMBL431983,,CHEMBL431983,7.19,0,http://www.openphacts.org/units/Nanomolar,141671,=,1,1,=,,IC50,nM,,64.57,CHEMBL1808,Homo sapiens,Angiotensin-converting enzyme,9606,,,pIC50,,UO_0000065,,7.19
,,719469,[],CHEMBL648337,Inhibitory activity against angiotensin converting enzyme (ACE),F,,,BAO_0000190,BAO_0000019,assay format,O=C(O)[C@H]1CCCN1C(=O)CCS,Outside typical range,"Values for this activity type are unusually large/small, so may not be accurate",CHEMBL1126767,J Med Chem,1993,,CHEMBL305938,,CHEMBL305938,,0,http://www.openphacts.org/units/Nanomolar,141646,=,1,1,=,,IC50,nM,,1819700.86,CHEMBL1808,Homo sapiens,Angiotensin-converting enzyme,9606,,,pIC50,,UO_0000065,,2.74
,,719521,[],CHEMBL648337,Inhibitory activity against angiotensin converting enzyme (ACE),F,,,BAO_0000190,BAO_0000019,assay format,O=C(O)C(CCc1ccccc1)N[C@H]1CCN2CCC[C@@H](C(=O)O)N2C1=O,,,CHEMBL1126767,J Med Chem,1993,,CHEMBL77446,,CHEMBL77446,7.25,0,http://www.openphacts.org/units/Nanomolar,141601,=,1,1,=,,IC50,nM,,56.23,CHEMBL1808,Homo sapiens,Angiotensin-converting enzyme,9606,,,pIC50,,UO_0000065,,7.25
,,720274,[],CHEMBL648701,In vitro inhibitory activity against Angiotensin I converting enzyme from unpurified guinea pig serum,B,,,BAO_0000190,BAO_0000357,single protein format,CCOC(=O)[C@H](CCc1ccccc1)N[C@@H](C)C(=O)N1C2CCCCC2C[C@H]1C(=O)O,,,CHEMBL1123106,J Med Chem,1985,"{'bei': '16.26', 'le': '0.31', 'lle': '4.23', 'sei': '7.30'}",CHEMBL2079671,,CHEMBL2079671,7.00,0,http://www.openphacts.org/units/Nanomolar,33763,=,1,1,=,,IC50,nM,,100.0,CHEMBL1808,Homo sapiens,Angiotensin-converting enzyme,9606,,,IC50,M,UO_0000065,,1E-7
,,720647,[],CHEMBL648337,Inhibitory activity against angiotensin converting enzyme (ACE),F,,,BAO_0000190,BAO_0000019,assay format,O=C(O)[C@@H]1CCCN2C(=O)C[C@@H](CS)C(=O)N12,,,CHEMBL1126767,J Med Chem,1993,,CHEMBL79190,,CHEMBL79190,7.15,0,http://www.openphacts.org/units/Nanomolar,141701,=,1,1,=,,IC50,nM,,70.79,CHEMBL1808,Homo sapiens,Angiotensin-converting enzyme,9606,,,pIC50,,UO_0000065,,7.15
,,720659,[],CHEMBL648337,Inhibitory activity against angiotensin converting enzyme (ACE),F,,,BAO_0000190,BAO_0000019,assay format,NCCCC[C@H](OP(=O)(O)CCCCc1ccccc1)C(=O)N1C[C@H](C2CCCCC2)C[C@H]1C(=O)O,,,CHEMBL1126767,J Med Chem,1993,,CHEMBL287518,,CHEMBL287518,8.49,0,http://www.openphacts.org/units/Nanomolar,141592,=,1,1,=,,IC50,nM,,3.236,CHEMBL1808,Homo sapiens,Angiotensin-converting enzyme,9606,,,pIC50,,UO_0000065,,8.49
,,721624,[],CHEMBL648337,Inhibitory activity against angiotensin converting enzyme (ACE),F,,,BAO_0000190,BAO_0000019,assay format,CC(S)C(=O)N[C@@H](Cc1c[nH]c2ccccc12)C(=O)O,,,CHEMBL1126767,J Med Chem,1993,,CHEMBL309799,,CHEMBL309799,7.19,0,http://www.openphacts.org/units/Nanomolar,141574,=,1,1,=,,IC50,nM,,64.57,CHEMBL1808,Homo sapiens,Angiotensin-converting enzyme,9606,,,pIC50,,UO_0000065,,7.19
,,721668,[],CHEMBL648337,Inhibitory activity against angiotensin converting enzyme (ACE),F,,,BAO_0000190,BAO_0000019,assay format,NCCCC[C@H](OP(=O)(O)CCCCc1ccccc1)C(=O)N1C[C@@H](Cc2ccccc2)C[C@H]1C(=O)O,,,CHEMBL1126767,J Med Chem,1993,,CHEMBL284843,,CHEMBL284843,9.05,0,http://www.openphacts.org/units/Nanomolar,141626,=,1,1,=,,IC50,nM,,0.8913,CHEMBL1808,Homo sapiens,Angiotensin-converting enzyme,9606,,,pIC50,,UO_0000065,,9.05
,,722699,[],CHEMBL648337,Inhibitory activity against angiotensin converting enzyme (ACE),F,,,BAO_0000190,BAO_0000019,assay format,O=C(NC(Cc1ccccc1)CP(=O)(O)CC(=O)N1CCC[C@H]1C(=O)O)c1ccccc1,,,CHEMBL1126767,J Med Chem,1993,,CHEMBL310841,,CHEMBL310841,8.00,0,http://www.openphacts.org/units/Nanomolar,141678,=,1,1,=,,IC50,nM,,10.0,CHEMBL1808,Homo sapiens,Angiotensin-converting enzyme,9606,,,pIC50,,UO_0000065,,8.0
,,722725,[],CHEMBL648337,Inhibitory activity against angiotensin converting enzyme (ACE),F,,,BAO_0000190,BAO_0000019,assay format,O=C(CCS)OC(Cc1ccccc1)C(=O)O,,,CHEMBL1126767,J Med Chem,1993,,CHEMBL80667,,CHEMBL80667,6.15,0,http://www.openphacts.org/units/Nanomolar,141611,=,1,1,=,,IC50,nM,,707.95,CHEMBL1808,Homo sapiens,Angiotensin-converting enzyme,9606,,,pIC50,,UO_0000065,,6.15
,,723578,[],CHEMBL648701,In vitro inhibitory activity against Angiotensin I converting enzyme from unpurified guinea pig serum,B,,,BAO_0000190,BAO_0000357,single protein format,CCOC(=O)C(CCc1ccccc1)OC(C)C(=O)N1CCCC1C(=O)O,,,CHEMBL1123106,J Med Chem,1985,"{'bei': '17.64', 'le': '0.34', 'lle': '4.63', 'sei': '7.15'}",CHEMBL284494,,CHEMBL284494,6.66,0,http://www.openphacts.org/units/Nanomolar,33755,=,1,1,=,,IC50,nM,,220.0,CHEMBL1808,Homo sapiens,Angiotensin-converting enzyme,9606,,,IC50,M,UO_0000065,,2.2E-7
,,723940,[],CHEMBL648337,Inhibitory activity against angiotensin converting enzyme (ACE),F,,,BAO_0000190,BAO_0000019,assay format,C[C@@H](NC(=O)C(S)Cc1ccccc1)C(=O)N1CCC[C@H]1C(=O)O,,,CHEMBL1126767,J Med Chem,1993,,CHEMBL77556,,CHEMBL77556,7.30,0,http://www.openphacts.org/units/Nanomolar,141668,=,1,1,=,,IC50,nM,,50.12,CHEMBL1808,Homo sapiens,Angiotensin-converting enzyme,9606,,,pIC50,,UO_0000065,,7.3
,,723941,[],CHEMBL648337,Inhibitory activity against angiotensin converting enzyme (ACE),F,,,BAO_0000190,BAO_0000019,assay format,O=C(O)CCNC(=O)CCS,Outside typical range,"Values for this activity type are unusually large/small, so may not be accurate",CHEMBL1126767,J Med Chem,1993,,CHEMBL80304,,CHEMBL80304,,0,http://www.openphacts.org/units/Nanomolar,141696,=,1,1,=,,IC50,nM,,489778.82,CHEMBL1808,Homo sapiens,Angiotensin-converting enzyme,9606,,,pIC50,,UO_0000065,,3.31
,,723942,[],CHEMBL648337,Inhibitory activity against angiotensin converting enzyme (ACE),F,,,BAO_0000190,BAO_0000019,assay format,CC(C)CCC(N[C@@H](C)C(=O)N1CCC[C@H]1C(=O)O)C(=O)O,,,CHEMBL1126767,J Med Chem,1993,,CHEMBL78340,,CHEMBL78340,8.59,0,http://www.openphacts.org/units/Nanomolar,141683,=,1,1,=,,IC50,nM,,2.57,CHEMBL1808,Homo sapiens,Angiotensin-converting enzyme,9606,,,pIC50,,UO_0000065,,8.59
,,723943,[],CHEMBL648337,Inhibitory activity against angiotensin converting enzyme (ACE),F,,,BAO_0000190,BAO_0000019,assay format,CC(C)(S)C(=O)N[C@@H](Cc1c[nH]c2ccccc12)C(=O)O,,,CHEMBL1126767,J Med Chem,1993,,CHEMBL80981,,CHEMBL80981,4.42,0,http://www.openphacts.org/units/Nanomolar,141656,=,1,1,=,,IC50,nM,,38018.94,CHEMBL1808,Homo sapiens,Angiotensin-converting enzyme,9606,,,pIC50,,UO_0000065,,4.42
,,723968,[],CHEMBL648337,Inhibitory activity against angiotensin converting enzyme (ACE),F,,,BAO_0000190,BAO_0000019,assay format,NCCCC[C@H](OP(=O)(O)CCCCc1ccccc1)C(=O)N1C[C@@H](Sc2ccccc2)C[C@H]1C(=O)O,,,CHEMBL1126767,J Med Chem,1993,,CHEMBL34832,,CHEMBL34832,9.28,0,http://www.openphacts.org/units/Nanomolar,141624,=,1,1,=,,IC50,nM,,0.5248,CHEMBL1808,Homo sapiens,Angiotensin-converting enzyme,9606,,,pIC50,,UO_0000065,,9.28
,,723969,[],CHEMBL648337,Inhibitory activity against angiotensin converting enzyme (ACE),F,,,BAO_0000190,BAO_0000019,assay format,O=C(NC(Cc1ccccc1)C(=O)N[C@H](CCC(=O)N1c2ccccc2C[C@H]1C(=O)O)C(=O)O)OCc1ccccc1,,,CHEMBL1126767,J Med Chem,1993,,CHEMBL78629,,CHEMBL78629,9.60,0,http://www.openphacts.org/units/Nanomolar,141596,=,1,1,=,,IC50,nM,,0.2512,CHEMBL1808,Homo sapiens,Angiotensin-converting enzyme,9606,,,pIC50,,UO_0000065,,9.6
,,723970,[],CHEMBL648337,Inhibitory activity against angiotensin converting enzyme (ACE),F,,,BAO_0000190,BAO_0000019,assay format,NCCCC[C@H](OP(=O)(O)CCCCc1ccccc1)C(=O)N(CC(=O)O)c1ccccc1,,,CHEMBL1126767,J Med Chem,1993,,CHEMBL284345,,CHEMBL284345,8.97,0,http://www.openphacts.org/units/Nanomolar,141586,=,1,1,=,,IC50,nM,,1.072,CHEMBL1808,Homo sapiens,Angiotensin-converting enzyme,9606,,,pIC50,,UO_0000065,,8.97
,,725137,[],CHEMBL648337,Inhibitory activity against angiotensin converting enzyme (ACE),F,,,BAO_0000190,BAO_0000019,assay format,O=C(O)[C@@H]1CCCN1C(=O)CCS,,,CHEMBL1126767,J Med Chem,1993,,CHEMBL10962,,CHEMBL10962,6.70,0,http://www.openphacts.org/units/Nanomolar,141649,=,1,1,=,,IC50,nM,,199.53,CHEMBL1808,Homo sapiens,Angiotensin-converting enzyme,9606,,,pIC50,,UO_0000065,,6.7
,,725138,[],CHEMBL648337,Inhibitory activity against angiotensin converting enzyme (ACE),F,,,BAO_0000190,BAO_0000019,assay format,C[C@@H](N)C(=O)N[C@@H](Cc1ccccc1)C(=O)O,Outside typical range,"Values for this activity type are unusually large/small, so may not be accurate",CHEMBL1126767,J Med Chem,1993,,CHEMBL78953,,CHEMBL78953,,0,http://www.openphacts.org/units/Nanomolar,141638,=,1,1,=,,IC50,nM,,190546.07,CHEMBL1808,Homo sapiens,Angiotensin-converting enzyme,9606,,,pIC50,,UO_0000065,,3.72
,,725139,[],CHEMBL648337,Inhibitory activity against angiotensin converting enzyme (ACE),F,,,BAO_0000190,BAO_0000019,assay format,O=C(O)C[C@H](NC(=O)CS)C(=O)O,,,CHEMBL1126767,J Med Chem,1993,,CHEMBL80242,,CHEMBL80242,4.11,0,http://www.openphacts.org/units/Nanomolar,141635,=,1,1,=,,IC50,nM,,77624.71,CHEMBL1808,Homo sapiens,Angiotensin-converting enzyme,9606,,,pIC50,,UO_0000065,,4.11
,,725176,[],CHEMBL648337,Inhibitory activity against angiotensin converting enzyme (ACE),F,,,BAO_0000190,BAO_0000019,assay format,O=C(O)[C@@H]1CCCN1C(=O)CP(=O)(O)O,,,CHEMBL1126767,J Med Chem,1993,,CHEMBL263556,,CHEMBL263556,5.08,0,http://www.openphacts.org/units/Nanomolar,141610,=,1,1,=,,IC50,nM,,8317.64,CHEMBL1808,Homo sapiens,Angiotensin-converting enzyme,9606,,,pIC50,,UO_0000065,,5.08
,,725177,[],CHEMBL648337,Inhibitory activity against angiotensin converting enzyme (ACE),F,,,BAO_0000190,BAO_0000019,assay format,O=C(O)[C@@H]1CCCN1C(=O)CCP(=O)(O)O,,,CHEMBL1126767,J Med Chem,1993,,CHEMBL312550,,CHEMBL312550,4.32,0,http://www.openphacts.org/units/Nanomolar,141609,=,1,1,=,,IC50,nM,,47863.01,CHEMBL1808,Homo sapiens,Angiotensin-converting enzyme,9606,,,pIC50,,UO_0000065,,4.32
,,725178,[],CHEMBL648337,Inhibitory activity against angiotensin converting enzyme (ACE),F,,,BAO_0000190,BAO_0000019,assay format,NCCCC[C@H](OP(=O)(O)CCCCc1ccccc1)C(=O)N1c2ccccc2C[C@H]1C(=O)O,,,CHEMBL1126767,J Med Chem,1993,,CHEMBL284734,,CHEMBL284734,9.53,0,http://www.openphacts.org/units/Nanomolar,141582,=,1,1,=,,IC50,nM,,0.2951,CHEMBL1808,Homo sapiens,Angiotensin-converting enzyme,9606,,,pIC50,,UO_0000065,,9.53
,,725941,[],CHEMBL648701,In vitro inhibitory activity against Angiotensin I converting enzyme from unpurified guinea pig serum,B,,,BAO_0000190,BAO_0000357,single protein format,CCOC(=O)C(CCc1ccccc1)SC(C)C(=O)N1C2CCCCC2C[C@H]1C(=O)O,,,CHEMBL1123106,J Med Chem,1985,"{'bei': '12.73', 'le': '0.25', 'lle': '1.78', 'sei': '6.79'}",CHEMBL1907760,,CHEMBL1907760,5.70,0,http://www.openphacts.org/units/Nanomolar,33759,=,1,1,=,,IC50,nM,,2000.0,CHEMBL1808,Homo sapiens,Angiotensin-converting enzyme,9606,,,IC50,M,UO_0000065,,0.000002
,,726327,[],CHEMBL648337,Inhibitory activity against angiotensin converting enzyme (ACE),F,,,BAO_0000190,BAO_0000019,assay format,C[C@H](NC(CCC(=O)Nc1ccc(I)cc1)C(=O)O)C(=O)N1CCC[C@H]1C(=O)O,,,CHEMBL1126767,J Med Chem,1993,,CHEMBL80665,,CHEMBL80665,9.64,0,http://www.openphacts.org/units/Nanomolar,141666,=,1,1,=,,IC50,nM,,0.2291,CHEMBL1808,Homo sapiens,Angiotensin-converting enzyme,9606,,,pIC50,,UO_0000065,,9.64
,,726328,[],CHEMBL648337,Inhibitory activity against angiotensin converting enzyme (ACE),F,,,BAO_0000190,BAO_0000019,assay format,C[C@H](NC(=O)CCS)C(=O)N1CCC[C@H]1C(=O)O,,,CHEMBL1126767,J Med Chem,1993,,CHEMBL79016,,CHEMBL79016,5.59,0,http://www.openphacts.org/units/Nanomolar,141658,=,1,1,=,,IC50,nM,,2570.4,CHEMBL1808,Homo sapiens,Angiotensin-converting enzyme,9606,,,pIC50,,UO_0000065,,5.59
,,726329,[],CHEMBL648337,Inhibitory activity against angiotensin converting enzyme (ACE),F,,,BAO_0000190,BAO_0000019,assay format,C[C@@H](N)C(=O)N[C@@H](Cc1ccccc1)C(=O)O,,,CHEMBL1126767,J Med Chem,1993,,CHEMBL78953,,CHEMBL78953,4.28,0,http://www.openphacts.org/units/Nanomolar,141637,=,1,1,=,,IC50,nM,,52480.75,CHEMBL1808,Homo sapiens,Angiotensin-converting enzyme,9606,,,pIC50,,UO_0000065,,4.28
,,727237,[],CHEMBL648701,In vitro inhibitory activity against Angiotensin I converting enzyme from unpurified guinea pig serum,B,,,BAO_0000190,BAO_0000357,single protein format,CCOC(=O)[C@H](CCc1ccccc1)N[C@@H](C)C(=O)N1Cc2ccccc2C[C@H]1C(=O)O,,,CHEMBL1123106,J Med Chem,1985,"{'bei': '18.43', 'le': '0.34', 'lle': '5.51', 'sei': '8.42'}",CHEMBL1592,QUINAPRIL,CHEMBL1592,8.08,0,http://www.openphacts.org/units/Nanomolar,33765,=,1,1,=,,IC50,nM,,8.3,CHEMBL1808,Homo sapiens,Angiotensin-converting enzyme,9606,,,IC50,M,UO_0000065,,8.3E-9
,,727707,[],CHEMBL648337,Inhibitory activity against angiotensin converting enzyme (ACE),F,,,BAO_0000190,BAO_0000019,assay format,C[C@H](NC(CCc1cccc2ccccc12)C(=O)O)C(=O)N1CCC[C@H]1C(=O)O,,,CHEMBL1126767,J Med Chem,1993,,CHEMBL80779,,CHEMBL80779,8.96,0,http://www.openphacts.org/units/Nanomolar,141664,=,1,1,=,,IC50,nM,,1.096,CHEMBL1808,Homo sapiens,Angiotensin-converting enzyme,9606,,,pIC50,,UO_0000065,,8.96
,,727709,[],CHEMBL648337,Inhibitory activity against angiotensin converting enzyme (ACE),F,,,BAO_0000190,BAO_0000019,assay format,NC(CS)C(=O)N1CCC[C@H]1C(=O)O,,,CHEMBL1126767,J Med Chem,1993,,CHEMBL412666,,CHEMBL412666,7.20,0,http://www.openphacts.org/units/Nanomolar,141684,=,1,1,=,,IC50,nM,,63.1,CHEMBL1808,Homo sapiens,Angiotensin-converting enzyme,9606,,,pIC50,,UO_0000065,,7.2
,,727710,[],CHEMBL648337,Inhibitory activity against angiotensin converting enzyme (ACE),F,,,BAO_0000190,BAO_0000019,assay format,NCCCC[C@H](OP(=O)(O)CCCCc1ccccc1)C(=O)N1CC2(C[C@H]1C(=O)O)SCCS2,,,CHEMBL1126767,J Med Chem,1993,,CHEMBL34650,,CHEMBL34650,9.20,0,http://www.openphacts.org/units/Nanomolar,141577,=,1,1,=,,IC50,nM,,0.631,CHEMBL1808,Homo sapiens,Angiotensin-converting enzyme,9606,,,pIC50,,UO_0000065,,9.2
,,727711,[],CHEMBL648337,Inhibitory activity against angiotensin converting enzyme (ACE),F,,,BAO_0000190,BAO_0000019,assay format,O=C(CCS)N[C@@H](CS)C(=O)O,,,CHEMBL1126767,J Med Chem,1993,,CHEMBL309333,,CHEMBL309333,4.17,0,http://www.openphacts.org/units/Nanomolar,141576,=,1,1,=,,IC50,nM,,67608.3,CHEMBL1808,Homo sapiens,Angiotensin-converting enzyme,9606,,,pIC50,,UO_0000065,,4.17
,,727712,[],CHEMBL648337,Inhibitory activity against angiotensin converting enzyme (ACE),F,,,BAO_0000190,BAO_0000019,assay format,NCC(=O)N1CCC[C@H]1C(=O)O,Outside typical range,"Values for this activity type are unusually large/small, so may not be accurate",CHEMBL1126767,J Med Chem,1993,,CHEMBL80548,GLYCYL PROLINE,CHEMBL80548,,0,http://www.openphacts.org/units/Nanomolar,141643,=,1,1,=,,IC50,nM,,446683.59,CHEMBL1808,Homo sapiens,Angiotensin-converting enzyme,9606,,,pIC50,,UO_0000065,,3.35
,,727726,[],CHEMBL648337,Inhibitory activity against angiotensin converting enzyme (ACE),F,,,BAO_0000190,BAO_0000019,assay format,C[C@H](CS)C(=O)N1Cc2ccccc2C[C@H]1C(=O)O,,,CHEMBL1126767,J Med Chem,1993,,CHEMBL79189,,CHEMBL79189,7.70,0,http://www.openphacts.org/units/Nanomolar,141607,=,1,1,=,,IC50,nM,,19.95,CHEMBL1808,Homo sapiens,Angiotensin-converting enzyme,9606,,,pIC50,,UO_0000065,,7.7
,,728834,[],CHEMBL648337,Inhibitory activity against angiotensin converting enzyme (ACE),F,,,BAO_0000190,BAO_0000019,assay format,O=C(N[C@@H](Cc1ccccc1)C(=O)CCC(=O)N1CCC[C@H]1C(=O)O)c1ccccc1,,,CHEMBL1126767,J Med Chem,1993,,CHEMBL435360,,CHEMBL435360,7.92,1,http://www.openphacts.org/units/Nanomolar,141677,=,1,1,=,,IC50,nM,,12.02,CHEMBL1808,Homo sapiens,Angiotensin-converting enzyme,9606,,,pIC50,,UO_0000065,,7.92
,,728835,[],CHEMBL648337,Inhibitory activity against angiotensin converting enzyme (ACE),F,,,BAO_0000190,BAO_0000019,assay format,C[C@H](CC(=O)O)C(=O)N1CCC[C@H]1C(=O)O,,,CHEMBL1126767,J Med Chem,1993,,CHEMBL78805,,CHEMBL78805,4.99,0,http://www.openphacts.org/units/Nanomolar,141687,=,1,1,=,,IC50,nM,,10232.93,CHEMBL1808,Homo sapiens,Angiotensin-converting enzyme,9606,,,pIC50,,UO_0000065,,4.99
,,728836,[],CHEMBL648337,Inhibitory activity against angiotensin converting enzyme (ACE),F,,,BAO_0000190,BAO_0000019,assay format,C[C@H](CCC(=O)O)C(=O)N1CCC[C@H]1C(=O)O,,,CHEMBL1126767,J Med Chem,1993,,CHEMBL78780,,CHEMBL78780,5.31,0,http://www.openphacts.org/units/Nanomolar,141686,=,1,1,=,,IC50,nM,,4897.79,CHEMBL1808,Homo sapiens,Angiotensin-converting enzyme,9606,,,pIC50,,UO_0000065,,5.31
,,728837,[],CHEMBL648337,Inhibitory activity against angiotensin converting enzyme (ACE),F,,,BAO_0000190,BAO_0000019,assay format,O=C(CCS)N[C@@H](Cc1c[nH]c2ccccc12)C(=O)O,Outside typical range,"Values for this activity type are unusually large/small, so may not be accurate",CHEMBL1126767,J Med Chem,1993,,CHEMBL311064,,CHEMBL311064,,0,http://www.openphacts.org/units/Nanomolar,141654,<,1,1,>,,IC50,nM,,1000000.0,CHEMBL1808,Homo sapiens,Angiotensin-converting enzyme,9606,,,pIC50,,UO_0000065,,3.0
,,728878,[],CHEMBL648337,Inhibitory activity against angiotensin converting enzyme (ACE),F,,,BAO_0000190,BAO_0000019,assay format,CN(C(=O)CCS)[C@@H](Cc1ccccc1)C(=O)O,,,CHEMBL1126767,J Med Chem,1993,,CHEMBL80657,,CHEMBL80657,4.51,0,http://www.openphacts.org/units/Nanomolar,141613,=,1,1,=,,IC50,nM,,30902.95,CHEMBL1808,Homo sapiens,Angiotensin-converting enzyme,9606,,,pIC50,,UO_0000065,,4.51
,,728879,[],CHEMBL648337,Inhibitory activity against angiotensin converting enzyme (ACE),F,,,BAO_0000190,BAO_0000019,assay format,C[C@H](NC(CCc1ccccc1)P(=O)(O)O)C(=O)N1CCC[C@H]1C(=O)O,,,CHEMBL1126767,J Med Chem,1993,,CHEMBL80646,,CHEMBL80646,7.29,0,http://www.openphacts.org/units/Nanomolar,141600,=,1,1,=,,IC50,nM,,51.29,CHEMBL1808,Homo sapiens,Angiotensin-converting enzyme,9606,,,pIC50,,UO_0000065,,7.29
,No significant activity,729593,[],CHEMBL884035,In vitro inhibitory activity against Angiotensin I converting enzyme from unpurified guinea pig serum; No significant activity,B,,,BAO_0000190,BAO_0000357,single protein format,CC(SC(CCc1ccccc1)C(=O)O)C(=O)NC1(C(=O)O)CCCC1,,,CHEMBL1123106,J Med Chem,1985,,CHEMBL285008,,CHEMBL285008,,0,http://www.openphacts.org/units/Nanomolar,33770,,1,0,,,IC50,nM,,,CHEMBL1808,Homo sapiens,Angiotensin-converting enzyme,9606,,,IC50,M,UO_0000065,,
,,730003,[],CHEMBL648337,Inhibitory activity against angiotensin converting enzyme (ACE),F,,,BAO_0000190,BAO_0000019,assay format,CC(CS)C(=O)N[C@@H](Cc1c[nH]c2ccccc12)C(=O)O,,,CHEMBL1126767,J Med Chem,1993,,CHEMBL78489,,CHEMBL78489,7.46,0,http://www.openphacts.org/units/Nanomolar,141653,=,1,1,=,,IC50,nM,,34.67,CHEMBL1808,Homo sapiens,Angiotensin-converting enzyme,9606,,,pIC50,,UO_0000065,,7.46
,,730031,[],CHEMBL648337,Inhibitory activity against angiotensin converting enzyme (ACE),F,,,BAO_0000190,BAO_0000019,assay format,CC(C)[C@H](NC(=O)CCC(=O)O)C(=O)O,Outside typical range,"Values for this activity type are unusually large/small, so may not be accurate",CHEMBL1126767,J Med Chem,1993,,CHEMBL310764,,CHEMBL310764,,0,http://www.openphacts.org/units/Nanomolar,141588,=,1,1,=,,IC50,nM,,1096478.2,CHEMBL1808,Homo sapiens,Angiotensin-converting enzyme,9606,,,pIC50,,UO_0000065,,2.96
,,731098,[],CHEMBL648337,Inhibitory activity against angiotensin converting enzyme (ACE),F,,,BAO_0000190,BAO_0000019,assay format,O=C(O)[C@@H]1CCCN1C(=O)C1CCC1S,,,CHEMBL1126767,J Med Chem,1993,,CHEMBL78435,,CHEMBL78435,7.31,0,http://www.openphacts.org/units/Nanomolar,141670,=,1,1,=,,IC50,nM,,48.98,CHEMBL1808,Homo sapiens,Angiotensin-converting enzyme,9606,,,pIC50,,UO_0000065,,7.31
,,731099,[],CHEMBL648337,Inhibitory activity against angiotensin converting enzyme (ACE),F,,,BAO_0000190,BAO_0000019,assay format,O=C(CS)N[C@@H](Cc1c[nH]c2ccccc12)C(=O)O,,,CHEMBL1126767,J Med Chem,1993,,CHEMBL312120,,CHEMBL312120,6.12,0,http://www.openphacts.org/units/Nanomolar,141575,=,1,1,=,,IC50,nM,,758.58,CHEMBL1808,Homo sapiens,Angiotensin-converting enzyme,9606,,,pIC50,,UO_0000065,,6.12
,,731112,[],CHEMBL648337,Inhibitory activity against angiotensin converting enzyme (ACE),F,,,BAO_0000190,BAO_0000019,assay format,CS[C@@H]1C[C@@H](C(=O)O)N(C(=O)[C@H](CCCCN)OP(=O)(O)CCCCc2ccccc2)C1,,,CHEMBL1126767,J Med Chem,1993,,CHEMBL289022,,CHEMBL289022,9.28,0,http://www.openphacts.org/units/Nanomolar,141623,=,1,1,=,,IC50,nM,,0.5248,CHEMBL1808,Homo sapiens,Angiotensin-converting enzyme,9606,,,pIC50,,UO_0000065,,9.28
,,731113,[],CHEMBL648337,Inhibitory activity against angiotensin converting enzyme (ACE),F,,,BAO_0000190,BAO_0000019,assay format,C[C@H](CC(CCc1ccccc1)C(=O)O)C(=O)N1c2ccccc2C[C@H]1C(=O)O,,,CHEMBL1126767,J Med Chem,1993,,CHEMBL419649,,CHEMBL419649,8.32,0,http://www.openphacts.org/units/Nanomolar,141604,=,1,1,=,,IC50,nM,,4.786,CHEMBL1808,Homo sapiens,Angiotensin-converting enzyme,9606,,,pIC50,,UO_0000065,,8.32
,,731114,[],CHEMBL648337,Inhibitory activity against angiotensin converting enzyme (ACE),F,,,BAO_0000190,BAO_0000019,assay format,COP(=O)(O)C(CCc1ccccc1)N[C@@H](C)C(=O)N1CCC[C@H]1C(=O)O,,,CHEMBL1126767,J Med Chem,1993,,CHEMBL78385,,CHEMBL78385,6.36,0,http://www.openphacts.org/units/Nanomolar,141603,=,1,1,=,,IC50,nM,,436.52,CHEMBL1808,Homo sapiens,Angiotensin-converting enzyme,9606,,,pIC50,,UO_0000065,,6.36
,,732010,[],CHEMBL648701,In vitro inhibitory activity against Angiotensin I converting enzyme from unpurified guinea pig serum,B,,,BAO_0000190,BAO_0000357,single protein format,CCOC(=O)C(CCc1ccccc1)SC(C)C(=O)N1CCCC1C(=O)O,,,CHEMBL1123106,J Med Chem,1985,"{'bei': '14.07', 'le': '0.28', 'lle': '2.79', 'sei': '6.60'}",CHEMBL25996,,CHEMBL25996,5.54,0,http://www.openphacts.org/units/Nanomolar,33757,=,1,1,=,,IC50,nM,,2900.0,CHEMBL1808,Homo sapiens,Angiotensin-converting enzyme,9606,,,IC50,M,UO_0000065,,0.0000029
,,732011,[],CHEMBL648701,In vitro inhibitory activity against Angiotensin I converting enzyme from unpurified guinea pig serum,B,,,BAO_0000190,BAO_0000357,single protein format,CCOC(=O)C(CCc1ccccc1)SC(C)C(=O)N1CSC[C@@H]1C(=O)O,,,CHEMBL1123106,J Med Chem,1985,"{'bei': '12.92', 'le': '0.27', 'lle': '2.66', 'sei': '6.34'}",CHEMBL1907759,,CHEMBL1907759,5.32,0,http://www.openphacts.org/units/Nanomolar,33756,=,1,1,=,,IC50,nM,,4800.0,CHEMBL1808,Homo sapiens,Angiotensin-converting enzyme,9606,,,IC50,M,UO_0000065,,0.0000048
,,732051,[],CHEMBL648701,In vitro inhibitory activity against Angiotensin I converting enzyme from unpurified guinea pig serum,B,,,BAO_0000190,BAO_0000357,single protein format,CCOC(=O)C(CCc1ccccc1)OC(C)C(=O)N1Cc2ccccc2CC1C(=O)O,,,CHEMBL1123106,J Med Chem,1985,"{'bei': '17.87', 'le': '0.34', 'lle': '4.86', 'sei': '8.43'}",CHEMBL25782,,CHEMBL25782,7.85,0,http://www.openphacts.org/units/Nanomolar,33776,=,1,1,=,,IC50,nM,,14.0,CHEMBL1808,Homo sapiens,Angiotensin-converting enzyme,9606,,,IC50,M,UO_0000065,,1.4E-8
,,732338,[],CHEMBL648337,Inhibitory activity against angiotensin converting enzyme (ACE),F,,,BAO_0000190,BAO_0000019,assay format,O=C(O)CCc1cc(O)c2n(c1=O)[C@H](C(=O)O)CC2,,,CHEMBL1126767,J Med Chem,1993,,CHEMBL308267,,CHEMBL308267,6.34,0,http://www.openphacts.org/units/Nanomolar,141571,=,1,1,=,,IC50,nM,,457.09,CHEMBL1808,Homo sapiens,Angiotensin-converting enzyme,9606,,,pIC50,,UO_0000065,,6.34
,,732363,[],CHEMBL648337,Inhibitory activity against angiotensin converting enzyme (ACE),F,,,BAO_0000190,BAO_0000019,assay format,NCCCC[C@H](OP(=O)(O)CCCCc1ccccc1)C(=O)N1C[C@@H](C2CCCCC2)C[C@H]1C(=O)O,,,CHEMBL1126767,J Med Chem,1993,,CHEMBL286339,,CHEMBL286339,9.31,0,http://www.openphacts.org/units/Nanomolar,141629,=,1,1,=,,IC50,nM,,0.4898,CHEMBL1808,Homo sapiens,Angiotensin-converting enzyme,9606,,,pIC50,,UO_0000065,,9.31
,,733392,[],CHEMBL648337,Inhibitory activity against angiotensin converting enzyme (ACE),F,,,BAO_0000190,BAO_0000019,assay format,C[C@H](NC(CCc1ccc(O)cc1)C(=O)O)C(=O)N1CCC[C@H]1C(=O)O,,,CHEMBL1126767,J Med Chem,1993,,CHEMBL78726,,CHEMBL78726,8.55,0,http://www.openphacts.org/units/Nanomolar,141681,=,1,1,=,,IC50,nM,,2.818,CHEMBL1808,Homo sapiens,Angiotensin-converting enzyme,9606,,,pIC50,,UO_0000065,,8.55
,,733393,[],CHEMBL648337,Inhibitory activity against angiotensin converting enzyme (ACE),F,,,BAO_0000190,BAO_0000019,assay format,C[C@H](NC(=O)CCS)C(=O)O,,,CHEMBL1126767,J Med Chem,1993,,CHEMBL78440,,CHEMBL78440,6.07,0,http://www.openphacts.org/units/Nanomolar,141673,=,1,1,=,,IC50,nM,,851.14,CHEMBL1808,Homo sapiens,Angiotensin-converting enzyme,9606,,,pIC50,,UO_0000065,,6.07
,,733394,[],CHEMBL648337,Inhibitory activity against angiotensin converting enzyme (ACE),F,,,BAO_0000190,BAO_0000019,assay format,O=C(O)CCCCCS,Outside typical range,"Values for this activity type are unusually large/small, so may not be accurate",CHEMBL1126767,J Med Chem,1993,,CHEMBL78998,,CHEMBL78998,,0,http://www.openphacts.org/units/Nanomolar,141692,=,1,1,=,,IC50,nM,,1096478.2,CHEMBL1808,Homo sapiens,Angiotensin-converting enzyme,9606,,,pIC50,,UO_0000065,,2.96
,,733395,[],CHEMBL648337,Inhibitory activity against angiotensin converting enzyme (ACE),F,,,BAO_0000190,BAO_0000019,assay format,CC(C)(C)OC(=O)[C@@H]1CCCN1C(=O)CCS,,,CHEMBL1126767,J Med Chem,1993,,CHEMBL311316,,CHEMBL311316,4.41,0,http://www.openphacts.org/units/Nanomolar,141689,=,1,1,=,,IC50,nM,,38904.51,CHEMBL1808,Homo sapiens,Angiotensin-converting enzyme,9606,,,pIC50,,UO_0000065,,4.41
,,733396,[],CHEMBL648337,Inhibitory activity against angiotensin converting enzyme (ACE),F,,,BAO_0000190,BAO_0000019,assay format,N[C@@H](Cc1ccccc1)C(=O)N[C@H](CCC(=O)N1[C@H](C(=O)O)C[C@@H]2CCCC[C@@H]21)C(=O)O,,,CHEMBL1126767,J Med Chem,1993,,CHEMBL310139,,CHEMBL310139,6.66,0,http://www.openphacts.org/units/Nanomolar,141578,=,1,1,=,,IC50,nM,,218.78,CHEMBL1808,Homo sapiens,Angiotensin-converting enzyme,9606,,,pIC50,,UO_0000065,,6.66
,,733397,[],CHEMBL648337,Inhibitory activity against angiotensin converting enzyme (ACE),F,,,BAO_0000190,BAO_0000019,assay format,C[C@H](CS)C(=O)N1CCC[C@H]1C(=O)O,,,CHEMBL1126767,J Med Chem,1993,,CHEMBL1560,CAPTOPRIL,CHEMBL1560,7.64,0,http://www.openphacts.org/units/Nanomolar,141651,=,1,1,=,,IC50,nM,,22.91,CHEMBL1808,Homo sapiens,Angiotensin-converting enzyme,9606,,,pIC50,,UO_0000065,,7.64
,,733418,[],CHEMBL648337,Inhibitory activity against angiotensin converting enzyme (ACE),F,,,BAO_0000190,BAO_0000019,assay format,O=C(O)CCC(=O)NCC(=O)O,Outside typical range,"Values for this activity type are unusually large/small, so may not be accurate",CHEMBL1126767,J Med Chem,1993,,CHEMBL306117,,CHEMBL306117,,0,http://www.openphacts.org/units/Nanomolar,141615,=,1,1,=,,IC50,nM,,1995262.31,CHEMBL1808,Homo sapiens,Angiotensin-converting enzyme,9606,,,pIC50,,UO_0000065,,2.7
,,733419,[],CHEMBL648337,Inhibitory activity against angiotensin converting enzyme (ACE),F,,,BAO_0000190,BAO_0000019,assay format,CC(C)C[C@H](NC(=O)CCC(=O)O)C(=O)O,Outside typical range,"Values for this activity type are unusually large/small, so may not be accurate",CHEMBL1126767,J Med Chem,1993,,CHEMBL309782,,CHEMBL309782,,0,http://www.openphacts.org/units/Nanomolar,141587,=,1,1,=,,IC50,nM,,616595.0,CHEMBL1808,Homo sapiens,Angiotensin-converting enzyme,9606,,,pIC50,,UO_0000065,,3.21
,,733420,[],CHEMBL648337,Inhibitory activity against angiotensin converting enzyme (ACE),F,,,BAO_0000190,BAO_0000019,assay format,NCCCC[C@H](OP(=O)(O)CCCCc1ccccc1)C(=O)N(CC(=O)O)C1CCCCC1,,,CHEMBL1126767,J Med Chem,1993,,CHEMBL285935,,CHEMBL285935,9.53,0,http://www.openphacts.org/units/Nanomolar,141583,=,1,1,=,,IC50,nM,,0.2951,CHEMBL1808,Homo sapiens,Angiotensin-converting enzyme,9606,,,pIC50,,UO_0000065,,9.53
,,734752,[],CHEMBL648337,Inhibitory activity against angiotensin converting enzyme (ACE),F,,,BAO_0000190,BAO_0000019,assay format,C[C@H](NC(CCN)C(=O)O)C(=O)N1CCC[C@H]1C(=O)O,,,CHEMBL1126767,J Med Chem,1993,,CHEMBL79212,,CHEMBL79212,6.49,0,http://www.openphacts.org/units/Nanomolar,141661,=,1,1,=,,IC50,nM,,323.59,CHEMBL1808,Homo sapiens,Angiotensin-converting enzyme,9606,,,pIC50,,UO_0000065,,6.49
,,734753,[],CHEMBL648337,Inhibitory activity against angiotensin converting enzyme (ACE),F,,,BAO_0000190,BAO_0000019,assay format,CC[C@H](C)[C@H](N)C(=O)N1CCC[C@H]1C(=O)O,Outside typical range,"Values for this activity type are unusually large/small, so may not be accurate",CHEMBL1126767,J Med Chem,1993,,CHEMBL1807684,,CHEMBL1807684,,0,http://www.openphacts.org/units/Nanomolar,141640,=,1,1,=,,IC50,nM,,128824.96,CHEMBL1808,Homo sapiens,Angiotensin-converting enzyme,9606,,,pIC50,,UO_0000065,,3.89
,,734777,[],CHEMBL648337,Inhibitory activity against angiotensin converting enzyme (ACE),F,,,BAO_0000190,BAO_0000019,assay format,CC(C(=O)O)C1CCCCC(CS)C1=O,,,CHEMBL1126767,J Med Chem,1993,,CHEMBL311988,,CHEMBL311988,7.28,0,http://www.openphacts.org/units/Nanomolar,141602,=,1,1,=,,IC50,nM,,52.48,CHEMBL1808,Homo sapiens,Angiotensin-converting enzyme,9606,,,pIC50,,UO_0000065,,7.28
,,734778,[],CHEMBL648337,Inhibitory activity against angiotensin converting enzyme (ACE),F,,,BAO_0000190,BAO_0000019,assay format,O=C(CCS)N[C@@H](Cc1c[nH]cn1)C(=O)O,Outside typical range,"Values for this activity type are unusually large/small, so may not be accurate",CHEMBL1126767,J Med Chem,1993,,CHEMBL311239,,CHEMBL311239,,0,http://www.openphacts.org/units/Nanomolar,141589,=,1,1,=,,IC50,nM,,229086.77,CHEMBL1808,Homo sapiens,Angiotensin-converting enzyme,9606,,,pIC50,,UO_0000065,,3.64
,,735585,[],CHEMBL648701,In vitro inhibitory activity against Angiotensin I converting enzyme from unpurified guinea pig serum,B,,,BAO_0000190,BAO_0000357,single protein format,C[C@H](N[C@@H](CCc1ccccc1)C(=O)O)C(=O)N1C2CCCCC2C[C@H]1C(=O)O,,,CHEMBL1123106,J Med Chem,1985,"{'bei': '16.36', 'le': '0.31', 'lle': '4.30', 'sei': '6.16'}",CHEMBL2079670,,CHEMBL2079670,6.58,0,http://www.openphacts.org/units/Nanomolar,33762,=,1,1,=,,IC50,nM,,260.0,CHEMBL1808,Homo sapiens,Angiotensin-converting enzyme,9606,,,IC50,M,UO_0000065,,2.6E-7
,,736064,[],CHEMBL648337,Inhibitory activity against angiotensin converting enzyme (ACE),F,,,BAO_0000190,BAO_0000019,assay format,O=C(O)[C@@H]1CS[C@H](c2ccccc2O)N1C(=O)CCS,,,CHEMBL1126767,J Med Chem,1993,,CHEMBL309962,RENTIAPRIL,CHEMBL309962,8.43,0,http://www.openphacts.org/units/Nanomolar,141700,=,1,1,=,,IC50,nM,,3.715,CHEMBL1808,Homo sapiens,Angiotensin-converting enzyme,9606,,,pIC50,,UO_0000065,,8.43
,,736065,[],CHEMBL648337,Inhibitory activity against angiotensin converting enzyme (ACE),F,,,BAO_0000190,BAO_0000019,assay format,CC(CS)C(=O)N[C@@H](Cc1c[nH]c2ccccc12)C(=O)O,,,CHEMBL1126767,J Med Chem,1993,,CHEMBL78489,,CHEMBL78489,4.48,0,http://www.openphacts.org/units/Nanomolar,141652,=,1,1,=,,IC50,nM,,33113.11,CHEMBL1808,Homo sapiens,Angiotensin-converting enzyme,9606,,,pIC50,,UO_0000065,,4.48
,,737304,[],CHEMBL648337,Inhibitory activity against angiotensin converting enzyme (ACE),F,,,BAO_0000190,BAO_0000019,assay format,C[C@H](NP(=O)(O)O)C(=O)N1CCC[C@H]1C(=O)O,,,CHEMBL1126767,J Med Chem,1993,,CHEMBL78443,,CHEMBL78443,6.11,0,http://www.openphacts.org/units/Nanomolar,141699,=,1,1,=,,IC50,nM,,776.25,CHEMBL1808,Homo sapiens,Angiotensin-converting enzyme,9606,,,pIC50,,UO_0000065,,6.11
,,737305,[],CHEMBL648337,Inhibitory activity against angiotensin converting enzyme (ACE),F,,,BAO_0000190,BAO_0000019,assay format,O=C(CCS)N[C@@H](Cc1ccccc1)C(=O)O,,,CHEMBL1126767,J Med Chem,1993,,CHEMBL312094,,CHEMBL312094,6.37,0,http://www.openphacts.org/units/Nanomolar,141697,=,1,1,=,,IC50,nM,,426.58,CHEMBL1808,Homo sapiens,Angiotensin-converting enzyme,9606,,,pIC50,,UO_0000065,,6.37
,,737306,[],CHEMBL648337,Inhibitory activity against angiotensin converting enzyme (ACE),F,,,BAO_0000190,BAO_0000019,assay format,C[C@H](NC(CCc1ccccc1)C(=O)O)C(=O)N1CC2CCCCC2[C@H]1C(=O)O,,,CHEMBL1126767,J Med Chem,1993,,CHEMBL78346,,CHEMBL78346,8.66,0,http://www.openphacts.org/units/Nanomolar,141663,=,1,1,=,,IC50,nM,,2.188,CHEMBL1808,Homo sapiens,Angiotensin-converting enzyme,9606,,,pIC50,,UO_0000065,,8.66
,,737307,[],CHEMBL648337,Inhibitory activity against angiotensin converting enzyme (ACE),F,,,BAO_0000190,BAO_0000019,assay format,C[C@H](NC(CCC(=O)Nc1ccccc1)C(=O)O)C(=O)N1CCC[C@H]1C(=O)O,,,CHEMBL1126767,J Med Chem,1993,,CHEMBL78731,,CHEMBL78731,8.28,0,http://www.openphacts.org/units/Nanomolar,141660,=,1,1,=,,IC50,nM,,5.248,CHEMBL1808,Homo sapiens,Angiotensin-converting enzyme,9606,,,pIC50,,UO_0000065,,8.28
,,737308,[],CHEMBL648337,Inhibitory activity against angiotensin converting enzyme (ACE),F,,,BAO_0000190,BAO_0000019,assay format,NCCCC[C@H](N[C@@H](CCc1ccccc1)C(=O)O)C(=O)N1CCC[C@H]1C(=O)O,,,CHEMBL1126767,J Med Chem,1993,,CHEMBL1237,LISINOPRIL ANHYDROUS,CHEMBL1237,8.92,1,http://www.openphacts.org/units/Nanomolar,141650,=,1,1,=,,IC50,nM,,1.202,CHEMBL1808,Homo sapiens,Angiotensin-converting enzyme,9606,,,pIC50,,UO_0000065,,8.92
,,737309,[],CHEMBL648337,Inhibitory activity against angiotensin converting enzyme (ACE),F,,,BAO_0000190,BAO_0000019,assay format,NCC(=O)N[C@@H](Cc1ccccc1)C(=O)O,Outside typical range,"Values for this activity type are unusually large/small, so may not be accurate",CHEMBL1126767,J Med Chem,1993,,CHEMBL299889,,CHEMBL299889,,0,http://www.openphacts.org/units/Nanomolar,141639,=,1,1,=,,IC50,nM,,602559.59,CHEMBL1808,Homo sapiens,Angiotensin-converting enzyme,9606,,,pIC50,,UO_0000065,,3.22
,,737325,[],CHEMBL648337,Inhibitory activity against angiotensin converting enzyme (ACE),F,,,BAO_0000190,BAO_0000019,assay format,O=C(O)[C@@H]1C=CCN1C(=O)CCS,,,CHEMBL1126767,J Med Chem,1993,,CHEMBL306556,,CHEMBL306556,6.19,0,http://www.openphacts.org/units/Nanomolar,141616,=,1,1,=,,IC50,nM,,645.65,CHEMBL1808,Homo sapiens,Angiotensin-converting enzyme,9606,,,pIC50,,UO_0000065,,6.19
,,737326,[],CHEMBL648337,Inhibitory activity against angiotensin converting enzyme (ACE),F,,,BAO_0000190,BAO_0000019,assay format,NCCCCC(N)C(=O)N[C@H](CCC(=O)N1[C@H](C(=O)O)C[C@@H]2CCCC[C@@H]21)C(=O)O,,,CHEMBL1126767,J Med Chem,1993,,CHEMBL430630,,CHEMBL430630,7.92,0,http://www.openphacts.org/units/Nanomolar,141593,=,1,1,=,,IC50,nM,,12.02,CHEMBL1808,Homo sapiens,Angiotensin-converting enzyme,9606,,,pIC50,,UO_0000065,,7.92
,,738353,[],CHEMBL648701,In vitro inhibitory activity against Angiotensin I converting enzyme from unpurified guinea pig serum,B,,,BAO_0000190,BAO_0000357,single protein format,C[C@H](N[C@@H](CCc1ccccc1)C(=O)O)C(=O)N1Cc2ccccc2C[C@H]1C(=O)O,,,CHEMBL1123106,J Med Chem,1985,"{'bei': '15.96', 'le': '0.30', 'lle': '4.46', 'sei': '6.13'}",CHEMBL1733,QUINAPRILAT,CHEMBL1733,6.55,0,http://www.openphacts.org/units/Nanomolar,33764,=,1,1,=,,IC50,nM,,280.0,CHEMBL1808,Homo sapiens,Angiotensin-converting enzyme,9606,,,IC50,M,UO_0000065,,2.8E-7
,,738718,[],CHEMBL648337,Inhibitory activity against angiotensin converting enzyme (ACE),F,,,BAO_0000190,BAO_0000019,assay format,O=C(O)CCC(=O)N1CCC[C@H]1C(=O)O,,,CHEMBL1126767,J Med Chem,1993,,CHEMBL310578,,CHEMBL310578,4.48,0,http://www.openphacts.org/units/Nanomolar,141688,=,1,1,=,,IC50,nM,,33113.11,CHEMBL1808,Homo sapiens,Angiotensin-converting enzyme,9606,,,pIC50,,UO_0000065,,4.48
,,738719,[],CHEMBL648337,Inhibitory activity against angiotensin converting enzyme (ACE),F,,,BAO_0000190,BAO_0000019,assay format,NCCC[C@H](NC(CCc1ccccc1)C(=O)O)C(=O)N1CCC[C@H]1C(=O)O,,,CHEMBL1126767,J Med Chem,1993,,CHEMBL309308,,CHEMBL309308,8.66,0,http://www.openphacts.org/units/Nanomolar,141662,=,1,1,=,,IC50,nM,,2.188,CHEMBL1808,Homo sapiens,Angiotensin-converting enzyme,9606,,,pIC50,,UO_0000065,,8.66
,,738745,[],CHEMBL648337,Inhibitory activity against angiotensin converting enzyme (ACE),F,,,BAO_0000190,BAO_0000019,assay format,NCCCC[C@H](OP(=O)(O)CCCCc1ccccc1)C(=O)N1C[C@H](Sc2ccccc2)C[C@H]1C(=O)O,,,CHEMBL1126767,J Med Chem,1993,,CHEMBL431707,,CHEMBL431707,9.11,0,http://www.openphacts.org/units/Nanomolar,141625,=,1,1,=,,IC50,nM,,0.7762,CHEMBL1808,Homo sapiens,Angiotensin-converting enzyme,9606,,,pIC50,,UO_0000065,,9.11
,,738746,[],CHEMBL648337,Inhibitory activity against angiotensin converting enzyme (ACE),F,,,BAO_0000190,BAO_0000019,assay format,NCCCC[C@H](OP(=O)(O)CCCCc1ccccc1)C(=O)N1C[C@H](O)C[C@H]1C(=O)O,,,CHEMBL1126767,J Med Chem,1993,,CHEMBL33025,,CHEMBL33025,9.06,0,http://www.openphacts.org/units/Nanomolar,141621,=,1,1,=,,IC50,nM,,0.871,CHEMBL1808,Homo sapiens,Angiotensin-converting enzyme,9606,,,pIC50,,UO_0000065,,9.06
,,739474,[],CHEMBL648701,In vitro inhibitory activity against Angiotensin I converting enzyme from unpurified guinea pig serum,B,,,BAO_0000190,BAO_0000357,single protein format,CCOC(=O)C(CCc1ccccc1)OC(C)C(=O)N1C(C(=O)O)CC2CCCCC21,,,CHEMBL1123106,J Med Chem,1985,"{'bei': '17.66', 'le': '0.34', 'lle': '4.42', 'sei': '8.18'}",CHEMBL284898,,CHEMBL284898,7.62,0,http://www.openphacts.org/units/Nanomolar,33758,=,1,1,=,,IC50,nM,,24.0,CHEMBL1808,Homo sapiens,Angiotensin-converting enzyme,9606,,,IC50,M,UO_0000065,,2.4E-8
,,739477,[],CHEMBL648701,In vitro inhibitory activity against Angiotensin I converting enzyme from unpurified guinea pig serum,B,,,BAO_0000190,BAO_0000357,single protein format,CC(OC(CCc1ccccc1)C(=O)O)C(=O)N1Cc2ccccc2CC1C(=O)O,,,CHEMBL1123106,J Med Chem,1985,"{'bei': '17.17', 'le': '0.32', 'lle': '4.55', 'sei': '6.78'}",CHEMBL26226,,CHEMBL26226,7.07,0,http://www.openphacts.org/units/Nanomolar,33774,=,1,1,=,,IC50,nM,,86.0,CHEMBL1808,Homo sapiens,Angiotensin-converting enzyme,9606,,,IC50,M,UO_0000065,,8.6E-8
,,739478,[],CHEMBL648701,In vitro inhibitory activity against Angiotensin I converting enzyme from unpurified guinea pig serum,B,,,BAO_0000190,BAO_0000357,single protein format,C[C@H](N[C@@H](CCc1ccccc1)C(=O)O)C(=O)N1CCC[C@H]1C(=O)O,,,CHEMBL1123106,J Med Chem,1985,"{'bei': '15.81', 'le': '0.30', 'lle': '4.38', 'sei': '5.15'}",CHEMBL577,ENALAPRILAT ANHYDROUS,CHEMBL577,5.51,0,http://www.openphacts.org/units/Nanomolar,33771,=,1,1,=,,IC50,nM,,3100.0,CHEMBL1808,Homo sapiens,Angiotensin-converting enzyme,9606,,,IC50,M,UO_0000065,,0.0000031
,,739878,[],CHEMBL648337,Inhibitory activity against angiotensin converting enzyme (ACE),F,,,BAO_0000190,BAO_0000019,assay format,C[C@H](NC(CCc1ccccc1)C(N)=O)C(=O)N1CCC[C@H]1C(=O)O,,,CHEMBL1126767,J Med Chem,1993,,CHEMBL80193,,CHEMBL80193,4.59,0,http://www.openphacts.org/units/Nanomolar,141659,=,1,1,=,,IC50,nM,,25703.96,CHEMBL1808,Homo sapiens,Angiotensin-converting enzyme,9606,,,pIC50,,UO_0000065,,4.59
,,739879,[],CHEMBL648337,Inhibitory activity against angiotensin converting enzyme (ACE),F,,,BAO_0000190,BAO_0000019,assay format,CC(NC(=O)OCc1ccccc1)C(=O)N[C@H](CCC(=O)N1CCC[C@H]1C(=O)O)C(=O)O,,,CHEMBL1126767,J Med Chem,1993,,CHEMBL78996,,CHEMBL78996,6.41,0,http://www.openphacts.org/units/Nanomolar,141580,=,1,1,=,,IC50,nM,,389.05,CHEMBL1808,Homo sapiens,Angiotensin-converting enzyme,9606,,,pIC50,,UO_0000065,,6.41
,,739880,[],CHEMBL648337,Inhibitory activity against angiotensin converting enzyme (ACE),F,,,BAO_0000190,BAO_0000019,assay format,O=C(CS)N[C@@H](CS)C(=O)O,,,CHEMBL1126767,J Med Chem,1993,,CHEMBL80384,,CHEMBL80384,4.72,0,http://www.openphacts.org/units/Nanomolar,141634,=,1,1,=,,IC50,nM,,19054.61,CHEMBL1808,Homo sapiens,Angiotensin-converting enzyme,9606,,,pIC50,,UO_0000065,,4.72
,,739888,[],CHEMBL648337,Inhibitory activity against angiotensin converting enzyme (ACE),F,,,BAO_0000190,BAO_0000019,assay format,O=C(N[C@H](CCC(=O)N1CCC[C@H]1C(=O)O)C(=O)O)C1CCCN1C(=O)OCc1ccccc1,,,CHEMBL1126767,J Med Chem,1993,,CHEMBL80503,,CHEMBL80503,5.60,0,http://www.openphacts.org/units/Nanomolar,141598,=,1,1,=,,IC50,nM,,2511.89,CHEMBL1808,Homo sapiens,Angiotensin-converting enzyme,9606,,,pIC50,,UO_0000065,,5.6
,,742638,[],CHEMBL648337,Inhibitory activity against angiotensin converting enzyme (ACE),F,,,BAO_0000190,BAO_0000019,assay format,O=C(O)[C@@H]1CCCN1C(=O)CCS,,,CHEMBL1126767,J Med Chem,1993,,CHEMBL10962,,CHEMBL10962,4.77,0,http://www.openphacts.org/units/Nanomolar,141693,=,1,1,=,,IC50,nM,,16982.44,CHEMBL1808,Homo sapiens,Angiotensin-converting enzyme,9606,,,pIC50,,UO_0000065,,4.77
,,742639,[],CHEMBL648337,Inhibitory activity against angiotensin converting enzyme (ACE),F,,,BAO_0000190,BAO_0000019,assay format,CC(S)C(=O)N[C@@H](Cc1c[nH]c2ccccc12)C(=O)O,,,CHEMBL1126767,J Med Chem,1993,,CHEMBL309799,,CHEMBL309799,6.44,0,http://www.openphacts.org/units/Nanomolar,141573,=,1,1,=,,IC50,nM,,363.08,CHEMBL1808,Homo sapiens,Angiotensin-converting enzyme,9606,,,pIC50,,UO_0000065,,6.44
,,742640,[],CHEMBL648337,Inhibitory activity against angiotensin converting enzyme (ACE),F,,,BAO_0000190,BAO_0000019,assay format,O=C(CCS)N[C@@H](Cc1c[nH]c2ccccc12)C(=O)O,,,CHEMBL1126767,J Med Chem,1993,,CHEMBL311064,,CHEMBL311064,5.34,0,http://www.openphacts.org/units/Nanomolar,141655,=,1,1,=,,IC50,nM,,4570.88,CHEMBL1808,Homo sapiens,Angiotensin-converting enzyme,9606,,,pIC50,,UO_0000065,,5.34
,,742641,[],CHEMBL648337,Inhibitory activity against angiotensin converting enzyme (ACE),F,,,BAO_0000190,BAO_0000019,assay format,CCC(C)[C@H](NC(=O)CCC(=O)O)C(=O)O,Outside typical range,"Values for this activity type are unusually large/small, so may not be accurate",CHEMBL1126767,J Med Chem,1993,,CHEMBL79008,,CHEMBL79008,,0,http://www.openphacts.org/units/Nanomolar,141645,=,1,1,=,,IC50,nM,,1047128.55,CHEMBL1808,Homo sapiens,Angiotensin-converting enzyme,9606,,,pIC50,,UO_0000065,,2.98
,No significant activity,743507,[],CHEMBL884035,In vitro inhibitory activity against Angiotensin I converting enzyme from unpurified guinea pig serum; No significant activity,B,,,BAO_0000190,BAO_0000357,single protein format,CC(SC(CCc1ccccc1)C(=O)O)C(=O)NC1(C(=O)O)CCC(c2ccccc2)CC1,,,CHEMBL1123106,J Med Chem,1985,,CHEMBL26008,,CHEMBL26008,,0,http://www.openphacts.org/units/Nanomolar,33769,,1,0,,,IC50,nM,,,CHEMBL1808,Homo sapiens,Angiotensin-converting enzyme,9606,,,IC50,M,UO_0000065,,
,,743612,[],CHEMBL648701,In vitro inhibitory activity against Angiotensin I converting enzyme from unpurified guinea pig serum,B,,,BAO_0000190,BAO_0000357,single protein format,CC(SC(CCc1ccccc1)C(=O)O)C(=O)N1C2CCCCC2C[C@H]1C(=O)O,,,CHEMBL1123106,J Med Chem,1985,"{'bei': '16.34', 'le': '0.32', 'lle': '3.41', 'sei': '7.22'}",CHEMBL1907755,,CHEMBL1907755,6.85,0,http://www.openphacts.org/units/Nanomolar,33777,=,1,1,=,,IC50,nM,,140.0,CHEMBL1808,Homo sapiens,Angiotensin-converting enzyme,9606,,,IC50,M,UO_0000065,,1.4E-7
,,744025,[],CHEMBL648337,Inhibitory activity against angiotensin converting enzyme (ACE),F,,,BAO_0000190,BAO_0000019,assay format,CC[C@@H](C)[C@H](C)C(=O)N[C@@H](Cc1ccccc1)C(=O)O,Outside typical range,"Values for this activity type are unusually large/small, so may not be accurate",CHEMBL1126767,J Med Chem,1993,,CHEMBL78971,,CHEMBL78971,,0,http://www.openphacts.org/units/Nanomolar,141695,=,1,1,=,,IC50,nM,,933254.3,CHEMBL1808,Homo sapiens,Angiotensin-converting enzyme,9606,,,pIC50,,UO_0000065,,3.03
,,744026,[],CHEMBL648337,Inhibitory activity against angiotensin converting enzyme (ACE),F,,,BAO_0000190,BAO_0000019,assay format,C[C@H](N)C(=O)N1CCC[C@H]1C(=O)O,Outside typical range,"Values for this activity type are unusually large/small, so may not be accurate",CHEMBL1126767,J Med Chem,1993,,CHEMBL414828,,CHEMBL414828,,0,http://www.openphacts.org/units/Nanomolar,141642,=,1,1,=,,IC50,nM,,229086.77,CHEMBL1808,Homo sapiens,Angiotensin-converting enzyme,9606,,,pIC50,,UO_0000065,,3.64
,,744027,[],CHEMBL648337,Inhibitory activity against angiotensin converting enzyme (ACE),F,,,BAO_0000190,BAO_0000019,assay format,CC(S)C(=O)N[C@@H](CS)C(=O)O,,,CHEMBL1126767,J Med Chem,1993,,CHEMBL309914,,CHEMBL309914,5.10,0,http://www.openphacts.org/units/Nanomolar,141633,=,1,1,=,,IC50,nM,,7943.28,CHEMBL1808,Homo sapiens,Angiotensin-converting enzyme,9606,,,pIC50,,UO_0000065,,5.1
,,744041,[],CHEMBL648337,Inhibitory activity against angiotensin converting enzyme (ACE),F,,,BAO_0000190,BAO_0000019,assay format,NCCCC[C@H](OP(=O)(O)CCCCc1ccccc1)C(=O)N1C[C@H](c2ccccc2)C[C@H]1C(=O)O,,,CHEMBL1126767,J Med Chem,1993,,CHEMBL284272,,CHEMBL284272,6.47,0,http://www.openphacts.org/units/Nanomolar,141628,=,1,1,=,,IC50,nM,,338.84,CHEMBL1808,Homo sapiens,Angiotensin-converting enzyme,9606,,,pIC50,,UO_0000065,,6.47
,,744042,[],CHEMBL648337,Inhibitory activity against angiotensin converting enzyme (ACE),F,,,BAO_0000190,BAO_0000019,assay format,O=C(O)[C@@H]1CCCN1CCCS,Outside typical range,"Values for this activity type are unusually large/small, so may not be accurate",CHEMBL1126767,J Med Chem,1993,,CHEMBL309537,,CHEMBL309537,,0,http://www.openphacts.org/units/Nanomolar,141612,=,1,1,=,,IC50,nM,,239883.29,CHEMBL1808,Homo sapiens,Angiotensin-converting enzyme,9606,,,pIC50,,UO_0000065,,3.62
,,744856,[],CHEMBL648701,In vitro inhibitory activity against Angiotensin I converting enzyme from unpurified guinea pig serum,B,,,BAO_0000190,BAO_0000357,single protein format,CC(SC(CCc1ccccc1)C(=O)O)C(=O)N1CCC[C@H]1C(=O)O,,,CHEMBL1123106,J Med Chem,1985,"{'bei': '17.07', 'le': '0.34', 'lle': '3.97', 'sei': '6.57'}",CHEMBL1907762,,CHEMBL1907762,6.24,0,http://www.openphacts.org/units/Nanomolar,33761,=,1,1,=,,IC50,nM,,580.0,CHEMBL1808,Homo sapiens,Angiotensin-converting enzyme,9606,,,IC50,M,UO_0000065,,5.8E-7
,,745372,[],CHEMBL648337,Inhibitory activity against angiotensin converting enzyme (ACE),F,,,BAO_0000190,BAO_0000019,assay format,C[C@@H]1CCCC(NC(CCc2ccccc2)C(=O)O)C(=O)N1CC(=O)O,,,CHEMBL1126767,J Med Chem,1993,,CHEMBL311363,,CHEMBL311363,8.52,0,http://www.openphacts.org/units/Nanomolar,141667,=,1,1,=,,IC50,nM,,3.02,CHEMBL1808,Homo sapiens,Angiotensin-converting enzyme,9606,,,pIC50,,UO_0000065,,8.52
,,745394,[],CHEMBL648337,Inhibitory activity against angiotensin converting enzyme (ACE),F,,,BAO_0000190,BAO_0000019,assay format,NCCCC[C@H](OP(=O)(O)CCCCc1ccccc1)C(=O)N1C[C@@H](c2ccccc2)C[C@H]1C(=O)O,,,CHEMBL1126767,J Med Chem,1993,,CHEMBL35309,,CHEMBL35309,9.88,0,http://www.openphacts.org/units/Nanomolar,141627,=,1,1,=,,IC50,nM,,0.1318,CHEMBL1808,Homo sapiens,Angiotensin-converting enzyme,9606,,,pIC50,,UO_0000065,,9.88
,,745395,[],CHEMBL648337,Inhibitory activity against angiotensin converting enzyme (ACE),F,,,BAO_0000190,BAO_0000019,assay format,COc1ccc(N(CC(=O)O)C(=O)[C@H](CCCCN)OP(=O)(O)CCCCc2ccccc2)cc1OC,,,CHEMBL1126767,J Med Chem,1993,,CHEMBL35682,,CHEMBL35682,9.54,0,http://www.openphacts.org/units/Nanomolar,141585,=,1,1,=,,IC50,nM,,0.2884,CHEMBL1808,Homo sapiens,Angiotensin-converting enzyme,9606,,,pIC50,,UO_0000065,,9.54
,,746139,[],CHEMBL648701,In vitro inhibitory activity against Angiotensin I converting enzyme from unpurified guinea pig serum,B,,,BAO_0000190,BAO_0000357,single protein format,CCOC(=O)C(CCc1ccccc1)[S+]([O-])C(C)C(=O)N1C2CCCCC2C[C@H]1C(=O)O,,,CHEMBL1123106,J Med Chem,1985,"{'bei': '14.36', 'le': '0.28', 'lle': '3.73', 'sei': '6.22'}",CHEMBL1907752,,CHEMBL1907752,6.66,0,http://www.openphacts.org/units/Nanomolar,33768,=,1,1,=,,IC50,nM,,220.0,CHEMBL1808,Homo sapiens,Angiotensin-converting enzyme,9606,,,IC50,M,UO_0000065,,2.2E-7
,,746502,[],CHEMBL648337,Inhibitory activity against angiotensin converting enzyme (ACE),F,,,BAO_0000190,BAO_0000019,assay format,CC(C)[C@H](N)C(=O)N1CCC[C@H]1C(=O)O,Outside typical range,"Values for this activity type are unusually large/small, so may not be accurate",CHEMBL1126767,J Med Chem,1993,,CHEMBL439762,,CHEMBL439762,,0,http://www.openphacts.org/units/Nanomolar,141641,=,1,1,=,,IC50,nM,,416869.38,CHEMBL1808,Homo sapiens,Angiotensin-converting enzyme,9606,,,pIC50,,UO_0000065,,3.38
,,746523,[],CHEMBL648337,Inhibitory activity against angiotensin converting enzyme (ACE),F,,,BAO_0000190,BAO_0000019,assay format,CS[C@H]1C[C@@H](C(=O)O)N(C(=O)[C@H](CCCCN)OP(=O)(O)CCCCc2ccccc2)C1,,,CHEMBL1126767,J Med Chem,1993,,CHEMBL433442,,CHEMBL433442,8.72,0,http://www.openphacts.org/units/Nanomolar,141622,=,1,1,=,,IC50,nM,,1.905,CHEMBL1808,Homo sapiens,Angiotensin-converting enzyme,9606,,,pIC50,,UO_0000065,,8.72
,,746524,[],CHEMBL648337,Inhibitory activity against angiotensin converting enzyme (ACE),F,,,BAO_0000190,BAO_0000019,assay format,O=C(CS)N[C@@H](Cc1c[nH]cn1)C(=O)O,Outside typical range,"Values for this activity type are unusually large/small, so may not be accurate",CHEMBL1126767,J Med Chem,1993,,CHEMBL311102,,CHEMBL311102,,0,http://www.openphacts.org/units/Nanomolar,141590,=,1,1,=,,IC50,nM,,257039.58,CHEMBL1808,Homo sapiens,Angiotensin-converting enzyme,9606,,,pIC50,,UO_0000065,,3.59
,,747834,[],CHEMBL648337,Inhibitory activity against angiotensin converting enzyme (ACE),F,,,BAO_0000190,BAO_0000019,assay format,O=C(O)[C@@H]1CCC(=O)N1CCCS,Outside typical range,"Values for this activity type are unusually large/small, so may not be accurate",CHEMBL1126767,J Med Chem,1993,,CHEMBL442750,,CHEMBL442750,,0,http://www.openphacts.org/units/Nanomolar,141691,=,1,1,=,,IC50,nM,,645654.23,CHEMBL1808,Homo sapiens,Angiotensin-converting enzyme,9606,,,pIC50,,UO_0000065,,3.19
,,747835,[],CHEMBL648337,Inhibitory activity against angiotensin converting enzyme (ACE),F,,,BAO_0000190,BAO_0000019,assay format,C[C@H](NP(=O)(O)OCc1ccccc1)C(=O)N1CCC[C@H]1C(=O)O,,,CHEMBL1126767,J Med Chem,1993,,CHEMBL79131,,CHEMBL79131,7.39,0,http://www.openphacts.org/units/Nanomolar,141657,=,1,1,=,,IC50,nM,,40.74,CHEMBL1808,Homo sapiens,Angiotensin-converting enzyme,9606,,,pIC50,,UO_0000065,,7.39
,,747836,[],CHEMBL648337,Inhibitory activity against angiotensin converting enzyme (ACE),F,,,BAO_0000190,BAO_0000019,assay format,CC(C)(S)C(=O)N[C@@H](CS)C(=O)O,Outside typical range,"Values for this activity type are unusually large/small, so may not be accurate",CHEMBL1126767,J Med Chem,1993,,CHEMBL80830,BUCILLAMINE,CHEMBL80830,,0,http://www.openphacts.org/units/Nanomolar,141631,=,1,1,=,,IC50,nM,,7244359.6,CHEMBL1808,Homo sapiens,Angiotensin-converting enzyme,9606,,,pIC50,,UO_0000065,,2.14
,,747875,[],CHEMBL648337,Inhibitory activity against angiotensin converting enzyme (ACE),F,,,BAO_0000190,BAO_0000019,assay format,C[C@@]1(CCS)C(=O)N2CC=C[C@@H](C(=O)O)N2C1=O,,,CHEMBL1126767,J Med Chem,1993,,CHEMBL78903,,CHEMBL78903,7.00,0,http://www.openphacts.org/units/Nanomolar,141620,=,1,1,=,,IC50,nM,,100.0,CHEMBL1808,Homo sapiens,Angiotensin-converting enzyme,9606,,,pIC50,,UO_0000065,,7.0
,,747877,[],CHEMBL648337,Inhibitory activity against angiotensin converting enzyme (ACE),F,,,BAO_0000190,BAO_0000019,assay format,NCCCCC(NC(=O)OCc1ccccc1)C(=O)N[C@H](CCC(=O)N1[C@H](C(=O)O)C[C@@H]2CCCC[C@@H]21)C(=O)O,,,CHEMBL1126767,J Med Chem,1993,,CHEMBL311757,,CHEMBL311757,8.46,0,http://www.openphacts.org/units/Nanomolar,141595,=,1,1,=,,IC50,nM,,3.467,CHEMBL1808,Homo sapiens,Angiotensin-converting enzyme,9606,,,pIC50,,UO_0000065,,8.46
,,747878,[],CHEMBL648337,Inhibitory activity against angiotensin converting enzyme (ACE),F,,,BAO_0000190,BAO_0000019,assay format,O=C(N[C@H](CCC(=O)N1[C@H](C(=O)O)C[C@@H]2CCCC[C@@H]21)C(=O)O)C1CCCN1C(=O)OCc1ccccc1,,,CHEMBL1126767,J Med Chem,1993,,CHEMBL78353,,CHEMBL78353,7.82,0,http://www.openphacts.org/units/Nanomolar,141594,=,1,1,=,,IC50,nM,,15.14,CHEMBL1808,Homo sapiens,Angiotensin-converting enzyme,9606,,,pIC50,,UO_0000065,,7.82
,,750268,[],CHEMBL648337,Inhibitory activity against angiotensin converting enzyme (ACE),F,,,BAO_0000190,BAO_0000019,assay format,O=C(O)[C@@H]1C=CCn2c(=O)n(CS)c(=O)n21,,,CHEMBL1126767,J Med Chem,1993,,CHEMBL80939,,CHEMBL80939,6.15,0,http://www.openphacts.org/units/Nanomolar,141702,=,1,1,=,,IC50,nM,,707.95,CHEMBL1808,Homo sapiens,Angiotensin-converting enzyme,9606,,,pIC50,,UO_0000065,,6.15
,,750269,[],CHEMBL648337,Inhibitory activity against angiotensin converting enzyme (ACE),F,,,BAO_0000190,BAO_0000019,assay format,C[C@H](CS)C(=O)N1C(=O)CC[C@H]1C(=O)O,,,CHEMBL1126767,J Med Chem,1993,,CHEMBL311525,,CHEMBL311525,8.05,1,http://www.openphacts.org/units/Nanomolar,141672,=,1,1,=,,IC50,nM,,8.913,CHEMBL1808,Homo sapiens,Angiotensin-converting enzyme,9606,,,pIC50,,UO_0000065,,8.05
,,750270,[],CHEMBL648337,Inhibitory activity against angiotensin converting enzyme (ACE),F,,,BAO_0000190,BAO_0000019,assay format,O=C(O)CNC(=O)CCS,,,CHEMBL1126767,J Med Chem,1993,,CHEMBL77677,,CHEMBL77677,5.55,0,http://www.openphacts.org/units/Nanomolar,141674,=,1,1,=,,IC50,nM,,2818.38,CHEMBL1808,Homo sapiens,Angiotensin-converting enzyme,9606,,,pIC50,,UO_0000065,,5.55
,,750271,[],CHEMBL648337,Inhibitory activity against angiotensin converting enzyme (ACE),F,,,BAO_0000190,BAO_0000019,assay format,CC(C)[C@H](NC(=O)CCS)C(=O)O,,,CHEMBL1126767,J Med Chem,1993,,CHEMBL78812,,CHEMBL78812,5.80,0,http://www.openphacts.org/units/Nanomolar,141698,=,1,1,=,,IC50,nM,,1584.89,CHEMBL1808,Homo sapiens,Angiotensin-converting enzyme,9606,,,pIC50,,UO_0000065,,5.8
,,750272,[],CHEMBL648337,Inhibitory activity against angiotensin converting enzyme (ACE),F,,,BAO_0000190,BAO_0000019,assay format,O=C(NC(CCc1ccccc1)P(=O)(O)CC(=O)N1CCC[C@H]1C(=O)O)c1ccccc1,,,CHEMBL1126767,J Med Chem,1993,,CHEMBL309798,,CHEMBL309798,7.14,0,http://www.openphacts.org/units/Nanomolar,141581,=,1,1,=,,IC50,nM,,72.44,CHEMBL1808,Homo sapiens,Angiotensin-converting enzyme,9606,,,pIC50,,UO_0000065,,7.14
,,750273,[],CHEMBL648337,Inhibitory activity against angiotensin converting enzyme (ACE),F,,,BAO_0000190,BAO_0000019,assay format,CC(C)(S)C(=O)N[C@@H](CC(=O)O)C(=O)O,Outside typical range,"Values for this activity type are unusually large/small, so may not be accurate",CHEMBL1126767,J Med Chem,1993,,CHEMBL446407,,CHEMBL446407,,0,http://www.openphacts.org/units/Nanomolar,141636,=,1,1,=,,IC50,nM,,3467368.5,CHEMBL1808,Homo sapiens,Angiotensin-converting enzyme,9606,,,pIC50,,UO_0000065,,2.46
,,751075,[],CHEMBL648701,In vitro inhibitory activity against Angiotensin I converting enzyme from unpurified guinea pig serum,B,,,BAO_0000190,BAO_0000357,single protein format,C[C@H](CS)C(=O)N1CCC[C@H]1C(=O)O,,,CHEMBL1123106,J Med Chem,1985,"{'bei': '27.09', 'le': '0.57', 'lle': '5.26', 'sei': '10.22'}",CHEMBL1560,CAPTOPRIL,CHEMBL1560,5.89,0,http://www.openphacts.org/units/Nanomolar,33772,=,1,1,=,,IC50,nM,,1300.0,CHEMBL1808,Homo sapiens,Angiotensin-converting enzyme,9606,,,IC50,M,UO_0000065,,0.0000013
,,751567,[],CHEMBL648337,Inhibitory activity against angiotensin converting enzyme (ACE),F,,,BAO_0000190,BAO_0000019,assay format,O=C(O)C(CCc1ccccc1)NC1CCC[C@H]2SC[C@@H](C(=O)O)N2C1=O,,,CHEMBL1126767,J Med Chem,1993,,CHEMBL312224,,CHEMBL312224,9.22,0,http://www.openphacts.org/units/Nanomolar,141680,=,1,1,=,,IC50,nM,,0.6026,CHEMBL1808,Homo sapiens,Angiotensin-converting enzyme,9606,,,pIC50,,UO_0000065,,9.22
,,751568,[],CHEMBL648337,Inhibitory activity against angiotensin converting enzyme (ACE),F,,,BAO_0000190,BAO_0000019,assay format,C[C@H](CS)C(=O)N1CCC[C@H]1C(=O)O,Outside typical range,"Values for this activity type are unusually large/small, so may not be accurate",CHEMBL1126767,J Med Chem,1993,,CHEMBL1560,CAPTOPRIL,CHEMBL1560,,0,http://www.openphacts.org/units/Nanomolar,141694,=,1,1,=,,IC50,nM,,239883.29,CHEMBL1808,Homo sapiens,Angiotensin-converting enzyme,9606,,,pIC50,,UO_0000065,,3.62
,,751569,[],CHEMBL648337,Inhibitory activity against angiotensin converting enzyme (ACE),F,,,BAO_0000190,BAO_0000019,assay format,C[C@@H](CS)C(=O)N1CCC[C@@H]1C(=O)O,,,CHEMBL1126767,J Med Chem,1993,,CHEMBL76577,,CHEMBL76577,4.96,0,http://www.openphacts.org/units/Nanomolar,141647,=,1,1,=,,IC50,nM,,10964.78,CHEMBL1808,Homo sapiens,Angiotensin-converting enzyme,9606,,,pIC50,,UO_0000065,,4.96
,,751581,[],CHEMBL648337,Inhibitory activity against angiotensin converting enzyme (ACE),F,,,BAO_0000190,BAO_0000019,assay format,C[C@H](NC(CCCNC(=O)OCc1ccccc1)C(=O)O)C(=O)N1CCC[C@H]1C(=O)O,,,CHEMBL1126767,J Med Chem,1993,,CHEMBL311268,,CHEMBL311268,8.54,0,http://www.openphacts.org/units/Nanomolar,141619,=,1,1,=,,IC50,nM,,2.884,CHEMBL1808,Homo sapiens,Angiotensin-converting enzyme,9606,,,pIC50,,UO_0000065,,8.54
,,752302,[],CHEMBL648701,In vitro inhibitory activity against Angiotensin I converting enzyme from unpurified guinea pig serum,B,,,BAO_0000190,BAO_0000357,single protein format,CC(OC(CCc1ccccc1)C(=O)O)C(=O)N1CCCC1C(=O)O,,,CHEMBL1123106,J Med Chem,1985,"{'bei': '19.92', 'le': '0.38', 'lle': '5.41', 'sei': '6.68'}",CHEMBL285897,,CHEMBL285897,6.96,0,http://www.openphacts.org/units/Nanomolar,33760,=,1,1,=,,IC50,nM,,110.0,CHEMBL1808,Homo sapiens,Angiotensin-converting enzyme,9606,,,IC50,M,UO_0000065,,1.1E-7
,No significant activity,752305,[],CHEMBL884035,In vitro inhibitory activity against Angiotensin I converting enzyme from unpurified guinea pig serum; No significant activity,B,,,BAO_0000190,BAO_0000357,single protein format,CC(C(=O)N1CCC[C@H]1C(=O)O)S(=O)(=O)C(CCc1ccccc1)C(=O)O,,,CHEMBL1123106,J Med Chem,1985,,CHEMBL1907751,,CHEMBL1907751,,0,http://www.openphacts.org/units/Nanomolar,33766,,1,0,,,IC50,nM,,,CHEMBL1808,Homo sapiens,Angiotensin-converting enzyme,9606,,,IC50,M,UO_0000065,,
,,752730,[],CHEMBL648337,Inhibitory activity against angiotensin converting enzyme (ACE),F,,,BAO_0000190,BAO_0000019,assay format,O=C(O)CN1C(=O)C(NC(CCc2ccccc2)C(=O)O)CCc2ccccc21,,,CHEMBL1126767,J Med Chem,1993,,CHEMBL80906,,CHEMBL80906,8.77,0,http://www.openphacts.org/units/Nanomolar,141669,=,1,1,=,,IC50,nM,,1.698,CHEMBL1808,Homo sapiens,Angiotensin-converting enzyme,9606,,,pIC50,,UO_0000065,,8.77
,,752731,[],CHEMBL648337,Inhibitory activity against angiotensin converting enzyme (ACE),F,,,BAO_0000190,BAO_0000019,assay format,C[C@H](NC(CCc1ccccc1)C(=O)O)C(=O)N1CCC[C@H]1C(=O)O,,,CHEMBL1126767,J Med Chem,1993,,CHEMBL39538,,CHEMBL39538,8.92,0,http://www.openphacts.org/units/Nanomolar,141665,=,1,1,=,,IC50,nM,,1.202,CHEMBL1808,Homo sapiens,Angiotensin-converting enzyme,9606,,,pIC50,,UO_0000065,,8.92
,,752732,[],CHEMBL648337,Inhibitory activity against angiotensin converting enzyme (ACE),F,,,BAO_0000190,BAO_0000019,assay format,C[C@H](CC(=O)[C@@H](Cc1ccccc1)NC(=O)c1ccccc1)C(=O)N1CCC[C@H]1C(=O)O,,,CHEMBL1126767,J Med Chem,1993,,CHEMBL309941,,CHEMBL309941,8.52,0,http://www.openphacts.org/units/Nanomolar,141676,=,1,1,=,,IC50,nM,,3.02,CHEMBL1808,Homo sapiens,Angiotensin-converting enzyme,9606,,,pIC50,,UO_0000065,,8.52
,,752733,[],CHEMBL648337,Inhibitory activity against angiotensin converting enzyme (ACE),F,,,BAO_0000190,BAO_0000019,assay format,CN(CC(=O)O)C(=O)CCS,,,CHEMBL1126767,J Med Chem,1993,,CHEMBL78074,,CHEMBL78074,5.52,0,http://www.openphacts.org/units/Nanomolar,141648,=,1,1,=,,IC50,nM,,3019.95,CHEMBL1808,Homo sapiens,Angiotensin-converting enzyme,9606,,,pIC50,,UO_0000065,,5.52
,,752751,[],CHEMBL648337,Inhibitory activity against angiotensin converting enzyme (ACE),F,,,BAO_0000190,BAO_0000019,assay format,NCCCCC(NC(=O)OCc1ccccc1)C(=O)N[C@H](CCC(=O)N1c2ccccc2C[C@H]1C(=O)O)C(=O)O,,,CHEMBL1126767,J Med Chem,1993,,CHEMBL310624,,CHEMBL310624,5.60,0,http://www.openphacts.org/units/Nanomolar,141597,=,1,1,=,,IC50,nM,,2511.89,CHEMBL1808,Homo sapiens,Angiotensin-converting enzyme,9606,,,pIC50,,UO_0000065,,5.6
,,752752,[],CHEMBL648337,Inhibitory activity against angiotensin converting enzyme (ACE),F,,,BAO_0000190,BAO_0000019,assay format,NCCCC[C@H](OP(=O)(O)CCCCc1ccccc1)C(=O)N1C[C@@H](O)C[C@H]1C(=O)O,,,CHEMBL1126767,J Med Chem,1993,,CHEMBL35419,,CHEMBL35419,7.80,0,http://www.openphacts.org/units/Nanomolar,141591,=,1,1,=,,IC50,nM,,15.85,CHEMBL1808,Homo sapiens,Angiotensin-converting enzyme,9606,,,pIC50,,UO_0000065,,7.8
,,754344,[],CHEMBL644707,Inhibitory concentration required to inhibit Angiotensin I converting enzyme (ACE),B,,,BAO_0000190,BAO_0000357,single protein format,O=C1N[C@H](C(=O)O)Cc2ccccc2CCCCCC[C@@H]1CS,,,CHEMBL1129939,J Med Chem,1997,"{'bei': '18.30', 'le': '0.36', 'lle': '3.29', 'sei': '9.25'}",CHEMBL147755,,CHEMBL147755,6.14,0,http://www.openphacts.org/units/Nanomolar,289393,=,1,1,=,,IC50,nM,,725.0,CHEMBL1808,Homo sapiens,Angiotensin-converting enzyme,9606,,,IC50,nM,UO_0000065,,725.0
,,755339,[],CHEMBL644707,Inhibitory concentration required to inhibit Angiotensin I converting enzyme (ACE),B,,,BAO_0000190,BAO_0000357,single protein format,O=C1N[C@H](C(=O)O)CCCCc2ccccc2C[C@@H]1CS,,,CHEMBL1129939,J Med Chem,1997,,CHEMBL150222,,CHEMBL150222,,0,http://www.openphacts.org/units/Nanomolar,289383,>,1,1,>,,IC50,nM,,10000.0,CHEMBL1808,Homo sapiens,Angiotensin-converting enzyme,9606,,,IC50,nM,UO_0000065,,10000.0
,,755343,[],CHEMBL644707,Inhibitory concentration required to inhibit Angiotensin I converting enzyme (ACE),B,,,BAO_0000190,BAO_0000357,single protein format,O=C1N[C@H](C(=O)O)CCCCCCc2ccccc2C[C@H]1CS,,,CHEMBL1129939,J Med Chem,1997,,CHEMBL146573,,CHEMBL146573,,0,http://www.openphacts.org/units/Nanomolar,289395,>,1,1,>,,IC50,nM,,10000.0,CHEMBL1808,Homo sapiens,Angiotensin-converting enzyme,9606,,,IC50,nM,UO_0000065,,10000.0
,,759732,[],CHEMBL644707,Inhibitory concentration required to inhibit Angiotensin I converting enzyme (ACE),B,,,BAO_0000190,BAO_0000357,single protein format,O=C1N[C@@H](C(=O)O)Cc2ccccc2CCCCCCC[C@@H]1CS,,,CHEMBL1129939,J Med Chem,1997,,CHEMBL423574,,CHEMBL423574,,0,http://www.openphacts.org/units/Nanomolar,289390,>,1,1,>,,IC50,nM,,10000.0,CHEMBL1808,Homo sapiens,Angiotensin-converting enzyme,9606,,,IC50,nM,UO_0000065,,10000.0
,,760992,[],CHEMBL644707,Inhibitory concentration required to inhibit Angiotensin I converting enzyme (ACE),B,,,BAO_0000190,BAO_0000357,single protein format,O=C1N[C@H](C(=O)O)CCCCc2ccccc2C[C@H]1CS,,,CHEMBL1129939,J Med Chem,1997,,CHEMBL346424,,CHEMBL346424,,0,http://www.openphacts.org/units/Nanomolar,289398,>,1,1,>,,IC50,nM,,10000.0,CHEMBL1808,Homo sapiens,Angiotensin-converting enzyme,9606,,,IC50,nM,UO_0000065,,10000.0
,,760995,[],CHEMBL644707,Inhibitory concentration required to inhibit Angiotensin I converting enzyme (ACE),B,,,BAO_0000190,BAO_0000357,single protein format,O=C1N[C@H](C(=O)O)CCCCCCc2ccccc2C[C@@H]1CS,,,CHEMBL1129939,J Med Chem,1997,,CHEMBL149841,,CHEMBL149841,,0,http://www.openphacts.org/units/Nanomolar,289396,>,1,1,>,,IC50,nM,,10000.0,CHEMBL1808,Homo sapiens,Angiotensin-converting enzyme,9606,,,IC50,nM,UO_0000065,,10000.0
,,760998,[],CHEMBL644707,Inhibitory concentration required to inhibit Angiotensin I converting enzyme (ACE),B,,,BAO_0000190,BAO_0000357,single protein format,O=C1N[C@H](C(=O)O)CCCCCc2cccc(c2)C[C@H]1CS,,,CHEMBL1129939,J Med Chem,1997,"{'bei': '18.21', 'le': '0.36', 'lle': '3.39', 'sei': '8.82'}",CHEMBL148840,,CHEMBL148840,5.85,0,http://www.openphacts.org/units/Nanomolar,289386,=,1,1,=,,IC50,nM,,1400.0,CHEMBL1808,Homo sapiens,Angiotensin-converting enzyme,9606,,,IC50,nM,UO_0000065,,1400.0
,,762022,[],CHEMBL644707,Inhibitory concentration required to inhibit Angiotensin I converting enzyme (ACE),B,,,BAO_0000190,BAO_0000357,single protein format,O=C1N[C@H](C(=O)O)CCCCCc2ccccc2C[C@H]1CS,,,CHEMBL1129939,J Med Chem,1997,"{'bei': '17.73', 'le': '0.35', 'lle': '3.24', 'sei': '8.58'}",CHEMBL357311,,CHEMBL357311,5.70,0,http://www.openphacts.org/units/Nanomolar,289384,=,1,1,=,,IC50,nM,,2000.0,CHEMBL1808,Homo sapiens,Angiotensin-converting enzyme,9606,,,IC50,nM,UO_0000065,,2000.0
,Not Determined,773059,[],CHEMBL883236,Inhibitory concentration required to inhibit Angiotensin I converting enzyme (ACE); Not tested,B,,,BAO_0000190,BAO_0000357,single protein format,O=C1N[C@H](C(=O)O)Cc2ccccc2CCCCCCC[C@@H]1CS,,,CHEMBL1129939,J Med Chem,1997,,CHEMBL433702,,CHEMBL433702,,0,http://www.openphacts.org/units/Nanomolar,289391,,1,0,,,IC50,nM,,,CHEMBL1808,Homo sapiens,Angiotensin-converting enzyme,9606,,,IC50,nM,UO_0000065,,
,,777543,[],CHEMBL644707,Inhibitory concentration required to inhibit Angiotensin I converting enzyme (ACE),B,,,BAO_0000190,BAO_0000357,single protein format,O=C1N[C@H](C(=O)O)CCCCCCc2cccc(c2)C[C@H]1CS,,,CHEMBL1129939,J Med Chem,1997,"{'bei': '20.65', 'le': '0.41', 'lle': '4.08', 'sei': '10.43'}",CHEMBL147526,,CHEMBL147526,6.93,0,http://www.openphacts.org/units/Nanomolar,289388,=,1,1,=,,IC50,nM,,118.0,CHEMBL1808,Homo sapiens,Angiotensin-converting enzyme,9606,,,IC50,nM,UO_0000065,,118.0
,,777546,[],CHEMBL644707,Inhibitory concentration required to inhibit Angiotensin I converting enzyme (ACE),B,,,BAO_0000190,BAO_0000357,single protein format,O=C1N[C@H](C(=O)O)CCCCCc2cccc(c2)C[C@@H]1CS,,,CHEMBL1129939,J Med Chem,1997,"{'bei': '26.13', 'le': '0.52', 'lle': '5.94', 'sei': '12.65'}",CHEMBL147185,,CHEMBL147185,8.40,0,http://www.openphacts.org/units/Nanomolar,289387,=,1,1,=,,IC50,nM,,4.0,CHEMBL1808,Homo sapiens,Angiotensin-converting enzyme,9606,,,IC50,nM,UO_0000065,,4.0
,,778672,[],CHEMBL644707,Inhibitory concentration required to inhibit Angiotensin I converting enzyme (ACE),B,,,BAO_0000190,BAO_0000357,single protein format,O=C1N[C@@H](C(=O)O)Cc2ccccc2CCCCCC[C@@H]1CS,,,CHEMBL1129939,J Med Chem,1997,"{'bei': '18.86', 'le': '0.38', 'lle': '3.48', 'sei': '9.53'}",CHEMBL149367,,CHEMBL149367,6.33,0,http://www.openphacts.org/units/Nanomolar,289392,=,1,1,=,,IC50,nM,,470.0,CHEMBL1808,Homo sapiens,Angiotensin-converting enzyme,9606,,,IC50,nM,UO_0000065,,470.0
,,781012,[],CHEMBL644707,Inhibitory concentration required to inhibit Angiotensin I converting enzyme (ACE),B,,,BAO_0000190,BAO_0000357,single protein format,O=C1N[C@H](C(=O)O)CCCCCCc2cccc(c2)C[C@@H]1CS,,,CHEMBL1129939,J Med Chem,1997,"{'bei': '20.14', 'le': '0.40', 'lle': '3.91', 'sei': '10.18'}",CHEMBL357584,,CHEMBL357584,6.76,0,http://www.openphacts.org/units/Nanomolar,289389,=,1,1,=,,IC50,nM,,175.0,CHEMBL1808,Homo sapiens,Angiotensin-converting enzyme,9606,,,IC50,nM,UO_0000065,,175.0
,,783198,[],CHEMBL644707,Inhibitory concentration required to inhibit Angiotensin I converting enzyme (ACE),B,,,BAO_0000190,BAO_0000357,single protein format,O=C1N[C@H](C(=O)O)CCCCCc2ccccc2C[C@@H]1CS,,,CHEMBL1129939,J Med Chem,1997,"{'bei': '15.86', 'le': '0.32', 'lle': '2.64', 'sei': '7.68'}",CHEMBL342091,,CHEMBL342091,5.10,0,http://www.openphacts.org/units/Nanomolar,289397,=,1,1,=,,IC50,nM,,8000.0,CHEMBL1808,Homo sapiens,Angiotensin-converting enzyme,9606,,,IC50,nM,UO_0000065,,8000.0
,,784319,[],CHEMBL644707,Inhibitory concentration required to inhibit Angiotensin I converting enzyme (ACE),B,,,BAO_0000190,BAO_0000357,single protein format,C[C@H](CS)C(=O)N1Cc2[nH]c3ccccc3c2CC1C(=O)O,,,CHEMBL1129939,J Med Chem,1997,"{'bei': '19.79', 'le': '0.39', 'lle': '4.23', 'sei': '8.58'}",CHEMBL148616,,CHEMBL148616,6.30,0,http://www.openphacts.org/units/Nanomolar,289385,=,1,1,=,,IC50,nM,,500.0,CHEMBL1808,Homo sapiens,Angiotensin-converting enzyme,9606,,,IC50,nM,UO_0000065,,500.0
,,787714,[],CHEMBL644707,Inhibitory concentration required to inhibit Angiotensin I converting enzyme (ACE),B,,,BAO_0000190,BAO_0000357,single protein format,O=C1N[C@@H](C(=O)O)Cc2ccccc2CCCCC[C@@H]1CS,,,CHEMBL1129939,J Med Chem,1997,"{'bei': '16.25', 'le': '0.32', 'lle': '2.76', 'sei': '7.86'}",CHEMBL148140,,CHEMBL148140,5.22,0,http://www.openphacts.org/units/Nanomolar,289394,=,1,1,=,,IC50,nM,,6000.0,CHEMBL1808,Homo sapiens,Angiotensin-converting enzyme,9606,,,IC50,nM,UO_0000065,,6000.0
,,792798,[],CHEMBL645286,Inhibition of Angiotensin I converting enzyme,B,,,BAO_0000190,BAO_0000357,single protein format,O=C(O)CN1CCCC[C@H](NC(=O)[C@@H](S)Cc2ccccc2)C1=O,,,CHEMBL1152108,Bioorg Med Chem Lett,1994,"{'bei': '21.85', 'le': '0.44', 'lle': '6.55', 'sei': '8.83'}",CHEMBL299169,,CHEMBL299169,7.66,0,http://www.openphacts.org/units/Nanomolar,86504,=,1,1,=,,IC50,nM,,22.0,CHEMBL1808,Homo sapiens,Angiotensin-converting enzyme,9606,,,I50,nM,UO_0000065,,22.0
,,797203,[],CHEMBL645286,Inhibition of Angiotensin I converting enzyme,B,,,BAO_0000190,BAO_0000357,single protein format,O=C(O)CN1C(=O)[C@@H](NC(=O)[C@H](S)Cc2ccccc2)CCc2ccccc21,,,CHEMBL1152108,Bioorg Med Chem Lett,1994,"{'bei': '16.43', 'le': '0.32', 'lle': '4.47', 'sei': '7.55'}",CHEMBL422944,,CHEMBL422944,6.55,0,http://www.openphacts.org/units/Nanomolar,86513,=,1,1,=,,IC50,nM,,284.0,CHEMBL1808,Homo sapiens,Angiotensin-converting enzyme,9606,,,I50,nM,UO_0000065,,284.0
,,798305,[],CHEMBL645286,Inhibition of Angiotensin I converting enzyme,B,,,BAO_0000190,BAO_0000357,single protein format,C[C@H](S)C(=O)N[C@H]1CCc2ccccc2N(CC(=O)O)C1=O,,,CHEMBL1152108,Bioorg Med Chem Lett,1994,"{'bei': '23.64', 'le': '0.47', 'lle': '6.77', 'sei': '8.79'}",CHEMBL50480,,CHEMBL50480,7.62,0,http://www.openphacts.org/units/Nanomolar,86512,=,1,1,=,,IC50,nM,,24.0,CHEMBL1808,Homo sapiens,Angiotensin-converting enzyme,9606,,,I50,nM,UO_0000065,,24.0
,,799591,[],CHEMBL645286,Inhibition of Angiotensin I converting enzyme,B,,,BAO_0000190,BAO_0000357,single protein format,C[C@H](NC(=O)[C@@H](S)Cc1ccccc1)C(=O)N(CC(=O)O)c1ccccc1,,,CHEMBL1152108,Bioorg Med Chem Lett,1994,"{'bei': '20.32', 'le': '0.40', 'lle': '5.70', 'sei': '9.06'}",CHEMBL300016,,CHEMBL300016,7.85,0,http://www.openphacts.org/units/Nanomolar,86506,=,1,1,=,,IC50,nM,,14.0,CHEMBL1808,Homo sapiens,Angiotensin-converting enzyme,9606,,,I50,nM,UO_0000065,,14.0
,,801984,[],CHEMBL645286,Inhibition of Angiotensin I converting enzyme,B,,,BAO_0000190,BAO_0000357,single protein format,O=C(O)CN1C(=O)[C@@H](NC(=O)[C@@H](S)Cc2ccccc2)CCc2ccccc21,,,CHEMBL1152108,Bioorg Med Chem Lett,1994,"{'bei': '19.88', 'le': '0.39', 'lle': '5.84', 'sei': '9.13'}",CHEMBL299639,,CHEMBL299639,7.92,0,http://www.openphacts.org/units/Nanomolar,86502,=,1,1,=,,IC50,nM,,12.0,CHEMBL1808,Homo sapiens,Angiotensin-converting enzyme,9606,,,I50,nM,UO_0000065,,12.0
,,804413,[],CHEMBL645286,Inhibition of Angiotensin I converting enzyme,B,,,BAO_0000190,BAO_0000357,single protein format,O=C(O)CN1C(=O)[C@H](NC(=O)[C@@H](S)Cc2ccccc2)CCc2ccccc21,,,CHEMBL1152108,Bioorg Med Chem Lett,1994,"{'bei': '16.35', 'le': '0.32', 'lle': '4.43', 'sei': '7.51'}",CHEMBL50315,,CHEMBL50315,6.51,0,http://www.openphacts.org/units/Nanomolar,86505,=,1,1,=,,IC50,nM,,306.0,CHEMBL1808,Homo sapiens,Angiotensin-converting enzyme,9606,,,I50,nM,UO_0000065,,306.0
,,805758,[],CHEMBL645286,Inhibition of Angiotensin I converting enzyme,B,,,BAO_0000190,BAO_0000357,single protein format,CC(S)(Cc1ccccc1)C(=O)N[C@H]1CCc2ccccc2N(CC(=O)O)C1=O,,,CHEMBL1152108,Bioorg Med Chem Lett,1994,"{'bei': '17.46', 'le': '0.34', 'lle': '4.73', 'sei': '8.30'}",CHEMBL48534,,CHEMBL48534,7.20,0,http://www.openphacts.org/units/Nanomolar,86509,=,1,1,=,,IC50,nM,,63.0,CHEMBL1808,Homo sapiens,Angiotensin-converting enzyme,9606,,,I50,nM,UO_0000065,,63.0
,,808481,[],CHEMBL645286,Inhibition of Angiotensin I converting enzyme,B,,,BAO_0000190,BAO_0000357,single protein format,CCCC[C@H](S)C(=O)N[C@H]1CCc2ccccc2N(CC(=O)O)C1=O,,,CHEMBL1152108,Bioorg Med Chem Lett,1994,"{'bei': '22.68', 'le': '0.45', 'lle': '6.25', 'sei': '9.53'}",CHEMBL299875,,CHEMBL299875,8.27,0,http://www.openphacts.org/units/Nanomolar,86511,=,1,1,=,,IC50,nM,,5.4,CHEMBL1808,Homo sapiens,Angiotensin-converting enzyme,9606,,,I50,nM,UO_0000065,,5.4
,,819539,[],CHEMBL645286,Inhibition of Angiotensin I converting enzyme,B,,,BAO_0000190,BAO_0000357,single protein format,O=C(O)CN1Cc2ccccc2C[C@H](NC(=O)[C@@H](S)Cc2ccccc2)C1=O,,,CHEMBL1152108,Bioorg Med Chem Lett,1994,"{'bei': '18.78', 'le': '0.36', 'lle': '5.80', 'sei': '8.63'}",CHEMBL51576,,CHEMBL51576,7.48,0,http://www.openphacts.org/units/Nanomolar,86503,=,1,1,=,,IC50,nM,,33.0,CHEMBL1808,Homo sapiens,Angiotensin-converting enzyme,9606,,,I50,nM,UO_0000065,,33.0
,,819542,[],CHEMBL645286,Inhibition of Angiotensin I converting enzyme,B,,,BAO_0000190,BAO_0000357,single protein format,O=C(O)CN1C(=O)C(NC(=O)[C@@H](S)Cc2ccccc2)CCCc2ccccc21,,,CHEMBL1152108,Bioorg Med Chem Lett,1994,"{'bei': '18.43', 'le': '0.36', 'lle': '5.13', 'sei': '8.77'}",CHEMBL50814,,CHEMBL50814,7.60,0,http://www.openphacts.org/units/Nanomolar,86514,=,1,1,=,,IC50,nM,,25.0,CHEMBL1808,Homo sapiens,Angiotensin-converting enzyme,9606,,,I50,nM,UO_0000065,,25.0
,,820600,[],CHEMBL645286,Inhibition of Angiotensin I converting enzyme,B,,,BAO_0000190,BAO_0000357,single protein format,O=C(O)CN1C(=O)[C@@H](NC(=O)[C@@H](S)CC2CCCCC2)CCc2ccccc21,,,CHEMBL1152108,Bioorg Med Chem Lett,1994,"{'bei': '18.93', 'le': '0.37', 'lle': '4.86', 'sei': '8.83'}",CHEMBL299438,,CHEMBL299438,7.66,0,http://www.openphacts.org/units/Nanomolar,86507,=,1,1,=,,IC50,nM,,22.0,CHEMBL1808,Homo sapiens,Angiotensin-converting enzyme,9606,,,I50,nM,UO_0000065,,22.0
,,821664,[],CHEMBL645286,Inhibition of Angiotensin I converting enzyme,B,,,BAO_0000190,BAO_0000357,single protein format,CC(C)C[C@H](S)C(=O)N[C@H]1CCc2ccccc2N(CC(=O)O)C1=O,,,CHEMBL1152108,Bioorg Med Chem Lett,1994,"{'bei': '22.50', 'le': '0.45', 'lle': '6.32', 'sei': '9.46'}",CHEMBL415932,,CHEMBL415932,8.20,0,http://www.openphacts.org/units/Nanomolar,86510,=,1,1,=,,IC50,nM,,6.3,CHEMBL1808,Homo sapiens,Angiotensin-converting enzyme,9606,,,I50,nM,UO_0000065,,6.3
,,824009,[],CHEMBL645286,Inhibition of Angiotensin I converting enzyme,B,,,BAO_0000190,BAO_0000357,single protein format,CC(S)(Cc1ccccc1)C(=O)N[C@H]1CCc2ccccc2N(CC(=O)O)C1=O,,,CHEMBL1152108,Bioorg Med Chem Lett,1994,"{'bei': '16.33', 'le': '0.32', 'lle': '4.27', 'sei': '7.77'}",CHEMBL48534,,CHEMBL48534,6.74,0,http://www.openphacts.org/units/Nanomolar,86508,=,1,1,=,,IC50,nM,,183.0,CHEMBL1808,Homo sapiens,Angiotensin-converting enzyme,9606,,,I50,nM,UO_0000065,,183.0
,,829694,[],CHEMBL644735,"Inhibition of Angiotensin I converting enzyme from pig renal cortex, hippuryl-histidyl-leucine as substrate",B,,,BAO_0000190,BAO_0000019,assay format,CCCCN1C[C@@H](C(=O)O)N(C(=O)[C@H](C)N[C@@H](CCc2ccccc2)C(=O)O)C1=O,,,CHEMBL1124381,J Med Chem,1989,"{'bei': '19.49', 'le': '0.37', 'lle': '6.60', 'sei': '6.42'}",CHEMBL317304,,CHEMBL317304,8.17,0,http://www.openphacts.org/units/Nanomolar,187316,=,1,1,=,,IC50,nM,,6.7,CHEMBL1808,Homo sapiens,Angiotensin-converting enzyme,9606,,,IC50,M,UO_0000065,,6.7E-9
,,830006,[],CHEMBL644576,Compound is evaluated for the inhibition of porcine plasma Angiotensin I converting enzyme,B,,,BAO_0000190,BAO_0000366,cell-free format,O=C(N[C@@H](Cc1ccccc1)C(=O)CCC(=O)N1CCC[C@H]1C(=O)O)c1ccccc1,,,CHEMBL1121370,J Med Chem,1980,"{'bei': '16.94', 'le': '0.32', 'lle': '4.70', 'sei': '6.89'}",CHEMBL435360,,CHEMBL435360,7.16,0,http://www.openphacts.org/units/Nanomolar,45077,=,1,1,=,,IC50,nM,,70.0,CHEMBL1808,Homo sapiens,Angiotensin-converting enzyme,9606,,,I 50,uM,UO_0000065,,0.07
,,830441,[],CHEMBL644708,Inhibition against ACE.,B,,,BAO_0000190,BAO_0000357,single protein format,CC(C)C[C@H](N)C(=O)N[C@@H](C)C(=O)N1CCC[C@@H]1C(=O)O,,,CHEMBL1127412,J Med Chem,1994,"{'bei': '18.83', 'le': '0.37', 'lle': '5.70', 'sei': '5.00'}",CHEMBL340119,,CHEMBL340119,5.64,0,http://www.openphacts.org/units/Nanomolar,247659,=,1,1,=,,IC50,nM,,2300.0,CHEMBL1808,Homo sapiens,Angiotensin-converting enzyme,9606,,,IC50,nM,UO_0000065,,2300.0
,,830916,[],CHEMBL644735,"Inhibition of Angiotensin I converting enzyme from pig renal cortex, hippuryl-histidyl-leucine as substrate",B,,,BAO_0000190,BAO_0000019,assay format,CCCCCCCC[C@H](N[C@@H](CC)C(=O)N1C(=O)N(C)C[C@H]1C(=O)O)C(=O)O,,,CHEMBL1124381,J Med Chem,1989,"{'bei': '21.58', 'le': '0.42', 'lle': '6.71', 'sei': '6.77'}",CHEMBL100063,,CHEMBL100063,8.62,0,http://www.openphacts.org/units/Nanomolar,187319,=,1,1,=,,IC50,nM,,2.4,CHEMBL1808,Homo sapiens,Angiotensin-converting enzyme,9606,,,IC50,M,UO_0000065,,2.4E-9
,,831308,[],CHEMBL644576,Compound is evaluated for the inhibition of porcine plasma Angiotensin I converting enzyme,B,,,BAO_0000190,BAO_0000366,cell-free format,Cc1ccc(S(=O)(=O)N[C@@H](Cc2ccccc2)C(=O)NCC(=O)N2CCC[C@H]2C(=O)O)cc1,,,CHEMBL1121370,J Med Chem,1980,"{'bei': '8.81', 'le': '0.17', 'lle': '3.09', 'sei': '3.14'}",CHEMBL29031,,CHEMBL29031,4.17,0,http://www.openphacts.org/units/Nanomolar,45078,=,1,1,=,,IC50,nM,,67000.0,CHEMBL1808,Homo sapiens,Angiotensin-converting enzyme,9606,,,I 50,uM,UO_0000065,,67.0
,,831685,[],CHEMBL884037,Tested for inhibitory potency against Angiotensin I Converting Enzyme,B,,,BAO_0000190,BAO_0000357,single protein format,CC(NC(=O)C(Cc1ccccc1)CC(S)c1ccccc1)C(=O)O,,,CHEMBL1127546,J Med Chem,1994,"{'bei': '15.26', 'le': '0.30', 'lle': '1.96', 'sei': '8.22'}",CHEMBL54942,,CHEMBL54942,5.46,0,http://www.openphacts.org/units/Nanomolar,93319,=,1,1,=,,IC50,nM,,3500.0,CHEMBL1808,Homo sapiens,Angiotensin-converting enzyme,9606,,,IC50,uM,UO_0000065,,3.5
,,833164,[],CHEMBL644735,"Inhibition of Angiotensin I converting enzyme from pig renal cortex, hippuryl-histidyl-leucine as substrate",B,,,BAO_0000190,BAO_0000019,assay format,C[C@H](N)C(=O)N1CCC[C@H]1C(=O)O,Outside typical range,"Values for this activity type are unusually large/small, so may not be accurate",CHEMBL1124381,J Med Chem,1989,,CHEMBL414828,,CHEMBL414828,,0,http://www.openphacts.org/units/Nanomolar,187313,=,1,1,=,,IC50,nM,,110000.0,CHEMBL1808,Homo sapiens,Angiotensin-converting enzyme,9606,,,IC50,M,UO_0000065,,0.00011
,,833928,[],CHEMBL646968,Tested for inhibitory potency against Angiotensin I Converting Enzyme,B,,,BAO_0000190,BAO_0000357,single protein format,CCC(C)C(CC(S)CCc1ccccc1)C(=O)NC(Cc1ccc(O)cc1)C(=O)O,,,CHEMBL1127546,J Med Chem,1994,"{'bei': '12.48', 'le': '0.24', 'lle': '1.05', 'sei': '6.39'}",CHEMBL54823,,CHEMBL54823,5.54,0,http://www.openphacts.org/units/Nanomolar,93307,=,1,1,=,,IC50,nM,,2900.0,CHEMBL1808,Homo sapiens,Angiotensin-converting enzyme,9606,,,IC50,uM,UO_0000065,,2.9
